id,price,location,loc_n,lat,long,area,bedrooms,resale,pool,gym,clubhouse,security,backup,car_parking,lift,vaastu
0,6968000.0,Nizampet,nizampet,17.515834368956,78.38332726613078,1340.0,2.0,0.0,1.0,1.0,1.0,1.0,1.0,1.0,1.0,1.0
1,29000000.0,Hitech City,hitechcity,17.45333259937053,78.37437407077309,3498.0,4.0,0.0,1.0,1.0,1.0,1.0,1.0,1.0,1.0,1.0
2,6590000.0,Manikonda,manikonda,17.404881913358253,78.37812983145022,1318.0,2.0,0.0,0.0,1.0,0.0,0.0,0.0,0.0,0.0,0.0
3,5739000.0,Alwal,alwal,17.500221878894795,78.5029576694876,1295.0,3.0,1.0,0.0,0.0,0.0,0.0,1.0,0.0,1.0,0.0
4,5679000.0,Kukatpally,kukatpally,17.492910498045475,78.39886107029278,1145.0,2.0,0.0,0.0,0.0,0.0,0.0,1.0,1.0,1.0,0.0
5,6099000.0,Nizampet,nizampet,17.515834368956,78.38332726613078,1230.0,2.0,0.0,0.0,0.0,0.0,0.0,1.0,0.0,1.0,0.0
6,7000000.0,Manikonda,manikonda,17.404881913358253,78.37812983145022,1350.0,2.0,0.0,0.0,0.0,0.0,0.0,0.0,0.0,1.0,0.0
7,4198000.0,Gachibowli,gachibowli,17.43818620463587,78.35192198714175,1400.0,3.0,0.0,1.0,1.0,1.0,0.0,1.0,0.0,1.0,0.0
8,9900000.0,Tellapur,tellapur,17.460288438271743,78.29110116751885,2240.0,3.0,0.0,1.0,1.0,1.0,1.0,1.0,0.0,0.0,0.0
9,9800000.0,Gachibowli,gachibowli,17.43818620463587,78.35192198714175,1520.0,2.0,1.0,0.0,0.0,0.0,0.0,1.0,0.0,1.0,0.0
10,8903000.0,Kokapet,kokapet,17.39378245928407,78.33970720299747,1535.0,3.0,0.0,1.0,1.0,1.0,1.0,1.0,1.0,1.0,1.0
11,6300000.0,Other localities,Other,17.50030578974761,78.38290121139761,1150.0,2.0,0.0,0.0,0.0,0.0,0.0,1.0,0.0,1.0,0.0
12,6300000.0,Other localities,Other,17.39081597306389,78.43542276012023,1285.0,2.0,0.0,0.0,0.0,0.0,0.0,1.0,0.0,1.0,0.0
13,9000000.0,Tellapur,tellapur,17.460288438271743,78.29110116751885,1897.0,3.0,1.0,1.0,1.0,1.0,1.0,1.0,1.0,1.0,1.0
14,11100000.0,Narsingi,narsingi,17.389011135333806,78.35934516389472,1725.0,3.0,0.0,1.0,1.0,1.0,1.0,1.0,1.0,1.0,1.0
15,11500000.0,Other localities,Other,17.422396189571867,78.344593041929,1665.0,3.0,1.0,0.0,0.0,0.0,0.0,1.0,0.0,1.0,0.0
16,10900000.0,Kukatpally,kukatpally,17.492910498045475,78.39886107029278,1592.0,3.0,0.0,1.0,1.0,1.0,0.0,0.0,0.0,1.0,0.0
17,8625000.0,Madhapur,madhapur,17.447815297983848,78.39084241875916,1150.0,2.0,0.0,0.0,0.0,0.0,0.0,1.0,0.0,1.0,0.0
18,9900000.0,Tellapur,tellapur,17.460288438271743,78.29110116751885,2240.0,3.0,0.0,1.0,1.0,1.0,1.0,1.0,0.0,1.0,0.0
19,3900000.0,Puppalaguda,puppalaguda,17.398543308160374,78.37822984533346,1050.0,3.0,0.0,0.0,0.0,0.0,0.0,0.0,0.0,0.0,0.0
20,6968000.0,Nizampet,nizampet,17.515834368956,78.38332726613078,1340.0,2.0,0.0,1.0,1.0,1.0,1.0,1.0,1.0,1.0,1.0
21,29000000.0,Hitech City,hitechcity,17.45333259937053,78.37437407077309,3498.0,4.0,0.0,1.0,1.0,1.0,1.0,1.0,1.0,1.0,1.0
22,6590000.0,Manikonda,manikonda,17.404881913358253,78.37812983145022,1318.0,2.0,0.0,0.0,1.0,0.0,0.0,0.0,0.0,0.0,0.0
23,5739000.0,Alwal,alwal,17.500221878894795,78.5029576694876,1295.0,3.0,1.0,0.0,0.0,0.0,0.0,1.0,0.0,1.0,0.0
24,5679000.0,Kukatpally,kukatpally,17.492910498045475,78.39886107029278,1145.0,2.0,0.0,0.0,0.0,0.0,0.0,1.0,1.0,1.0,0.0
25,6099000.0,Nizampet,nizampet,17.515834368956,78.38332726613078,1230.0,2.0,0.0,0.0,0.0,0.0,0.0,1.0,0.0,1.0,0.0
26,7000000.0,Manikonda,manikonda,17.404881913358253,78.37812983145022,1350.0,2.0,0.0,0.0,0.0,0.0,0.0,0.0,0.0,1.0,0.0
27,4198000.0,Gachibowli,gachibowli,17.43818620463587,78.35192198714175,1400.0,3.0,0.0,1.0,1.0,1.0,0.0,1.0,0.0,1.0,0.0
28,9900000.0,Tellapur,tellapur,17.460288438271743,78.29110116751885,2240.0,3.0,0.0,1.0,1.0,1.0,1.0,1.0,0.0,0.0,0.0
29,9800000.0,Gachibowli,gachibowli,17.43818620463587,78.35192198714175,1520.0,2.0,1.0,0.0,0.0,0.0,0.0,1.0,0.0,1.0,0.0
30,8903000.0,Kokapet,kokapet,17.39378245928407,78.33970720299747,1535.0,3.0,0.0,1.0,1.0,1.0,1.0,1.0,1.0,1.0,1.0
31,6300000.0,Other localities,Other,17.50030578974761,78.38290121139761,1150.0,2.0,0.0,0.0,0.0,0.0,0.0,1.0,0.0,1.0,0.0
32,6300000.0,Other localities,Other,17.39081597306389,78.43542276012023,1285.0,2.0,0.0,0.0,0.0,0.0,0.0,1.0,0.0,1.0,0.0
33,9000000.0,Tellapur,tellapur,17.460288438271743,78.29110116751885,1897.0,3.0,1.0,1.0,1.0,1.0,1.0,1.0,1.0,1.0,1.0
34,11100000.0,Narsingi,narsingi,17.389011135333806,78.35934516389472,1725.0,3.0,0.0,1.0,1.0,1.0,1.0,1.0,1.0,1.0,1.0
35,11500000.0,Other localities,Other,17.422396189571867,78.344593041929,1665.0,3.0,1.0,0.0,0.0,0.0,0.0,1.0,0.0,1.0,0.0
36,10900000.0,Kukatpally,kukatpally,17.492910498045475,78.39886107029278,1592.0,3.0,0.0,1.0,1.0,1.0,0.0,0.0,0.0,1.0,0.0
37,8625000.0,Madhapur,madhapur,17.447815297983848,78.39084241875916,1150.0,2.0,0.0,0.0,0.0,0.0,0.0,1.0,0.0,1.0,0.0
38,9900000.0,Tellapur,tellapur,17.460288438271743,78.29110116751885,2240.0,3.0,0.0,1.0,1.0,1.0,1.0,1.0,0.0,1.0,0.0
39,3900000.0,Puppalaguda,puppalaguda,17.398543308160374,78.37822984533346,1050.0,3.0,0.0,0.0,0.0,0.0,0.0,0.0,0.0,0.0,0.0
40,7800000.0,Puppalaguda,puppalaguda,17.398543308160374,78.37822984533346,1735.0,3.0,0.0,0.0,0.0,0.0,0.0,1.0,0.0,1.0,0.0
41,19600000.0,Narsingi,narsingi,17.389011135333806,78.35934516389472,2800.0,3.0,0.0,1.0,0.0,1.0,0.0,1.0,0.0,1.0,0.0
42,6050000.0,Begumpet,begumpet,17.440835274566783,78.46346947189383,1050.0,2.0,1.0,0.0,0.0,0.0,0.0,1.0,0.0,1.0,0.0
43,6150000.0,Kukatpally,kukatpally,17.492910498045475,78.39886107029278,1230.0,2.0,0.0,1.0,1.0,1.0,0.0,1.0,0.0,1.0,0.0
44,5000000.0,Nizampet,nizampet,17.515834368956,78.38332726613078,1175.0,2.0,0.0,0.0,0.0,0.0,0.0,0.0,0.0,0.0,0.0
45,4760000.0,Nizampet,nizampet,17.515834368956,78.38332726613078,1190.0,2.0,0.0,0.0,0.0,0.0,0.0,0.0,0.0,0.0,0.0
46,30000000.0,Banjara Hills,banjarahills,17.415356872116416,78.43933349579677,2956.0,4.0,1.0,0.0,0.0,0.0,0.0,0.0,0.0,0.0,0.0
47,2500000.0,Other localities,Other,17.475350371266842,78.5509627444464,680.0,2.0,1.0,0.0,0.0,0.0,0.0,0.0,0.0,0.0,0.0
48,5900000.0,Pragathi Nagar,pragathinagarkukatpally,17.510961666666667,78.3961405,1350.0,2.0,0.0,1.0,0.0,0.0,0.0,1.0,0.0,1.0,0.0
49,9700000.0,Miyapur,miyapur,17.503473552989245,78.35121638270526,1970.0,3.0,1.0,1.0,1.0,1.0,0.0,1.0,0.0,1.0,0.0
50,4641000.0,Mallampet,mallampet,17.554356668027488,78.35349841623915,1105.0,2.0,0.0,0.0,1.0,1.0,0.0,1.0,0.0,1.0,0.0
51,16000000.0,Nanakramguda,nanakramguda,17.422396189571867,78.344593041929,2005.0,3.0,1.0,0.0,0.0,0.0,0.0,0.0,0.0,0.0,0.0
52,4641000.0,Mallampet,mallampet,17.554356668027488,78.35349841623915,1105.0,2.0,0.0,0.0,0.0,0.0,0.0,1.0,0.0,1.0,0.0
53,7500000.0,Attapur,attapur,17.366046499919246,78.42716799129866,1406.0,3.0,0.0,0.0,0.0,0.0,0.0,0.0,0.0,0.0,0.0
54,6140000.0,Alwal,alwal,17.500221878894795,78.5029576694876,1545.0,3.0,0.0,0.0,1.0,1.0,0.0,1.0,0.0,1.0,0.0
55,10500000.0,Nanakramguda,nanakramguda,17.422396189571867,78.344593041929,1495.0,3.0,0.0,1.0,1.0,1.0,1.0,1.0,1.0,1.0,1.0
56,7200000.0,West Marredpally,westmarredpally,17.45078209501182,78.50513277521213,1300.0,3.0,1.0,0.0,0.0,0.0,0.0,0.0,0.0,0.0,0.0
57,4600000.0,Nizampet,nizampet,17.515834368956,78.38332726613078,1200.0,2.0,0.0,1.0,1.0,1.0,0.0,1.0,0.0,1.0,0.0
58,10400000.0,Hitech City,hitechcity,17.45333259937053,78.37437407077309,1450.0,3.0,1.0,0.0,0.0,0.0,0.0,1.0,0.0,0.0,0.0
59,9500000.0,Banjara Hills,banjarahills,17.415356872116416,78.43933349579677,1450.0,3.0,1.0,0.0,0.0,0.0,0.0,1.0,0.0,0.0,0.0
60,9942000.0,Narsingi,narsingi,17.389011135333806,78.35934516389472,1912.0,3.0,0.0,0.0,1.0,0.0,0.0,1.0,1.0,1.0,0.0
61,9250000.0,Manikonda,manikonda,17.404881913358253,78.37812983145022,1850.0,3.0,0.0,0.0,0.0,0.0,0.0,1.0,0.0,1.0,0.0
62,4500000.0,Puppalaguda,puppalaguda,17.398543308160374,78.37822984533346,1300.0,3.0,0.0,0.0,0.0,0.0,0.0,1.0,0.0,1.0,0.0
63,9600000.0,Kompally,kompally,17.53598128028764,78.48216571304735,1674.0,3.0,1.0,1.0,1.0,0.0,1.0,0.0,1.0,1.0,0.0
64,8600000.0,Other localities,Other,17.43038818,78.44193104,1242.0,3.0,1.0,0.0,0.0,0.0,0.0,0.0,0.0,0.0,0.0
65,2700000.0,Other localities,Other,17.40592409113273,78.41422851974568,850.0,2.0,1.0,0.0,0.0,0.0,0.0,0.0,0.0,0.0,0.0
66,6600000.0,Other localities,Other,17.434209220535497,78.64448243289581,1895.0,3.0,1.0,1.0,1.0,1.0,1.0,1.0,1.0,1.0,1.0
67,8589000.0,Nagole,nagole,17.372849336759185,78.56486212860278,1636.0,3.0,0.0,0.0,0.0,1.0,1.0,1.0,1.0,1.0,1.0
68,5500000.0,Lbnagar,lbnagar,17.35158391547192,78.5535823129719,1076.0,2.0,1.0,0.0,0.0,0.0,0.0,0.0,0.0,0.0,0.0
69,3200000.0,Other localities,Other,17.320503116301136,78.5300840758919,1080.0,2.0,1.0,0.0,0.0,0.0,0.0,0.0,0.0,1.0,0.0
70,20500000.0,Other localities,Other,17.389113287023832,78.49385086343706,2100.0,3.0,1.0,0.0,0.0,0.0,0.0,1.0,0.0,1.0,0.0
71,6300000.0,Manikonda,manikonda,17.404881913358253,78.37812983145022,1265.0,2.0,0.0,0.0,0.0,0.0,0.0,0.0,0.0,0.0,0.0
72,6400000.0,Other localities,Other,17.402424084889383,78.45105142765695,1300.0,3.0,0.0,0.0,0.0,0.0,0.0,1.0,0.0,1.0,0.0
73,4988000.0,Miyapur,miyapur,17.503473552989245,78.35121638270526,1089.0,2.0,0.0,0.0,0.0,0.0,0.0,1.0,0.0,1.0,0.0
74,10500000.0,Kondapur,kondapur,17.464952556653586,78.35742606325269,1400.0,2.0,0.0,1.0,1.0,1.0,0.0,1.0,0.0,1.0,0.0
75,4300000.0,Other localities,Other,17.35576183265929,78.53159452703879,850.0,2.0,0.0,0.0,0.0,0.0,0.0,0.0,0.0,0.0,0.0
76,3900000.0,Nizampet,nizampet,17.515834368956,78.38332726613078,1100.0,2.0,0.0,0.0,0.0,0.0,0.0,0.0,0.0,0.0,0.0
77,5500000.0,Other localities,Other,17.413785301357024,78.55627957729939,1700.0,3.0,1.0,0.0,0.0,0.0,0.0,1.0,0.0,1.0,0.0
78,10300000.0,Tellapur,tellapur,17.460288438271743,78.29110116751885,2150.0,3.0,0.0,1.0,1.0,1.0,1.0,1.0,1.0,1.0,1.0
79,6600000.0,Mallapur,mallapur,17.439289181215653,78.57052023466042,1195.0,2.0,1.0,1.0,1.0,1.0,0.0,1.0,0.0,1.0,1.0
80,6500000.0,Miyapur,miyapur,17.503473552989245,78.35121638270526,1105.0,2.0,0.0,0.0,0.0,0.0,0.0,0.0,0.0,0.0,0.0
81,5784000.0,Manikonda,manikonda,17.404881913358253,78.37812983145022,1205.0,2.0,0.0,0.0,1.0,0.0,1.0,1.0,1.0,1.0,1.0
82,5500000.0,Other localities,Other,17.36207923287518,78.40747556516669,1250.0,3.0,0.0,0.0,0.0,0.0,0.0,0.0,0.0,1.0,0.0
83,6700000.0,Puppalaguda,puppalaguda,17.398543308160374,78.37822984533346,1340.0,2.0,0.0,1.0,1.0,1.0,0.0,1.0,1.0,1.0,0.0
84,3000000.0,Beeramguda,beeramguda,17.518769497302298,78.30204857007145,950.0,2.0,0.0,0.0,0.0,0.0,0.0,0.0,0.0,0.0,0.0
85,4700000.0,Other localities,Other,17.470072472490287,78.42941954809221,1100.0,2.0,0.0,0.0,0.0,0.0,0.0,1.0,0.0,1.0,0.0
86,15000000.0,Kondapur,kondapur,17.464952556653586,78.35742606325269,1908.0,3.0,0.0,0.0,0.0,0.0,0.0,0.0,0.0,0.0,0.0
87,7872000.0,Bachupally,bachupally,17.541673105765128,78.36649211721665,1675.0,3.0,0.0,1.0,1.0,1.0,1.0,1.0,0.0,1.0,1.0
88,7500000.0,Tolichowki,tolichowki,17.400576920967552,78.41095095845739,1420.0,3.0,0.0,0.0,0.0,0.0,0.0,0.0,0.0,0.0,0.0
89,8903000.0,Kokapet,kokapet,17.39378245928407,78.33970720299747,1535.0,3.0,0.0,1.0,1.0,1.0,1.0,1.0,1.0,1.0,1.0
90,3200000.0,Nanakramguda,nanakramguda,17.422396189571867,78.344593041929,910.0,2.0,0.0,1.0,1.0,1.0,0.0,0.0,0.0,1.0,0.0
91,5600000.0,Other localities,Other,17.4005199427992,78.46236156310994,1325.0,3.0,1.0,0.0,0.0,0.0,0.0,1.0,0.0,1.0,0.0
92,11000000.0,Tarnaka,tarnaka,17.428136635178678,78.53931921817022,1717.0,3.0,0.0,0.0,0.0,0.0,0.0,0.0,0.0,0.0,0.0
93,12000000.0,West Marredpally,westmarredpally,17.45078209501182,78.50513277521213,2400.0,3.0,1.0,0.0,0.0,0.0,0.0,0.0,0.0,0.0,0.0
94,6900000.0,Kondapur,kondapur,17.464952556653586,78.35742606325269,1150.0,2.0,0.0,0.0,0.0,0.0,0.0,1.0,0.0,1.0,0.0
95,3900000.0,Tolichowki,tolichowki,17.400576920967552,78.41095095845739,1000.0,3.0,0.0,0.0,0.0,0.0,0.0,0.0,0.0,0.0,0.0
96,3999000.0,Other localities,Other,17.54589755485709,78.29478253520176,1200.0,2.0,0.0,0.0,0.0,0.0,0.0,1.0,0.0,1.0,0.0
97,4460000.0,Pragathi Nagar,pragathinagarkukatpally,17.510961666666667,78.3961405,1040.0,2.0,0.0,0.0,0.0,0.0,0.0,1.0,0.0,1.0,0.0
98,7298999.0,Other localities,Other,17.482239444725955,78.36180867165479,1181.0,2.0,0.0,0.0,0.0,0.0,0.0,0.0,0.0,1.0,0.0
99,10500000.0,Kompally,kompally,17.53598128028764,78.48216571304735,2100.0,3.0,0.0,0.0,0.0,0.0,0.0,1.0,0.0,0.0,0.0
100,12000000.0,Shaikpet,shaikpet,17.406035256725136,78.39568502838843,1550.0,3.0,0.0,1.0,1.0,1.0,1.0,1.0,0.0,1.0,0.0
101,7700000.0,Other localities,Other,17.39306856539772,78.51820219185778,1280.0,3.0,0.0,0.0,0.0,0.0,0.0,0.0,0.0,1.0,0.0
102,12400000.0,Kokapet,kokapet,17.39378245928407,78.33970720299747,1945.0,3.0,0.0,0.0,0.0,0.0,0.0,0.0,0.0,0.0,0.0
103,28200000.0,Hitech City,hitechcity,17.45333259937053,78.37437407077309,3500.0,4.0,1.0,1.0,1.0,1.0,1.0,1.0,1.0,1.0,1.0
104,3700000.0,Nagole,nagole,17.372849336759185,78.56486212860278,1000.0,2.0,1.0,1.0,1.0,1.0,1.0,1.0,1.0,1.0,1.0
105,8000000.0,Miyapur,miyapur,17.503473552989245,78.35121638270526,1200.0,2.0,1.0,0.0,0.0,0.0,0.0,1.0,0.0,1.0,0.0
106,17700000.0,Gachibowli,gachibowli,17.43818620463587,78.35192198714175,2729.0,4.0,0.0,1.0,1.0,0.0,0.0,0.0,0.0,1.0,0.0
107,6998999.0,Other localities,Other,17.475350371266842,78.5509627444464,1500.0,3.0,0.0,0.0,0.0,0.0,0.0,1.0,0.0,1.0,0.0
108,19400000.0,Banjara Hills,banjarahills,17.415356872116416,78.43933349579677,2165.0,3.0,0.0,1.0,1.0,1.0,0.0,1.0,1.0,1.0,1.0
109,3000000.0,Other localities,Other,17.486508300593496,78.56780807245762,1050.0,2.0,1.0,0.0,0.0,0.0,0.0,1.0,0.0,1.0,0.0
110,2999000.0,Bachupally,bachupally,17.541673105765128,78.36649211721665,1150.0,2.0,0.0,0.0,0.0,0.0,0.0,0.0,0.0,1.0,0.0
111,8500000.0,West Marredpally,westmarredpally,17.45078209501182,78.50513277521213,1822.0,3.0,1.0,0.0,0.0,0.0,0.0,1.0,0.0,1.0,0.0
112,6500000.0,Puppalaguda,puppalaguda,17.398543308160374,78.37822984533346,1270.0,1.0,0.0,0.0,0.0,0.0,0.0,1.0,0.0,1.0,0.0
113,4500000.0,Other localities,Other,17.385,78.4867,1300.0,1.0,1.0,0.0,1.0,0.0,0.0,1.0,0.0,1.0,0.0
114,8500000.0,Other localities,Other,17.409887383465254,78.5440661847158,1600.0,3.0,1.0,0.0,0.0,0.0,0.0,0.0,0.0,1.0,0.0
115,14500000.0,Sanathnagar,sanathnagar,17.4540288893428,78.4431068242532,1818.0,3.0,1.0,1.0,1.0,1.0,1.0,1.0,1.0,1.0,1.0
116,8000000.0,Other localities,Other,17.34110364235751,78.37332937534313,1282.0,2.0,0.0,1.0,1.0,1.0,0.0,1.0,0.0,1.0,0.0
117,8600000.0,Manikonda,manikonda,17.404881913358253,78.37812983145022,1830.0,3.0,0.0,1.0,1.0,0.0,0.0,1.0,0.0,1.0,0.0
118,9073000.0,Kokapet,kokapet,17.39378245928407,78.33970720299747,1815.0,3.0,0.0,1.0,1.0,1.0,1.0,1.0,1.0,1.0,1.0
119,6700000.0,Puppalaguda,puppalaguda,17.398543308160374,78.37822984533346,1400.0,1.0,0.0,0.0,0.0,0.0,0.0,1.0,0.0,1.0,0.0
120,6344000.0,Nizampet,nizampet,17.515834368956,78.38332726613078,1220.0,2.0,0.0,1.0,1.0,1.0,1.0,1.0,1.0,1.0,1.0
121,8580000.0,Nizampet,nizampet,17.515834368956,78.38332726613078,1650.0,3.0,0.0,1.0,1.0,1.0,1.0,1.0,1.0,1.0,1.0
122,8736000.0,Nizampet,nizampet,17.515834368956,78.38332726613078,1680.0,3.0,0.0,1.0,1.0,1.0,1.0,1.0,1.0,1.0,1.0
123,8086000.0,Nizampet,nizampet,17.515834368956,78.38332726613078,1555.0,3.0,0.0,1.0,1.0,1.0,1.0,1.0,1.0,1.0,1.0
124,8762000.0,Nizampet,nizampet,17.515834368956,78.38332726613078,1685.0,3.0,0.0,1.0,1.0,1.0,1.0,1.0,1.0,1.0,1.0
125,7904000.0,Nizampet,nizampet,17.515834368956,78.38332726613078,1520.0,3.0,0.0,1.0,1.0,1.0,1.0,1.0,1.0,1.0,1.0
126,6370000.0,Nizampet,nizampet,17.515834368956,78.38332726613078,1225.0,2.0,0.0,1.0,1.0,1.0,1.0,1.0,1.0,1.0,1.0
127,9334000.0,Nizampet,nizampet,17.515834368956,78.38332726613078,1795.0,3.0,0.0,1.0,1.0,1.0,1.0,1.0,1.0,1.0,1.0
128,7462000.0,Nizampet,nizampet,17.515834368956,78.38332726613078,1435.0,2.0,0.0,1.0,1.0,1.0,1.0,1.0,1.0,1.0,1.0
129,7436000.0,Nizampet,nizampet,17.515834368956,78.38332726613078,1430.0,2.0,0.0,1.0,1.0,1.0,1.0,1.0,1.0,1.0,1.0
130,6578000.0,Nizampet,nizampet,17.515834368956,78.38332726613078,1265.0,2.0,0.0,1.0,1.0,1.0,1.0,1.0,1.0,1.0,1.0
131,10400000.0,Manikonda,manikonda,17.404881913358253,78.37812983145022,2080.0,3.0,0.0,1.0,1.0,0.0,1.0,1.0,1.0,1.0,1.0
132,10400000.0,Manikonda,manikonda,17.404881913358253,78.37812983145022,2092.0,3.0,0.0,1.0,1.0,0.0,1.0,1.0,1.0,1.0,1.0
133,6850000.0,Manikonda,manikonda,17.404881913358253,78.37812983145022,1370.0,2.0,0.0,1.0,1.0,0.0,1.0,1.0,1.0,1.0,1.0
134,11100000.0,Manikonda,manikonda,17.404881913358253,78.37812983145022,2232.0,3.0,0.0,1.0,1.0,0.0,1.0,1.0,1.0,1.0,1.0
135,10300000.0,Manikonda,manikonda,17.404881913358253,78.37812983145022,2063.0,3.0,0.0,1.0,1.0,0.0,1.0,1.0,1.0,1.0,1.0
136,7000000.0,Manikonda,manikonda,17.404881913358253,78.37812983145022,1400.0,2.0,0.0,1.0,1.0,0.0,1.0,1.0,1.0,1.0,1.0
137,9325000.0,Manikonda,manikonda,17.404881913358253,78.37812983145022,1865.0,3.0,0.0,1.0,1.0,0.0,1.0,1.0,1.0,1.0,1.0
138,11299999.0,Manikonda,manikonda,17.404881913358253,78.37812983145022,2270.0,3.0,0.0,1.0,1.0,0.0,1.0,1.0,1.0,1.0,1.0
139,9480000.0,Manikonda,manikonda,17.404881913358253,78.37812983145022,1896.0,3.0,0.0,1.0,1.0,0.0,1.0,1.0,1.0,1.0,1.0
140,25600000.0,Hitech City,hitechcity,17.45333259937053,78.37437407077309,3031.0,4.0,0.0,1.0,1.0,1.0,1.0,1.0,1.0,1.0,1.0
141,8510000.0,Manikonda,manikonda,17.404881913358253,78.37812983145022,1702.0,3.0,0.0,0.0,1.0,0.0,0.0,0.0,0.0,0.0,0.0
142,6750000.0,Manikonda,manikonda,17.404881913358253,78.37812983145022,1350.0,2.0,0.0,0.0,1.0,0.0,0.0,0.0,0.0,0.0,0.0
143,7625000.0,Manikonda,manikonda,17.404881913358253,78.37812983145022,1525.0,3.0,0.0,0.0,1.0,0.0,0.0,0.0,0.0,0.0,0.0
144,6125000.0,Manikonda,manikonda,17.404881913358253,78.37812983145022,1225.0,2.0,0.0,0.0,1.0,0.0,0.0,0.0,0.0,0.0,0.0
145,8640000.0,Manikonda,manikonda,17.404881913358253,78.37812983145022,1728.0,3.0,0.0,0.0,1.0,0.0,0.0,0.0,0.0,0.0,0.0
146,8625000.0,Manikonda,manikonda,17.404881913358253,78.37812983145022,1725.0,3.0,0.0,0.0,1.0,0.0,0.0,0.0,0.0,0.0,0.0
147,6500000.0,Manikonda,manikonda,17.404881913358253,78.37812983145022,1300.0,2.0,0.0,0.0,1.0,0.0,0.0,0.0,0.0,0.0,0.0
148,8000000.0,Manikonda,manikonda,17.404881913358253,78.37812983145022,1600.0,3.0,0.0,0.0,1.0,0.0,0.0,0.0,0.0,0.0,0.0
149,6000000.0,Manikonda,manikonda,17.404881913358253,78.37812983145022,1200.0,2.0,0.0,0.0,1.0,0.0,0.0,0.0,0.0,0.0,0.0
150,9900000.0,Other localities,Other,17.465236164896645,78.37133116459383,1640.0,3.0,1.0,0.0,0.0,0.0,0.0,1.0,0.0,1.0,0.0
151,8234999.0,Kompally,kompally,17.53598128028764,78.48216571304735,1830.0,3.0,0.0,0.0,0.0,0.0,0.0,1.0,0.0,1.0,0.0
152,8256999.0,Kompally,kompally,17.53598128028764,78.48216571304735,1835.0,3.0,0.0,0.0,0.0,0.0,0.0,1.0,0.0,1.0,0.0
153,7100000.0,Tellapur,tellapur,17.460288438271743,78.29110116751885,1570.0,3.0,0.0,1.0,1.0,1.0,1.0,1.0,0.0,0.0,0.0
154,9900000.0,Tellapur,tellapur,17.460288438271743,78.29110116751885,1570.0,3.0,0.0,1.0,1.0,1.0,1.0,1.0,0.0,0.0,0.0
155,9900000.0,Tellapur,tellapur,17.460288438271743,78.29110116751885,2240.0,3.0,0.0,1.0,1.0,1.0,1.0,1.0,0.0,1.0,0.0
156,9900000.0,Tellapur,tellapur,17.460288438271743,78.29110116751885,2240.0,3.0,0.0,1.0,1.0,1.0,1.0,1.0,0.0,0.0,0.0
157,16000000.0,Sanathnagar,sanathnagar,17.4540288893428,78.4431068242532,1895.0,3.0,0.0,1.0,1.0,1.0,0.0,1.0,1.0,1.0,1.0
158,8000000.0,Manikonda,manikonda,17.404881913358253,78.37812983145022,1600.0,3.0,1.0,0.0,0.0,0.0,0.0,0.0,0.0,0.0,0.0
159,5654000.0,Kukatpally,kukatpally,17.492910498045475,78.39886107029278,1140.0,2.0,0.0,0.0,0.0,0.0,0.0,1.0,1.0,1.0,0.0
160,5704000.0,Kukatpally,kukatpally,17.492910498045475,78.39886107029278,1150.0,2.0,0.0,0.0,0.0,0.0,0.0,1.0,1.0,1.0,0.0
161,7588000.0,Kukatpally,kukatpally,17.492910498045475,78.39886107029278,1530.0,3.0,0.0,0.0,0.0,0.0,0.0,1.0,1.0,1.0,0.0
162,5999000.0,Nizampet,nizampet,17.515834368956,78.38332726613078,1230.0,2.0,0.0,0.0,0.0,0.0,0.0,1.0,0.0,1.0,0.0
163,6000000.0,Manikonda,manikonda,17.404881913358253,78.37812983145022,1300.0,2.0,0.0,0.0,0.0,0.0,0.0,0.0,0.0,0.0,0.0
164,3148000.0,Gachibowli,gachibowli,17.43818620463587,78.35192198714175,1050.0,2.0,0.0,1.0,1.0,1.0,0.0,1.0,0.0,1.0,0.0
165,6325000.0,Gachibowli,gachibowli,17.43818620463587,78.35192198714175,1665.0,3.0,0.0,1.0,1.0,1.0,0.0,1.0,0.0,1.0,0.0
166,4748000.0,Gachibowli,gachibowli,17.43818620463587,78.35192198714175,1250.0,2.0,0.0,0.0,0.0,0.0,0.0,0.0,0.0,0.0,0.0
167,4748000.0,Gachibowli,gachibowli,17.43818620463587,78.35192198714175,1250.0,2.0,0.0,1.0,1.0,1.0,0.0,1.0,0.0,1.0,0.0
168,8168000.0,Gachibowli,gachibowli,17.43818620463587,78.35192198714175,1900.0,3.0,0.0,0.0,0.0,0.0,0.0,0.0,0.0,0.0,0.0
169,8168000.0,Gachibowli,gachibowli,17.43818620463587,78.35192198714175,1900.0,3.0,0.0,1.0,1.0,1.0,0.0,1.0,0.0,1.0,0.0
170,7802000.0,Gachibowli,gachibowli,17.43818620463587,78.35192198714175,1815.0,2.0,0.0,1.0,1.0,1.0,0.0,1.0,0.0,1.0,0.0
171,5373000.0,Gachibowli,gachibowli,17.43818620463587,78.35192198714175,1250.0,2.0,0.0,1.0,1.0,1.0,0.0,1.0,0.0,1.0,0.0
172,7400000.0,Other localities,Other,17.470072472490287,78.42941954809221,1530.0,3.0,0.0,0.0,0.0,0.0,0.0,1.0,0.0,1.0,0.0
173,7400000.0,Balanagar,balanagar,17.47485623141029,78.45058711838686,1530.0,3.0,0.0,0.0,0.0,0.0,0.0,1.0,0.0,1.0,0.0
174,8903000.0,Kokapet,kokapet,17.39378245928407,78.33970720299747,1535.0,3.0,0.0,1.0,1.0,1.0,1.0,1.0,1.0,1.0,1.0
175,20200000.0,Kokapet,kokapet,17.39378245928407,78.33970720299747,3380.0,4.0,0.0,1.0,1.0,1.0,1.0,1.0,1.0,1.0,1.0
176,20200000.0,Kokapet,kokapet,17.39378245928407,78.33970720299747,3380.0,4.0,0.0,1.0,1.0,1.0,1.0,1.0,1.0,1.0,1.0
177,10800000.0,Kokapet,kokapet,17.39378245928407,78.33970720299747,1875.0,3.0,0.0,1.0,1.0,1.0,1.0,1.0,1.0,1.0,1.0
178,10800000.0,Kokapet,kokapet,17.39378245928407,78.33970720299747,1875.0,3.0,0.0,1.0,1.0,1.0,1.0,1.0,1.0,1.0,1.0
179,15200000.0,Kokapet,kokapet,17.39378245928407,78.33970720299747,2540.0,3.0,0.0,1.0,1.0,1.0,1.0,1.0,1.0,1.0,1.0
180,15200000.0,Kokapet,kokapet,17.39378245928407,78.33970720299747,2540.0,3.0,0.0,1.0,1.0,1.0,1.0,1.0,1.0,1.0,1.0
181,15200000.0,Kokapet,kokapet,17.39378245928407,78.33970720299747,2630.0,4.0,0.0,1.0,1.0,1.0,1.0,1.0,1.0,1.0,1.0
182,15200000.0,Kokapet,kokapet,17.39378245928407,78.33970720299747,2630.0,4.0,0.0,1.0,1.0,1.0,1.0,1.0,1.0,1.0,1.0
183,47200000.0,Jubilee Hills,jubileehills,17.4321415472508,78.41327145544938,4500.0,4.0,1.0,0.0,0.0,0.0,0.0,0.0,0.0,0.0,0.0
184,21500000.0,Kokapet,kokapet,17.39378245928407,78.33970720299747,3380.0,4.0,1.0,1.0,1.0,1.0,1.0,1.0,1.0,1.0,1.0
185,12000000.0,Manikonda,manikonda,17.404881913358253,78.37812983145022,2700.0,3.0,0.0,0.0,0.0,0.0,0.0,1.0,0.0,1.0,0.0
186,10000000.0,Tellapur,tellapur,17.460288438271743,78.29110116751885,1792.0,3.0,1.0,1.0,1.0,1.0,1.0,1.0,1.0,1.0,1.0
187,9500000.0,Tellapur,tellapur,17.460288438271743,78.29110116751885,1673.0,3.0,1.0,1.0,1.0,1.0,1.0,1.0,1.0,1.0,1.0
188,10700000.0,Narsingi,narsingi,17.389011135333806,78.35934516389472,1665.0,3.0,0.0,1.0,1.0,1.0,1.0,1.0,1.0,1.0,1.0
189,10700000.0,Narsingi,narsingi,17.389011135333806,78.35934516389472,1640.0,3.0,0.0,1.0,1.0,1.0,1.0,1.0,1.0,1.0,1.0
190,10700000.0,Narsingi,narsingi,17.389011135333806,78.35934516389472,1640.0,3.0,0.0,1.0,1.0,1.0,1.0,1.0,1.0,1.0,1.0
191,11500000.0,Other localities,Other,17.420216135723376,78.38440177925642,1665.0,3.0,1.0,0.0,0.0,0.0,0.0,1.0,0.0,1.0,0.0
192,17000000.0,Banjara Hills,banjarahills,17.415356872116416,78.43933349579677,2200.0,3.0,1.0,0.0,0.0,0.0,0.0,0.0,0.0,0.0,0.0
193,4000000.0,Pragathi Nagar,pragathinagarkukatpally,17.510961666666667,78.3961405,1170.0,2.0,0.0,0.0,0.0,0.0,0.0,0.0,0.0,0.0,0.0
194,4000000.0,Pragathi Nagar,pragathinagarkukatpally,17.510961666666667,78.3961405,1170.0,2.0,0.0,0.0,0.0,0.0,0.0,0.0,0.0,0.0,0.0
195,8500000.0,Banjara Hills,banjarahills,17.415356872116416,78.43933349579677,1600.0,4.0,1.0,0.0,0.0,0.0,0.0,1.0,0.0,1.0,0.0
196,8600000.0,Miyapur,miyapur,17.503473552989245,78.35121638270526,1644.0,3.0,0.0,0.0,0.0,0.0,0.0,0.0,0.0,0.0,0.0
197,8599000.0,Miyapur,miyapur,17.503473552989245,78.35121638270526,1644.0,3.0,0.0,0.0,0.0,0.0,0.0,0.0,0.0,0.0,0.0
198,8898000.0,Miyapur,miyapur,17.503473552989245,78.35121638270526,1687.0,3.0,0.0,0.0,0.0,0.0,0.0,0.0,0.0,0.0,0.0
199,8599000.0,Miyapur,miyapur,17.503473552989245,78.35121638270526,1650.0,3.0,0.0,0.0,0.0,0.0,0.0,0.0,0.0,0.0,0.0
200,8298999.0,Miyapur,miyapur,17.503473552989245,78.35121638270526,1554.0,3.0,0.0,0.0,0.0,0.0,0.0,0.0,0.0,0.0,0.0
201,8598000.0,Miyapur,miyapur,17.503473552989245,78.35121638270526,1684.0,3.0,0.0,0.0,0.0,0.0,0.0,0.0,0.0,0.0,0.0
202,8898000.0,Miyapur,miyapur,17.503473552989245,78.35121638270526,1650.0,3.0,0.0,0.0,0.0,0.0,0.0,0.0,0.0,0.0,0.0
203,4200000.0,Other localities,Other,17.38772643148038,78.44442125575355,970.0,2.0,0.0,0.0,0.0,0.0,0.0,0.0,0.0,0.0,0.0
204,4200000.0,Other localities,Other,17.38772643148038,78.44442125575355,970.0,2.0,0.0,0.0,0.0,0.0,0.0,0.0,0.0,0.0,0.0
205,10000000.0,Tellapur,tellapur,17.460288438271743,78.29110116751885,2240.0,3.0,1.0,1.0,1.0,1.0,1.0,1.0,0.0,1.0,0.0
206,3900000.0,Puppalaguda,puppalaguda,17.398543308160374,78.37822984533346,1050.0,3.0,0.0,0.0,0.0,0.0,0.0,0.0,0.0,0.0,0.0
207,10000000.0,Tellapur,tellapur,17.460288438271743,78.29110116751885,2240.0,3.0,0.0,1.0,1.0,1.0,0.0,1.0,0.0,1.0,0.0
208,9900000.0,Tellapur,tellapur,17.460288438271743,78.29110116751885,2240.0,3.0,0.0,1.0,1.0,1.0,1.0,1.0,0.0,1.0,0.0
209,4760000.0,Nizampet,nizampet,17.515834368956,78.38332726613078,1190.0,2.0,0.0,0.0,0.0,0.0,0.0,0.0,0.0,0.0,0.0
210,4400000.0,Nizampet,nizampet,17.515834368956,78.38332726613078,1100.0,2.0,0.0,0.0,0.0,0.0,0.0,0.0,0.0,0.0,0.0
211,7840000.0,Chandanagar,chandanagar,17.49522201744739,78.32650600129999,1600.0,3.0,0.0,0.0,0.0,0.0,0.0,1.0,0.0,1.0,0.0
212,4760000.0,Nizampet,nizampet,17.515834368956,78.38332726613078,1190.0,2.0,0.0,0.0,0.0,0.0,0.0,0.0,0.0,0.0,0.0
213,4400000.0,Nizampet,nizampet,17.515834368956,78.38332726613078,1100.0,2.0,0.0,0.0,0.0,0.0,0.0,0.0,0.0,0.0,0.0
214,8600000.0,Hitech City,hitechcity,17.45333259937053,78.37437407077309,1150.0,2.0,0.0,0.0,0.0,0.0,0.0,1.0,0.0,1.0,0.0
215,6800000.0,Manikonda,manikonda,17.404881913358253,78.37812983145022,1415.0,3.0,0.0,0.0,1.0,0.0,0.0,1.0,0.0,1.0,0.0
216,18500000.0,Banjara Hills,banjarahills,17.415356872116416,78.43933349579677,1980.0,3.0,0.0,0.0,0.0,0.0,0.0,0.0,0.0,0.0,0.0
217,4400000.0,Nizampet,nizampet,17.515834368956,78.38332726613078,1100.0,2.0,0.0,0.0,0.0,0.0,0.0,0.0,0.0,0.0,0.0
218,4760000.0,Nizampet,nizampet,17.515834368956,78.38332726613078,1190.0,2.0,0.0,0.0,0.0,0.0,0.0,0.0,0.0,0.0,0.0
219,4400000.0,Nizampet,nizampet,17.515834368956,78.38332726613078,1100.0,2.0,0.0,0.0,0.0,0.0,0.0,0.0,0.0,0.0,0.0
220,7840000.0,Chandanagar,chandanagar,17.49522201744739,78.32650600129999,1600.0,3.0,0.0,0.0,0.0,0.0,0.0,1.0,0.0,1.0,0.0
221,4760000.0,Nizampet,nizampet,17.515834368956,78.38332726613078,1190.0,2.0,0.0,0.0,0.0,0.0,0.0,0.0,0.0,0.0,0.0
222,4400000.0,Nizampet,nizampet,17.515834368956,78.38332726613078,1100.0,2.0,0.0,0.0,0.0,0.0,0.0,0.0,0.0,0.0,0.0
223,8600000.0,Hitech City,hitechcity,17.45333259937053,78.37437407077309,1150.0,2.0,0.0,0.0,0.0,0.0,0.0,1.0,0.0,1.0,0.0
224,5880000.0,Chandanagar,chandanagar,17.49522201744739,78.32650600129999,1200.0,2.0,0.0,0.0,0.0,0.0,0.0,1.0,0.0,1.0,0.0
225,4400000.0,Nizampet,nizampet,17.515834368956,78.38332726613078,1100.0,2.0,0.0,0.0,0.0,0.0,0.0,0.0,0.0,0.0,0.0
226,4760000.0,Nizampet,nizampet,17.515834368956,78.38332726613078,1190.0,2.0,0.0,0.0,0.0,0.0,0.0,0.0,0.0,0.0,0.0
227,4760000.0,Nizampet,nizampet,17.515834368956,78.38332726613078,1190.0,2.0,0.0,0.0,0.0,0.0,0.0,0.0,0.0,0.0,0.0
228,4760000.0,Nizampet,nizampet,17.515834368956,78.38332726613078,1190.0,2.0,0.0,0.0,0.0,0.0,0.0,0.0,0.0,0.0,0.0
229,4400000.0,Nizampet,nizampet,17.515834368956,78.38332726613078,1100.0,2.0,0.0,0.0,0.0,0.0,0.0,0.0,0.0,0.0,0.0
230,4760000.0,Nizampet,nizampet,17.515834368956,78.38332726613078,1190.0,2.0,0.0,0.0,0.0,0.0,0.0,0.0,0.0,0.0,0.0
231,4760000.0,Nizampet,nizampet,17.515834368956,78.38332726613078,1190.0,2.0,0.0,0.0,0.0,0.0,0.0,0.0,0.0,0.0,0.0
232,4760000.0,Nizampet,nizampet,17.515834368956,78.38332726613078,1190.0,2.0,0.0,0.0,0.0,0.0,0.0,0.0,0.0,0.0,0.0
233,9906000.0,Kukatpally,kukatpally,17.492910498045475,78.39886107029278,1905.0,3.0,0.0,1.0,1.0,1.0,1.0,1.0,1.0,1.0,1.0
234,10000000.0,Kukatpally,kukatpally,17.492910498045475,78.39886107029278,1925.0,3.0,0.0,1.0,1.0,1.0,1.0,1.0,1.0,1.0,1.0
235,6187000.0,Other localities,Other,17.413785301357024,78.55627957729939,1482.0,3.0,0.0,1.0,1.0,1.0,0.0,1.0,0.0,1.0,0.0
236,3800000.0,Nizampet,nizampet,17.515834368956,78.38332726613078,1100.0,2.0,0.0,0.0,1.0,0.0,0.0,1.0,0.0,1.0,0.0
237,11500000.0,Eastmarredpally,eastmarredpally,17.446890707880414,78.5137535050642,1800.0,3.0,0.0,0.0,0.0,0.0,0.0,0.0,0.0,0.0,0.0
238,12000000.0,Eastmarredpally,eastmarredpally,17.446890707880414,78.5137535050642,1800.0,3.0,0.0,0.0,0.0,0.0,0.0,0.0,0.0,0.0,0.0
239,4641000.0,Mallampet,mallampet,17.554356668027488,78.35349841623915,1105.0,2.0,0.0,0.0,0.0,0.0,0.0,1.0,0.0,1.0,0.0
240,4641000.0,Mallampet,mallampet,17.554356668027488,78.35349841623915,1105.0,2.0,0.0,0.0,0.0,0.0,0.0,1.0,0.0,1.0,0.0
241,4641000.0,Mallampet,mallampet,17.554356668027488,78.35349841623915,1105.0,2.0,0.0,0.0,1.0,1.0,0.0,1.0,0.0,1.0,0.0
242,18500000.0,Banjara Hills,banjarahills,17.415356872116416,78.43933349579677,1980.0,3.0,0.0,0.0,0.0,0.0,0.0,0.0,0.0,0.0,0.0
243,8600000.0,Hitech City,hitechcity,17.45333259937053,78.37437407077309,1150.0,2.0,0.0,0.0,0.0,0.0,0.0,1.0,0.0,1.0,0.0
244,6800000.0,Manikonda,manikonda,17.404881913358253,78.37812983145022,1415.0,3.0,0.0,0.0,1.0,0.0,0.0,1.0,0.0,1.0,0.0
245,11100000.0,Kukatpally,kukatpally,17.492910498045475,78.39886107029278,1730.0,3.0,0.0,0.0,0.0,0.0,0.0,0.0,0.0,0.0,0.0
246,4400000.0,Aminpur,aminpur,17.52735,78.3246769,1100.0,2.0,0.0,0.0,1.0,1.0,0.0,1.0,0.0,1.0,0.0
247,4400000.0,Aminpur,aminpur,17.52735,78.3246769,1100.0,2.0,0.0,0.0,1.0,1.0,0.0,1.0,0.0,1.0,0.0
248,4400000.0,Aminpur,aminpur,17.52735,78.3246769,1100.0,2.0,0.0,0.0,0.0,1.0,0.0,1.0,0.0,1.0,0.0
249,4400000.0,Aminpur,aminpur,17.52735,78.3246769,1100.0,2.0,0.0,0.0,0.0,1.0,0.0,1.0,0.0,1.0,0.0
250,4400000.0,Aminpur,aminpur,17.52735,78.3246769,1100.0,2.0,0.0,0.0,1.0,1.0,0.0,1.0,0.0,1.0,0.0
251,4400000.0,Aminpur,aminpur,17.52735,78.3246769,1100.0,2.0,0.0,0.0,0.0,1.0,0.0,1.0,0.0,1.0,0.0
252,4400000.0,Aminpur,aminpur,17.52735,78.3246769,1100.0,2.0,0.0,0.0,0.0,1.0,0.0,1.0,0.0,1.0,0.0
253,4400000.0,Aminpur,aminpur,17.52735,78.3246769,1100.0,2.0,0.0,0.0,1.0,1.0,0.0,1.0,0.0,1.0,0.0
254,4400000.0,Aminpur,aminpur,17.52735,78.3246769,1100.0,2.0,0.0,0.0,0.0,1.0,0.0,1.0,0.0,1.0,0.0
255,4400000.0,Aminpur,aminpur,17.52735,78.3246769,1100.0,2.0,0.0,0.0,0.0,1.0,0.0,1.0,0.0,1.0,0.0
256,4641000.0,Mallampet,mallampet,17.554356668027488,78.35349841623915,1105.0,2.0,0.0,0.0,1.0,1.0,0.0,1.0,0.0,1.0,0.0
257,4400000.0,Aminpur,aminpur,17.52735,78.3246769,1100.0,2.0,0.0,0.0,0.0,1.0,0.0,1.0,0.0,1.0,0.0
258,4641000.0,Mallampet,mallampet,17.554356668027488,78.35349841623915,1105.0,2.0,0.0,0.0,1.0,1.0,0.0,1.0,0.0,1.0,0.0
259,4641000.0,Mallampet,mallampet,17.554356668027488,78.35349841623915,1105.0,2.0,0.0,0.0,1.0,1.0,0.0,1.0,0.0,1.0,0.0
260,4641000.0,Mallampet,mallampet,17.554356668027488,78.35349841623915,1105.0,2.0,0.0,0.0,1.0,1.0,0.0,1.0,0.0,1.0,0.0
261,4641000.0,Mallampet,mallampet,17.554356668027488,78.35349841623915,1105.0,2.0,0.0,0.0,1.0,1.0,0.0,1.0,0.0,1.0,0.0
262,4641000.0,Mallampet,mallampet,17.554356668027488,78.35349841623915,1105.0,2.0,0.0,0.0,1.0,1.0,0.0,1.0,0.0,1.0,0.0
263,7847000.0,Kondapur,kondapur,17.464952556653586,78.35742606325269,1165.0,2.0,0.0,1.0,1.0,1.0,1.0,1.0,1.0,1.0,1.0
264,4400000.0,Aminpur,aminpur,17.52735,78.3246769,1100.0,2.0,0.0,0.0,0.0,0.0,0.0,1.0,0.0,1.0,0.0
265,10000000.0,Kondapur,kondapur,17.464952556653586,78.35742606325269,1535.0,3.0,0.0,1.0,1.0,1.0,1.0,1.0,1.0,1.0,1.0
266,4400000.0,Aminpur,aminpur,17.52735,78.3246769,1110.0,2.0,0.0,0.0,0.0,1.0,0.0,1.0,0.0,1.0,0.0
267,4641000.0,Mallampet,mallampet,17.554356668027488,78.35349841623915,1105.0,2.0,0.0,0.0,1.0,1.0,0.0,1.0,0.0,1.0,0.0
268,9900000.0,Tellapur,tellapur,17.460288438271743,78.29110116751885,2240.0,3.0,0.0,1.0,1.0,1.0,1.0,1.0,0.0,1.0,0.0
269,6500000.0,Manikonda,manikonda,17.404881913358253,78.37812983145022,1278.0,2.0,0.0,0.0,1.0,0.0,0.0,1.0,0.0,1.0,0.0
270,7500000.0,Attapur,attapur,17.366046499919246,78.42716799129866,1406.0,3.0,0.0,0.0,0.0,0.0,0.0,1.0,0.0,1.0,0.0
271,6500000.0,Mallapur,mallapur,17.439289181215653,78.57052023466042,1190.0,2.0,0.0,1.0,1.0,1.0,0.0,1.0,0.0,1.0,1.0
272,5300000.0,Pragathi Nagar,pragathinagarkukatpally,17.510961666666667,78.3961405,1215.0,2.0,0.0,0.0,0.0,0.0,0.0,1.0,0.0,1.0,0.0
273,4641000.0,Mallampet,mallampet,17.554356668027488,78.35349841623915,1105.0,2.0,0.0,0.0,0.0,0.0,0.0,1.0,0.0,1.0,0.0
274,8600000.0,Hitech City,hitechcity,17.45333259937053,78.37437407077309,1150.0,2.0,0.0,0.0,0.0,0.0,0.0,1.0,0.0,1.0,0.0
275,4641000.0,Mallampet,mallampet,17.554356668027488,78.35349841623915,1105.0,2.0,0.0,0.0,1.0,1.0,0.0,1.0,0.0,1.0,0.0
276,4641000.0,Mallampet,mallampet,17.554356668027488,78.35349841623915,1105.0,2.0,0.0,0.0,1.0,1.0,0.0,1.0,0.0,1.0,0.0
277,10700000.0,Kondapur,kondapur,17.464952556653586,78.35742606325269,1770.0,3.0,0.0,1.0,1.0,1.0,1.0,1.0,1.0,1.0,1.0
278,4840000.0,Alwal,alwal,17.500221878894795,78.5029576694876,1210.0,2.0,0.0,0.0,1.0,1.0,0.0,1.0,0.0,1.0,0.0
279,4542000.0,Gajularamaram,gajularamaram,17.526992791546135,78.41939042820735,1010.0,2.0,0.0,0.0,0.0,0.0,0.0,0.0,0.0,0.0,0.0
280,8100000.0,Serilingampally,serilingampally,17.477587205115576,78.32105761867258,1620.0,3.0,0.0,0.0,0.0,0.0,0.0,1.0,0.0,1.0,0.0
281,6931000.0,Gajularamaram,gajularamaram,17.526992791546135,78.41939042820735,1555.0,3.0,0.0,1.0,1.0,0.0,0.0,1.0,0.0,1.0,0.0
282,7098999.0,Kukatpally,kukatpally,17.492910498045475,78.39886107029278,1190.0,2.0,0.0,0.0,0.0,0.0,0.0,1.0,0.0,1.0,0.0
283,11100000.0,Kukatpally,kukatpally,17.492910498045475,78.39886107029278,1730.0,3.0,0.0,0.0,0.0,0.0,0.0,1.0,0.0,1.0,0.0
284,7240000.0,Kondapur,kondapur,17.464952556653586,78.35742606325269,1165.0,2.0,0.0,1.0,1.0,1.0,1.0,1.0,1.0,1.0,1.0
285,10000000.0,Eastmarredpally,eastmarredpally,17.446890707880414,78.5137535050642,1670.0,3.0,0.0,0.0,0.0,0.0,0.0,1.0,0.0,1.0,0.0
286,13000000.0,Hitech City,hitechcity,17.45333259937053,78.37437407077309,1350.0,3.0,1.0,1.0,1.0,1.0,1.0,1.0,1.0,1.0,1.0
287,43000000.0,Other localities,Other,17.43038818,78.44193104,4780.0,4.0,1.0,0.0,1.0,0.0,0.0,1.0,0.0,0.0,0.0
288,8900000.0,Serilingampally,serilingampally,17.477587205115576,78.32105761867258,1836.0,3.0,0.0,0.0,0.0,0.0,0.0,1.0,0.0,1.0,0.0
289,15000000.0,West Marredpally,westmarredpally,17.45078209501182,78.50513277521213,1970.0,3.0,1.0,0.0,0.0,0.0,0.0,0.0,0.0,0.0,0.0
290,15000000.0,West Marredpally,westmarredpally,17.45078209501182,78.50513277521213,1970.0,3.0,1.0,0.0,0.0,0.0,0.0,0.0,0.0,0.0,0.0
291,12000000.0,Kukatpally,kukatpally,17.492910498045475,78.39886107029278,2000.0,3.0,0.0,1.0,1.0,1.0,1.0,1.0,1.0,1.0,1.0
292,12000000.0,Kukatpally,kukatpally,17.492910498045475,78.39886107029278,2000.0,3.0,0.0,1.0,1.0,1.0,1.0,1.0,1.0,1.0,1.0
293,12000000.0,Kukatpally,kukatpally,17.492910498045475,78.39886107029278,2000.0,3.0,0.0,1.0,1.0,1.0,1.0,1.0,1.0,1.0,1.0
294,12000000.0,Kukatpally,kukatpally,17.492910498045475,78.39886107029278,2000.0,3.0,0.0,1.0,1.0,1.0,1.0,1.0,1.0,1.0,1.0
295,12000000.0,Kukatpally,kukatpally,17.492910498045475,78.39886107029278,2000.0,3.0,0.0,1.0,1.0,1.0,1.0,1.0,1.0,1.0,1.0
296,12000000.0,Kukatpally,kukatpally,17.492910498045475,78.39886107029278,2000.0,3.0,0.0,1.0,1.0,1.0,1.0,1.0,1.0,1.0,1.0
297,7744000.0,Kondapur,kondapur,17.464952556653586,78.35742606325269,1210.0,2.0,0.0,1.0,1.0,1.0,1.0,1.0,1.0,1.0,1.0
298,9760000.0,Kondapur,kondapur,17.464952556653586,78.35742606325269,1535.0,3.0,0.0,1.0,1.0,1.0,1.0,1.0,1.0,1.0,1.0
299,8500000.0,Kondapur,kondapur,17.464952556653586,78.35742606325269,1315.0,2.0,0.0,1.0,1.0,1.0,1.0,1.0,1.0,1.0,1.0
300,2500000.0,Other localities,Other,17.475350371266842,78.5509627444464,680.0,1.0,0.0,0.0,0.0,0.0,0.0,0.0,0.0,0.0,0.0
301,8200000.0,Malkajgiri,malkajgiri,17.450858656897257,78.53212012652476,1200.0,2.0,0.0,0.0,0.0,0.0,0.0,0.0,0.0,0.0,0.0
302,8200000.0,Malkajgiri,malkajgiri,17.450858656897257,78.53212012652476,1200.0,2.0,0.0,0.0,0.0,0.0,0.0,0.0,0.0,0.0,0.0
303,8200000.0,Malkajgiri,malkajgiri,17.450858656897257,78.53212012652476,1200.0,2.0,0.0,0.0,0.0,0.0,0.0,0.0,0.0,0.0,0.0
304,8200000.0,Malkajgiri,malkajgiri,17.450858656897257,78.53212012652476,1200.0,2.0,0.0,0.0,0.0,0.0,0.0,0.0,0.0,0.0,0.0
305,8200000.0,Malkajgiri,malkajgiri,17.450858656897257,78.53212012652476,1200.0,2.0,0.0,0.0,0.0,0.0,0.0,0.0,0.0,0.0,0.0
306,8200000.0,Malkajgiri,malkajgiri,17.450858656897257,78.53212012652476,1200.0,2.0,0.0,0.0,0.0,0.0,0.0,0.0,0.0,0.0,0.0
307,8200000.0,Malkajgiri,malkajgiri,17.450858656897257,78.53212012652476,1200.0,2.0,0.0,0.0,0.0,0.0,0.0,0.0,0.0,0.0,0.0
308,8200000.0,Malkajgiri,malkajgiri,17.450858656897257,78.53212012652476,1200.0,2.0,0.0,0.0,0.0,0.0,0.0,0.0,0.0,0.0,0.0
309,8200000.0,Malkajgiri,malkajgiri,17.450858656897257,78.53212012652476,1200.0,2.0,0.0,0.0,0.0,0.0,0.0,0.0,0.0,0.0,0.0
310,8200000.0,Malkajgiri,malkajgiri,17.450858656897257,78.53212012652476,1200.0,2.0,0.0,0.0,0.0,0.0,0.0,0.0,0.0,0.0,0.0
311,10800000.0,Kokapet,kokapet,17.39378245928407,78.33970720299747,1735.0,3.0,0.0,1.0,1.0,1.0,0.0,1.0,0.0,1.0,0.0
312,27500000.0,Jubilee Hills,jubileehills,17.4321415472508,78.41327145544938,2500.0,3.0,1.0,0.0,0.0,0.0,0.0,0.0,0.0,0.0,0.0
313,35000000.0,Kondapur,kondapur,17.464952556653586,78.35742606325269,3959.0,4.0,1.0,1.0,1.0,1.0,0.0,1.0,0.0,1.0,0.0
314,9822000.0,Narsingi,narsingi,17.389011135333806,78.35934516389472,1889.0,3.0,0.0,1.0,1.0,0.0,1.0,1.0,1.0,1.0,0.0
315,30000000.0,Kondapur,kondapur,17.464952556653586,78.35742606325269,4500.0,4.0,1.0,0.0,0.0,0.0,0.0,0.0,0.0,0.0,0.0
316,27500000.0,Jubilee Hills,jubileehills,17.4321415472508,78.41327145544938,2500.0,3.0,1.0,0.0,0.0,0.0,0.0,1.0,0.0,0.0,0.0
317,4880000.0,Alwal,alwal,17.500221878894795,78.5029576694876,1220.0,2.0,0.0,0.0,1.0,1.0,0.0,1.0,0.0,1.0,0.0
318,9984000.0,Miyapur,miyapur,17.503473552989245,78.35121638270526,1920.0,3.0,0.0,0.0,0.0,0.0,0.0,0.0,0.0,0.0,0.0
319,25000000.0,West Marredpally,westmarredpally,17.45078209501182,78.50513277521213,2700.0,4.0,1.0,0.0,0.0,0.0,0.0,1.0,0.0,0.0,0.0
320,5400000.0,Other localities,Other,17.434705205639144,78.52014421541381,1300.0,3.0,1.0,0.0,0.0,0.0,0.0,0.0,0.0,0.0,0.0
321,15000000.0,Banjara Hills,banjarahills,17.415356872116416,78.43933349579677,2100.0,3.0,1.0,0.0,0.0,0.0,0.0,1.0,0.0,1.0,0.0
322,9984000.0,Miyapur,miyapur,17.503473552989245,78.35121638270526,1920.0,3.0,0.0,1.0,1.0,1.0,0.0,1.0,0.0,1.0,0.0
323,10000000.0,Miyapur,miyapur,17.503473552989245,78.35121638270526,1925.0,3.0,0.0,1.0,1.0,1.0,0.0,1.0,0.0,1.0,0.0
324,11800000.0,Kondapur,kondapur,17.464952556653586,78.35742606325269,1885.0,2.0,0.0,1.0,1.0,1.0,1.0,1.0,1.0,1.0,1.0
325,4542000.0,Gajularamaram,gajularamaram,17.526992791546135,78.41939042820735,1010.0,2.0,0.0,1.0,1.0,0.0,0.0,1.0,0.0,1.0,0.0
326,10900000.0,Kukatpally,kukatpally,17.492910498045475,78.39886107029278,1695.0,3.0,0.0,0.0,0.0,0.0,0.0,1.0,0.0,1.0,0.0
327,7098999.0,Kukatpally,kukatpally,17.492910498045475,78.39886107029278,1090.0,2.0,0.0,0.0,0.0,0.0,0.0,1.0,0.0,1.0,0.0
328,46000000.0,Jubilee Hills,jubileehills,17.4321415472508,78.41327145544938,3100.0,3.0,0.0,1.0,0.0,1.0,0.0,1.0,0.0,1.0,0.0
329,19800000.0,Jubilee Hills,jubileehills,17.4321415472508,78.41327145544938,2200.0,3.0,0.0,0.0,0.0,0.0,0.0,1.0,0.0,1.0,0.0
330,7600000.0,Kondapur,kondapur,17.464952556653586,78.35742606325269,1521.0,3.0,0.0,0.0,0.0,0.0,0.0,1.0,0.0,1.0,0.0
331,18000000.0,Kokapet,kokapet,17.39378245928407,78.33970720299747,2490.0,3.0,1.0,1.0,1.0,1.0,0.0,1.0,0.0,1.0,0.0
332,12300000.0,Narsingi,narsingi,17.389011135333806,78.35934516389472,1675.0,3.0,0.0,1.0,1.0,1.0,1.0,1.0,1.0,1.0,1.0
333,12300000.0,Narsingi,narsingi,17.389011135333806,78.35934516389472,1675.0,3.0,0.0,1.0,1.0,1.0,1.0,1.0,1.0,1.0,1.0
334,5500000.0,Nizampet,nizampet,17.515834368956,78.38332726613078,1260.0,2.0,0.0,0.0,0.0,0.0,0.0,0.0,0.0,0.0,0.0
335,3700000.0,Nizampet,nizampet,17.515834368956,78.38332726613078,1105.0,2.0,0.0,0.0,0.0,0.0,0.0,0.0,0.0,0.0,0.0
336,12300000.0,Narsingi,narsingi,17.389011135333806,78.35934516389472,1675.0,3.0,0.0,1.0,1.0,1.0,1.0,1.0,1.0,1.0,1.0
337,12300000.0,Narsingi,narsingi,17.389011135333806,78.35934516389472,1675.0,3.0,0.0,1.0,1.0,1.0,1.0,1.0,1.0,1.0,1.0
338,12300000.0,Narsingi,narsingi,17.389011135333806,78.35934516389472,1675.0,3.0,0.0,1.0,1.0,1.0,1.0,1.0,1.0,1.0,1.0
339,12300000.0,Narsingi,narsingi,17.389011135333806,78.35934516389472,1675.0,3.0,0.0,1.0,1.0,1.0,1.0,1.0,1.0,1.0,1.0
340,4850000.0,Nizampet,nizampet,17.515834368956,78.38332726613078,1200.0,2.0,0.0,0.0,0.0,0.0,0.0,0.0,0.0,0.0,0.0
341,4850000.0,Nizampet,nizampet,17.515834368956,78.38332726613078,1200.0,2.0,0.0,0.0,0.0,0.0,0.0,0.0,0.0,0.0,0.0
342,4850000.0,Nizampet,nizampet,17.515834368956,78.38332726613078,1200.0,2.0,0.0,0.0,0.0,0.0,0.0,0.0,0.0,0.0,0.0
343,4850000.0,Nizampet,nizampet,17.515834368956,78.38332726613078,1200.0,2.0,0.0,0.0,0.0,0.0,0.0,0.0,0.0,0.0,0.0
344,4850000.0,Nizampet,nizampet,17.515834368956,78.38332726613078,1200.0,2.0,0.0,0.0,0.0,0.0,0.0,0.0,0.0,0.0,0.0
345,4500000.0,Begumpet,begumpet,17.440835274566783,78.46346947189383,900.0,2.0,1.0,0.0,0.0,0.0,0.0,0.0,0.0,0.0,0.0
346,7600000.0,Malkajgiri,malkajgiri,17.450858656897257,78.53212012652476,1710.0,3.0,1.0,0.0,0.0,0.0,0.0,0.0,0.0,0.0,0.0
347,8600000.0,Other localities,Other,17.43038818,78.44193104,1242.0,3.0,1.0,0.0,0.0,0.0,0.0,1.0,0.0,1.0,0.0
348,7500000.0,Malkajgiri,malkajgiri,17.450858656897257,78.53212012652476,1705.0,3.0,1.0,0.0,0.0,0.0,0.0,0.0,0.0,0.0,0.0
349,5200000.0,Malkajgiri,malkajgiri,17.450858656897257,78.53212012652476,1050.0,2.0,1.0,0.0,0.0,0.0,0.0,0.0,0.0,0.0,0.0
350,5700000.0,Other localities,Other,17.39081597306389,78.43542276012023,1225.0,3.0,0.0,0.0,0.0,0.0,0.0,1.0,0.0,1.0,0.0
351,6931000.0,Gajularamaram,gajularamaram,17.526992791546135,78.41939042820735,1555.0,3.0,0.0,1.0,1.0,0.0,0.0,1.0,0.0,1.0,0.0
352,10800000.0,Other localities,Other,17.4370709,78.4830167,1675.0,3.0,0.0,0.0,0.0,0.0,0.0,1.0,0.0,1.0,0.0
353,10900000.0,Kukatpally,kukatpally,17.492910498045475,78.39886107029278,1695.0,3.0,0.0,0.0,0.0,0.0,0.0,1.0,0.0,1.0,0.0
354,13000000.0,Kokapet,kokapet,17.39378245928407,78.33970720299747,1945.0,3.0,0.0,1.0,1.0,1.0,1.0,1.0,0.0,0.0,0.0
355,3650000.0,Nizampet,nizampet,17.515834368956,78.38332726613078,1000.0,2.0,0.0,0.0,1.0,0.0,0.0,1.0,0.0,1.0,0.0
356,8625000.0,Hitech City,hitechcity,17.45333259937053,78.37437407077309,1150.0,2.0,0.0,0.0,0.0,0.0,0.0,1.0,0.0,1.0,0.0
357,7500000.0,Other localities,Other,17.385,78.4867,1330.0,3.0,0.0,0.0,0.0,0.0,0.0,1.0,0.0,1.0,0.0
358,20000000.0,Kondapur,kondapur,17.464952556653586,78.35742606325269,2250.0,3.0,1.0,0.0,0.0,0.0,0.0,0.0,0.0,0.0,0.0
359,10000000.0,Tellapur,tellapur,17.460288438271743,78.29110116751885,2240.0,3.0,0.0,0.0,0.0,0.0,0.0,0.0,0.0,0.0,0.0
360,45000000.0,Banjara Hills,banjarahills,17.415356872116416,78.43933349579677,4500.0,4.0,0.0,1.0,1.0,1.0,1.0,1.0,1.0,1.0,1.0
361,45000000.0,Banjara Hills,banjarahills,17.415356872116416,78.43933349579677,4500.0,4.0,0.0,1.0,1.0,1.0,1.0,1.0,1.0,1.0,1.0
362,45000000.0,Banjara Hills,banjarahills,17.415356872116416,78.43933349579677,4500.0,4.0,0.0,1.0,1.0,1.0,1.0,1.0,1.0,1.0,1.0
363,3300000.0,Gajularamaram,gajularamaram,17.526992791546135,78.41939042820735,800.0,2.0,0.0,0.0,0.0,0.0,0.0,0.0,0.0,0.0,0.0
364,3300000.0,Gajularamaram,gajularamaram,17.526992791546135,78.41939042820735,800.0,2.0,0.0,0.0,0.0,0.0,0.0,0.0,0.0,0.0,0.0
365,3300000.0,Gajularamaram,gajularamaram,17.526992791546135,78.41939042820735,800.0,2.0,0.0,0.0,0.0,0.0,0.0,0.0,0.0,0.0,0.0
366,3300000.0,Gajularamaram,gajularamaram,17.526992791546135,78.41939042820735,800.0,2.0,0.0,0.0,0.0,0.0,0.0,0.0,0.0,0.0,0.0
367,5635000.0,Chandanagar,chandanagar,17.49522201744739,78.32650600129999,1150.0,2.0,0.0,0.0,0.0,0.0,0.0,1.0,0.0,1.0,0.0
368,12900000.0,Nanakramguda,nanakramguda,17.422396189571867,78.344593041929,1840.0,3.0,0.0,1.0,1.0,1.0,0.0,1.0,0.0,1.0,0.0
369,7800000.0,Other localities,Other,17.455469517055313,78.30264206871318,1560.0,3.0,0.0,0.0,0.0,0.0,0.0,1.0,0.0,1.0,0.0
370,6300000.0,Serilingampally,serilingampally,17.477587205115576,78.32105761867258,1300.0,2.0,0.0,0.0,0.0,0.0,0.0,1.0,0.0,1.0,0.0
371,28000000.0,Other localities,Other,17.424647471170314,78.45839552082218,3200.0,4.0,1.0,1.0,1.0,1.0,0.0,1.0,0.0,1.0,0.0
372,30000000.0,Banjara Hills,banjarahills,17.415356872116416,78.43933349579677,2950.0,3.0,1.0,0.0,1.0,0.0,0.0,1.0,0.0,1.0,0.0
373,30000000.0,Banjara Hills,banjarahills,17.415356872116416,78.43933349579677,2950.0,3.0,1.0,0.0,0.0,0.0,0.0,0.0,0.0,0.0,0.0
374,12500000.0,Gachibowli,gachibowli,17.43818620463587,78.35192198714175,1699.0,4.0,0.0,1.0,1.0,1.0,0.0,1.0,0.0,1.0,0.0
375,6583000.0,Nagole,nagole,17.372849336759185,78.56486212860278,1254.0,2.0,0.0,0.0,0.0,1.0,1.0,1.0,1.0,1.0,1.0
376,8977000.0,Nagole,nagole,17.372849336759185,78.56486212860278,1710.0,3.0,0.0,0.0,0.0,1.0,1.0,1.0,1.0,1.0,1.0
377,35500000.0,Kukatpally,kukatpally,17.492910498045475,78.39886107029278,4067.0,4.0,1.0,1.0,1.0,1.0,1.0,1.0,1.0,1.0,1.0
378,7500000.0,Other localities,Other,17.413785301357024,78.55627957729939,1320.0,2.0,1.0,1.0,1.0,1.0,1.0,1.0,0.0,1.0,0.0
379,7000000.0,Puppalaguda,puppalaguda,17.398543308160374,78.37822984533346,1605.0,3.0,0.0,0.0,0.0,0.0,0.0,1.0,0.0,1.0,0.0
380,14500000.0,Madhapur,madhapur,17.447815297983848,78.39084241875916,2120.0,3.0,1.0,0.0,0.0,0.0,0.0,1.0,0.0,1.0,0.0
381,13500000.0,Nallagandla,nallagandlagachibowli,17.43818620463587,78.35192198714175,1860.0,3.0,0.0,1.0,1.0,1.0,1.0,1.0,1.0,1.0,1.0
382,13500000.0,Nallagandla,nallagandlagachibowli,17.43818620463587,78.35192198714175,1860.0,3.0,0.0,1.0,1.0,1.0,0.0,1.0,0.0,1.0,0.0
383,2700000.0,Krishnareddypet,krishnareddypet,17.53497604917157,78.29046831794751,1050.0,2.0,0.0,0.0,0.0,0.0,0.0,1.0,0.0,1.0,0.0
384,8990000.0,Miyapur,miyapur,17.503473552989245,78.35121638270526,1550.0,3.0,0.0,0.0,0.0,0.0,0.0,1.0,0.0,1.0,0.0
385,27500000.0,Hitech City,hitechcity,17.45333259937053,78.37437407077309,3090.0,4.0,0.0,1.0,1.0,1.0,1.0,1.0,1.0,1.0,1.0
386,66400000.0,Gachibowli,gachibowli,17.43818620463587,78.35192198714175,6718.0,5.0,0.0,1.0,1.0,1.0,1.0,1.0,1.0,1.0,1.0
387,7500000.0,Kondapur,kondapur,17.464952556653586,78.35742606325269,1195.0,2.0,0.0,1.0,1.0,1.0,1.0,1.0,1.0,1.0,1.0
388,5700000.0,Other localities,Other,17.475350371266842,78.5509627444464,1230.0,3.0,1.0,0.0,0.0,0.0,0.0,0.0,0.0,0.0,0.0
389,33000000.0,Banjara Hills,banjarahills,17.415356872116416,78.43933349579677,2956.0,4.0,1.0,0.0,0.0,0.0,0.0,0.0,0.0,0.0,0.0
390,33000000.0,Banjara Hills,banjarahills,17.415356872116416,78.43933349579677,2956.0,4.0,1.0,0.0,0.0,0.0,0.0,0.0,0.0,0.0,0.0
391,5500000.0,Lbnagar,lbnagar,17.35158391547192,78.5535823129719,1076.0,2.0,1.0,0.0,0.0,0.0,0.0,1.0,0.0,1.0,0.0
392,3578000.0,Other localities,Other,17.521818794398804,78.51088799930999,842.0,2.0,0.0,1.0,1.0,1.0,0.0,1.0,0.0,1.0,0.0
393,7800000.0,Miyapur,miyapur,17.503473552989245,78.35121638270526,1200.0,2.0,1.0,0.0,0.0,0.0,0.0,1.0,0.0,0.0,0.0
394,52000000.0,Jubilee Hills,jubileehills,17.4321415472508,78.41327145544938,4500.0,4.0,1.0,0.0,0.0,0.0,0.0,0.0,0.0,0.0,0.0
395,52000000.0,Jubilee Hills,jubileehills,17.4321415472508,78.41327145544938,4500.0,4.0,1.0,0.0,0.0,0.0,0.0,0.0,0.0,0.0,0.0
396,40000000.0,Jubilee Hills,jubileehills,17.4321415472508,78.41327145544938,3600.0,4.0,1.0,0.0,0.0,0.0,0.0,0.0,0.0,0.0,0.0
397,40000000.0,Jubilee Hills,jubileehills,17.4321415472508,78.41327145544938,3600.0,4.0,1.0,0.0,0.0,0.0,0.0,0.0,0.0,0.0,0.0
398,36700000.0,Banjara Hills,banjarahills,17.415356872116416,78.43933349579677,3500.0,3.0,0.0,0.0,0.0,0.0,0.0,0.0,0.0,0.0,0.0
399,36700000.0,Banjara Hills,banjarahills,17.415356872116416,78.43933349579677,3500.0,3.0,0.0,1.0,1.0,1.0,0.0,1.0,0.0,1.0,0.0
400,8600000.0,Madhapur,madhapur,17.447815297983848,78.39084241875916,1150.0,2.0,0.0,0.0,0.0,0.0,0.0,1.0,0.0,1.0,0.0
401,9000000.0,Hitech City,hitechcity,17.45333259937053,78.37437407077309,1150.0,2.0,0.0,0.0,0.0,0.0,0.0,0.0,0.0,0.0,0.0
402,9000000.0,Hitech City,hitechcity,17.45333259937053,78.37437407077309,1150.0,2.0,0.0,0.0,0.0,0.0,0.0,1.0,0.0,1.0,0.0
403,9877000.0,Nanakramguda,nanakramguda,17.422396189571867,78.344593041929,1245.0,2.0,0.0,1.0,1.0,1.0,1.0,1.0,1.0,1.0,1.0
404,13000000.0,Nanakramguda,nanakramguda,17.422396189571867,78.344593041929,1600.0,3.0,0.0,1.0,1.0,1.0,1.0,1.0,1.0,1.0,1.0
405,18800000.0,Nanakramguda,nanakramguda,17.422396189571867,78.344593041929,2270.0,3.0,0.0,1.0,1.0,1.0,1.0,1.0,1.0,1.0,1.0
406,6000000.0,Manikonda,manikonda,17.404881913358253,78.37812983145022,1200.0,2.0,1.0,0.0,1.0,0.0,0.0,1.0,1.0,1.0,1.0
407,7000000.0,Puppalaguda,puppalaguda,17.398543308160374,78.37822984533346,1418.0,3.0,0.0,0.0,0.0,0.0,0.0,1.0,0.0,1.0,0.0
408,9984000.0,Miyapur,miyapur,17.503473552989245,78.35121638270526,1920.0,3.0,0.0,1.0,1.0,1.0,0.0,1.0,0.0,1.0,0.0
409,10000000.0,Miyapur,miyapur,17.503473552989245,78.35121638270526,1925.0,3.0,0.0,1.0,1.0,1.0,0.0,1.0,0.0,1.0,0.0
410,9906000.0,Miyapur,miyapur,17.503473552989245,78.35121638270526,1905.0,3.0,0.0,1.0,1.0,1.0,0.0,1.0,0.0,1.0,0.0
411,5500000.0,Gachibowli,gachibowli,17.43818620463587,78.35192198714175,850.0,2.0,1.0,0.0,0.0,0.0,0.0,1.0,0.0,1.0,0.0
412,8000000.0,Nizampet,nizampet,17.515834368956,78.38332726613078,1940.0,3.0,0.0,0.0,0.0,0.0,0.0,0.0,0.0,0.0,0.0
413,8600000.0,Hitech City,hitechcity,17.45333259937053,78.37437407077309,1150.0,2.0,0.0,0.0,0.0,0.0,0.0,1.0,0.0,1.0,0.0
414,11100000.0,Kukatpally,kukatpally,17.492910498045475,78.39886107029278,1730.0,3.0,0.0,0.0,0.0,0.0,0.0,0.0,0.0,0.0,0.0
415,11100000.0,Kukatpally,kukatpally,17.492910498045475,78.39886107029278,1730.0,3.0,0.0,0.0,0.0,0.0,0.0,1.0,0.0,1.0,0.0
416,4200000.0,Other localities,Other,17.39081597306389,78.43542276012023,1050.0,2.0,1.0,0.0,0.0,0.0,0.0,1.0,0.0,1.0,0.0
417,4200000.0,Other localities,Other,17.39081597306389,78.43542276012023,1050.0,2.0,1.0,0.0,0.0,0.0,0.0,0.0,0.0,0.0,0.0
418,14500000.0,Kondapur,kondapur,17.464952556653586,78.35742606325269,1908.0,3.0,0.0,1.0,1.0,1.0,0.0,1.0,0.0,1.0,0.0
419,7098999.0,Kukatpally,kukatpally,17.492910498045475,78.39886107029278,1090.0,2.0,0.0,0.0,0.0,0.0,0.0,1.0,0.0,1.0,0.0
420,8953000.0,Bachupally,bachupally,17.541673105765128,78.36649211721665,1905.0,3.0,0.0,1.0,1.0,1.0,1.0,1.0,0.0,1.0,1.0
421,7872000.0,Bachupally,bachupally,17.541673105765128,78.36649211721665,1675.0,3.0,0.0,1.0,1.0,1.0,1.0,1.0,0.0,1.0,1.0
422,7590000.0,Bachupally,bachupally,17.541673105765128,78.36649211721665,1615.0,3.0,0.0,1.0,1.0,1.0,1.0,1.0,0.0,1.0,1.0
423,5452000.0,Bachupally,bachupally,17.541673105765128,78.36649211721665,1160.0,2.0,0.0,1.0,1.0,1.0,1.0,1.0,0.0,1.0,1.0
424,8459000.0,Bachupally,bachupally,17.541673105765128,78.36649211721665,1800.0,3.0,0.0,1.0,1.0,1.0,1.0,1.0,0.0,1.0,1.0
425,5640000.0,Bachupally,bachupally,17.541673105765128,78.36649211721665,1200.0,2.0,0.0,1.0,1.0,1.0,1.0,1.0,0.0,1.0,1.0
426,4500000.0,Mallapur,mallapur,17.439289181215653,78.57052023466042,908.0,2.0,0.0,0.0,0.0,0.0,0.0,1.0,0.0,0.0,1.0
427,4830000.0,Kukatpally,kukatpally,17.492910498045475,78.39886107029278,1100.0,2.0,0.0,0.0,0.0,0.0,0.0,0.0,0.0,0.0,0.0
428,4900000.0,Other localities,Other,17.39081597306389,78.43542276012023,1380.0,2.0,0.0,0.0,0.0,0.0,0.0,0.0,0.0,0.0,0.0
429,6000000.0,Hitech City,hitechcity,17.45333259937053,78.37437407077309,970.0,2.0,0.0,0.0,0.0,1.0,0.0,1.0,0.0,1.0,0.0
430,4500000.0,Mallapur,mallapur,17.439289181215653,78.57052023466042,1160.0,2.0,0.0,0.0,0.0,0.0,0.0,1.0,0.0,0.0,1.0
431,4299000.0,Other localities,Other,17.402424084889383,78.45105142765695,840.0,2.0,0.0,0.0,0.0,0.0,0.0,0.0,0.0,0.0,0.0
432,4750000.0,Other localities,Other,17.413185377052343,78.50302438000423,1100.0,2.0,0.0,0.0,0.0,0.0,0.0,0.0,0.0,0.0,0.0
433,4200000.0,Other localities,Other,17.43871778975451,78.4342313061822,931.0,2.0,0.0,0.0,0.0,0.0,0.0,1.0,1.0,1.0,0.0
434,12500000.0,Jubilee Hills,jubileehills,17.4321415472508,78.41327145544938,1670.0,3.0,0.0,0.0,0.0,0.0,0.0,0.0,0.0,0.0,0.0
435,12000000.0,Kukatpally,kukatpally,17.492910498045475,78.39886107029278,2000.0,3.0,0.0,1.0,1.0,1.0,1.0,1.0,1.0,1.0,1.0
436,12000000.0,Kukatpally,kukatpally,17.492910498045475,78.39886107029278,2000.0,3.0,1.0,1.0,1.0,1.0,1.0,1.0,1.0,1.0,1.0
437,8298999.0,Miyapur,miyapur,17.503473552989245,78.35121638270526,1554.0,3.0,0.0,0.0,0.0,0.0,0.0,0.0,0.0,0.0,0.0
438,8898000.0,Miyapur,miyapur,17.503473552989245,78.35121638270526,1650.0,3.0,0.0,0.0,0.0,0.0,0.0,0.0,0.0,0.0,0.0
439,7998999.0,Miyapur,miyapur,17.503473552989245,78.35121638270526,1554.0,3.0,0.0,0.0,0.0,0.0,0.0,0.0,0.0,0.0,0.0
440,23000000.0,Jubilee Hills,jubileehills,17.4321415472508,78.41327145544938,1900.0,3.0,0.0,1.0,1.0,1.0,1.0,1.0,1.0,1.0,0.0
441,22900000.0,Jubilee Hills,jubileehills,17.4321415472508,78.41327145544938,1900.0,3.0,0.0,1.0,1.0,1.0,1.0,1.0,1.0,1.0,0.0
442,23000000.0,Jubilee Hills,jubileehills,17.4321415472508,78.41327145544938,1900.0,3.0,0.0,0.0,0.0,0.0,0.0,0.0,0.0,0.0,0.0
443,23000000.0,Jubilee Hills,jubileehills,17.4321415472508,78.41327145544938,1900.0,3.0,0.0,1.0,1.0,1.0,1.0,1.0,1.0,1.0,0.0
444,14500000.0,Kukatpally,kukatpally,17.492910498045475,78.39886107029278,1740.0,3.0,0.0,1.0,1.0,1.0,1.0,1.0,1.0,1.0,0.0
445,20000000.0,Madhapur,madhapur,17.447815297983848,78.39084241875916,3145.0,3.0,1.0,0.0,0.0,0.0,1.0,1.0,0.0,0.0,0.0
446,2800000.0,Beeramguda,beeramguda,17.518769497302298,78.30204857007145,963.0,2.0,1.0,0.0,0.0,0.0,0.0,0.0,0.0,0.0,0.0
447,3500000.0,Other localities,Other,17.385,78.4867,909.0,3.0,0.0,0.0,0.0,0.0,0.0,0.0,0.0,0.0,0.0
448,3500000.0,Other localities,Other,17.33901205743242,78.55607538001946,850.0,2.0,0.0,0.0,0.0,0.0,0.0,0.0,0.0,0.0,0.0
449,4700000.0,Other localities,Other,17.500155673011566,78.45140140755333,950.0,2.0,0.0,0.0,0.0,0.0,0.0,0.0,0.0,0.0,0.0
450,11399999.0,Kukatpally,kukatpally,17.492910498045475,78.39886107029278,1730.0,3.0,0.0,0.0,0.0,0.0,0.0,0.0,0.0,0.0,0.0
451,6931000.0,Gajularamaram,gajularamaram,17.526992791546135,78.41939042820735,1555.0,3.0,0.0,0.0,0.0,0.0,0.0,0.0,0.0,0.0,0.0
452,5256000.0,Gajularamaram,gajularamaram,17.526992791546135,78.41939042820735,1180.0,2.0,0.0,1.0,0.0,0.0,0.0,1.0,0.0,1.0,0.0
453,11100000.0,Kukatpally,kukatpally,17.492910498045475,78.39886107029278,1675.0,3.0,0.0,0.0,0.0,0.0,0.0,1.0,0.0,1.0,0.0
454,5300000.0,Other localities,Other,17.398217434230894,78.50488834591364,845.0,2.0,0.0,0.0,0.0,0.0,0.0,0.0,0.0,0.0,0.0
455,4500000.0,Other localities,Other,17.46782097017879,78.48157128650438,1100.0,2.0,0.0,0.0,0.0,1.0,0.0,1.0,0.0,1.0,0.0
456,14600000.0,Other localities,Other,17.398217434230894,78.50488834591364,1905.0,3.0,0.0,0.0,0.0,0.0,0.0,1.0,0.0,1.0,0.0
457,11200000.0,Other localities,Other,17.398217434230894,78.50488834591364,1460.0,3.0,0.0,0.0,0.0,0.0,0.0,1.0,0.0,1.0,0.0
458,11200000.0,Other localities,Other,17.398217434230894,78.50488834591364,1460.0,3.0,0.0,0.0,0.0,0.0,0.0,0.0,0.0,0.0,0.0
459,4200000.0,Malkajgiri,malkajgiri,17.450858656897257,78.53212012652476,1175.0,2.0,1.0,0.0,0.0,0.0,0.0,0.0,0.0,0.0,0.0
460,4900000.0,Kompally,kompally,17.53598128028764,78.48216571304735,1360.0,2.0,0.0,1.0,1.0,1.0,1.0,1.0,1.0,1.0,1.0
461,7554000.0,Kondapur,kondapur,17.464952556653586,78.35742606325269,1220.0,2.0,0.0,1.0,1.0,1.0,1.0,1.0,1.0,1.0,1.0
462,11399999.0,Kondapur,kondapur,17.464952556653586,78.35742606325269,1885.0,3.0,0.0,1.0,1.0,1.0,1.0,1.0,1.0,1.0,1.0
463,7240000.0,Kondapur,kondapur,17.464952556653586,78.35742606325269,1165.0,2.0,0.0,1.0,1.0,1.0,1.0,1.0,1.0,1.0,1.0
464,9600000.0,Jubilee Hills,jubileehills,17.4321415472508,78.41327145544938,1295.0,2.0,0.0,0.0,0.0,0.0,0.0,0.0,0.0,0.0,0.0
465,9600000.0,Jubilee Hills,jubileehills,17.4321415472508,78.41327145544938,1295.0,2.0,0.0,0.0,0.0,0.0,0.0,0.0,0.0,0.0,0.0
466,9600000.0,Jubilee Hills,jubileehills,17.4321415472508,78.41327145544938,1295.0,2.0,0.0,0.0,0.0,0.0,0.0,0.0,0.0,0.0,0.0
467,9600000.0,Jubilee Hills,jubileehills,17.4321415472508,78.41327145544938,1295.0,2.0,0.0,0.0,0.0,0.0,0.0,0.0,0.0,0.0,0.0
468,9600000.0,Jubilee Hills,jubileehills,17.4321415472508,78.41327145544938,1295.0,2.0,0.0,0.0,0.0,0.0,0.0,0.0,0.0,0.0,0.0
469,10200000.0,Jubilee Hills,jubileehills,17.4321415472508,78.41327145544938,1295.0,2.0,0.0,0.0,0.0,0.0,0.0,0.0,0.0,0.0,0.0
470,12500000.0,Jubilee Hills,jubileehills,17.4321415472508,78.41327145544938,1670.0,3.0,0.0,0.0,0.0,0.0,0.0,0.0,0.0,0.0,0.0
471,12500000.0,Jubilee Hills,jubileehills,17.4321415472508,78.41327145544938,1670.0,3.0,0.0,0.0,0.0,0.0,0.0,0.0,0.0,0.0,0.0
472,4800000.0,Bandlagudajagir,bandlagudajagir,17.3578764727295,78.39053678224889,1200.0,2.0,0.0,0.0,0.0,0.0,0.0,0.0,0.0,0.0,0.0
473,4800000.0,Bandlagudajagir,bandlagudajagir,17.3578764727295,78.39053678224889,1200.0,2.0,0.0,0.0,0.0,0.0,0.0,0.0,0.0,0.0,0.0
474,12500000.0,Jubilee Hills,jubileehills,17.4321415472508,78.41327145544938,1670.0,3.0,0.0,0.0,0.0,0.0,0.0,0.0,0.0,0.0,0.0
475,16800000.0,Nanakramguda,nanakramguda,17.422396189571867,78.344593041929,2460.0,3.0,0.0,1.0,1.0,1.0,1.0,1.0,1.0,1.0,1.0
476,4000000.0,Other localities,Other,17.35576183265929,78.53159452703879,1040.0,2.0,0.0,0.0,0.0,1.0,0.0,1.0,0.0,1.0,0.0
477,3600000.0,Beeramguda,beeramguda,17.518769497302298,78.30204857007145,1107.0,2.0,0.0,0.0,0.0,1.0,0.0,1.0,0.0,1.0,0.0
478,6000000.0,Begumpet,begumpet,17.440835274566783,78.46346947189383,1050.0,2.0,0.0,0.0,1.0,0.0,0.0,1.0,0.0,0.0,0.0
479,6000000.0,Begumpet,begumpet,17.440835274566783,78.46346947189383,1050.0,2.0,0.0,0.0,1.0,1.0,0.0,1.0,0.0,1.0,0.0
480,33300000.0,Banjara Hills,banjarahills,17.415356872116416,78.43933349579677,2900.0,3.0,0.0,1.0,1.0,1.0,0.0,1.0,0.0,1.0,0.0
481,8625000.0,Hitech City,hitechcity,17.45333259937053,78.37437407077309,1150.0,2.0,0.0,0.0,0.0,0.0,0.0,1.0,0.0,1.0,0.0
482,4000000.0,Other localities,Other,17.35576183265929,78.53159452703879,1040.0,2.0,0.0,0.0,0.0,1.0,0.0,1.0,0.0,1.0,0.0
483,3600000.0,Beeramguda,beeramguda,17.518769497302298,78.30204857007145,1107.0,2.0,0.0,0.0,0.0,1.0,0.0,1.0,0.0,1.0,0.0
484,4000000.0,Beeramguda,beeramguda,17.518769497302298,78.30204857007145,850.0,2.0,0.0,0.0,0.0,1.0,0.0,1.0,0.0,1.0,0.0
485,6000000.0,Begumpet,begumpet,17.440835274566783,78.46346947189383,1050.0,2.0,0.0,0.0,1.0,0.0,0.0,1.0,0.0,0.0,0.0
486,6000000.0,Begumpet,begumpet,17.440835274566783,78.46346947189383,1050.0,2.0,0.0,0.0,1.0,1.0,0.0,1.0,0.0,1.0,0.0
487,3500000.0,Beeramguda,beeramguda,17.518769497302298,78.30204857007145,1080.0,2.0,0.0,0.0,0.0,1.0,0.0,1.0,0.0,1.0,0.0
488,3500000.0,Beeramguda,beeramguda,17.518769497302298,78.30204857007145,1080.0,2.0,0.0,0.0,0.0,0.0,0.0,0.0,0.0,0.0,0.0
489,2300000.0,Other localities,Other,17.414714449893516,78.58427170565938,1100.0,2.0,0.0,0.0,0.0,0.0,0.0,0.0,0.0,0.0,0.0
490,2300000.0,Other localities,Other,17.414714449893516,78.58427170565938,1100.0,2.0,0.0,0.0,0.0,1.0,0.0,1.0,0.0,0.0,0.0
491,12000000.0,Other localities,Other,17.424647471170314,78.45839552082218,1745.0,3.0,1.0,0.0,0.0,0.0,0.0,0.0,1.0,0.0,0.0
492,2500000.0,Nagole,nagole,17.372849336759185,78.56486212860278,970.0,2.0,0.0,0.0,0.0,0.0,0.0,1.0,0.0,0.0,0.0
493,5777000.0,Kukatpally,kukatpally,17.492910498045475,78.39886107029278,1090.0,2.0,0.0,1.0,1.0,1.0,1.0,1.0,1.0,1.0,0.0
494,7605000.0,Kukatpally,kukatpally,17.492910498045475,78.39886107029278,1435.0,3.0,0.0,1.0,1.0,1.0,0.0,1.0,0.0,1.0,0.0
495,2600000.0,Beeramguda,beeramguda,17.518769497302298,78.30204857007145,684.0,1.0,0.0,0.0,0.0,1.0,0.0,1.0,0.0,0.0,0.0
496,4500000.0,Beeramguda,beeramguda,17.518769497302298,78.30204857007145,1040.0,2.0,0.0,0.0,0.0,1.0,0.0,1.0,0.0,1.0,0.0
497,3000000.0,Beeramguda,beeramguda,17.518769497302298,78.30204857007145,850.0,2.0,0.0,0.0,0.0,1.0,0.0,1.0,0.0,1.0,0.0
498,3200000.0,Beeramguda,beeramguda,17.518769497302298,78.30204857007145,1150.0,2.0,0.0,0.0,0.0,1.0,0.0,1.0,0.0,1.0,0.0
499,7000000.0,Other localities,Other,17.391463925321098,78.37630063114312,1605.0,3.0,0.0,0.0,0.0,0.0,0.0,1.0,0.0,1.0,0.0
500,3000000.0,Beeramguda,beeramguda,17.518769497302298,78.30204857007145,850.0,2.0,0.0,0.0,0.0,1.0,0.0,1.0,0.0,1.0,0.0
501,3200000.0,Beeramguda,beeramguda,17.518769497302298,78.30204857007145,1150.0,2.0,0.0,0.0,0.0,1.0,0.0,1.0,0.0,1.0,0.0
502,7000000.0,Other localities,Other,17.391463925321098,78.37630063114312,1605.0,3.0,0.0,0.0,0.0,0.0,0.0,1.0,0.0,1.0,0.0
503,5500000.0,Mallapur,mallapur,17.439289181215653,78.57052023466042,1000.0,2.0,0.0,0.0,0.0,1.0,0.0,1.0,0.0,1.0,1.0
504,5777000.0,Kukatpally,kukatpally,17.492910498045475,78.39886107029278,1090.0,2.0,0.0,1.0,1.0,1.0,1.0,1.0,1.0,1.0,0.0
505,7605000.0,Kukatpally,kukatpally,17.492910498045475,78.39886107029278,1435.0,3.0,0.0,1.0,1.0,1.0,0.0,1.0,0.0,1.0,0.0
506,8502000.0,Nagole,nagole,17.372849336759185,78.56486212860278,1635.0,3.0,0.0,1.0,1.0,1.0,1.0,1.0,1.0,1.0,0.0
507,8242000.0,Nagole,nagole,17.372849336759185,78.56486212860278,1585.0,3.0,0.0,1.0,1.0,1.0,1.0,1.0,1.0,1.0,0.0
508,11000000.0,Appa Junction (Peerancheru),appajunctionpeerancheru,17.357199716666667,78.3769494,1730.0,3.0,0.0,1.0,1.0,1.0,1.0,1.0,1.0,1.0,1.0
509,10700000.0,Appa Junction (Peerancheru),appajunctionpeerancheru,17.357199716666667,78.3769494,1665.0,3.0,0.0,1.0,1.0,1.0,1.0,1.0,1.0,1.0,1.0
510,9240000.0,Appa Junction (Peerancheru),appajunctionpeerancheru,17.357199716666667,78.3769494,1482.0,2.0,0.0,1.0,1.0,1.0,1.0,1.0,1.0,1.0,1.0
511,8800000.0,Appa Junction (Peerancheru),appajunctionpeerancheru,17.357199716666667,78.3769494,1385.0,2.0,0.0,1.0,1.0,1.0,1.0,1.0,1.0,1.0,1.0
512,3400000.0,Other localities,Other,17.471052217297633,78.50641254386576,1000.0,2.0,0.0,0.0,0.0,1.0,0.0,1.0,0.0,0.0,0.0
513,9500000.0,Gachibowli,gachibowli,17.43818620463587,78.35192198714175,1035.0,2.0,1.0,1.0,1.0,1.0,1.0,1.0,1.0,1.0,1.0
514,4700000.0,Tolichowki,tolichowki,17.400576920967552,78.41095095845739,1250.0,2.0,0.0,0.0,0.0,0.0,0.0,1.0,0.0,1.0,0.0
515,4700000.0,Tolichowki,tolichowki,17.400576920967552,78.41095095845739,1250.0,2.0,0.0,0.0,0.0,1.0,0.0,1.0,0.0,1.0,0.0
516,5000000.0,Other localities,Other,17.482239444725955,78.36180867165479,1000.0,2.0,0.0,0.0,0.0,1.0,0.0,1.0,1.0,1.0,1.0
517,4788000.0,Other localities,Other,17.35576183265929,78.53159452703879,1260.0,2.0,0.0,0.0,0.0,1.0,0.0,1.0,0.0,1.0,0.0
518,2880000.0,Beeramguda,beeramguda,17.518769497302298,78.30204857007145,950.0,2.0,0.0,0.0,0.0,1.0,0.0,1.0,0.0,0.0,0.0
519,5500000.0,Gachibowli,gachibowli,17.43818620463587,78.35192198714175,850.0,2.0,1.0,0.0,0.0,0.0,0.0,1.0,0.0,1.0,0.0
520,8500000.0,Nanakramguda,nanakramguda,17.422396189571867,78.344593041929,1260.0,2.0,1.0,1.0,1.0,1.0,1.0,1.0,1.0,1.0,0.0
521,5500000.0,Other localities,Other,17.35576183265929,78.53159452703879,1050.0,2.0,0.0,0.0,0.0,1.0,0.0,1.0,0.0,1.0,0.0
522,4400000.0,Bachupally,bachupally,17.541673105765128,78.36649211721665,1250.0,2.0,0.0,1.0,1.0,1.0,1.0,1.0,1.0,1.0,1.0
523,14000000.0,Kondapur,kondapur,17.464952556653586,78.35742606325269,1908.0,3.0,0.0,1.0,1.0,1.0,0.0,1.0,0.0,1.0,0.0
524,6931000.0,Gajularamaram,gajularamaram,17.526992791546135,78.41939042820735,1555.0,3.0,0.0,0.0,0.0,0.0,0.0,0.0,0.0,0.0,0.0
525,12000000.0,Narsingi,narsingi,17.389011135333806,78.35934516389472,1720.0,3.0,0.0,1.0,1.0,1.0,1.0,1.0,1.0,1.0,1.0
526,7540000.0,Other localities,Other,17.36207923287518,78.40747556516669,1327.0,3.0,0.0,1.0,1.0,1.0,1.0,1.0,1.0,1.0,1.0
527,6290000.0,Other localities,Other,17.36207923287518,78.40747556516669,1110.0,3.0,0.0,1.0,1.0,1.0,1.0,1.0,1.0,1.0,1.0
528,5290000.0,Other localities,Other,17.36207923287518,78.40747556516669,941.0,2.0,0.0,1.0,1.0,1.0,1.0,1.0,1.0,1.0,1.0
529,5580000.0,Other localities,Other,17.414714449893516,78.58427170565938,1200.0,2.0,0.0,0.0,0.0,1.0,0.0,1.0,0.0,1.0,0.0
530,4300000.0,Manikonda,manikonda,17.404881913358253,78.37812983145022,1200.0,1.0,0.0,1.0,0.0,1.0,0.0,1.0,0.0,1.0,0.0
531,5560000.0,Other localities,Other,17.328373406191044,78.57116727222792,1390.0,3.0,0.0,0.0,0.0,1.0,0.0,1.0,0.0,1.0,0.0
532,2400000.0,Other localities,Other,17.39306856539772,78.51820219185778,540.0,1.0,0.0,0.0,0.0,0.0,0.0,1.0,0.0,0.0,0.0
533,12500000.0,Gachibowli,gachibowli,17.43818620463587,78.35192198714175,1717.0,2.0,0.0,1.0,1.0,1.0,1.0,1.0,1.0,1.0,1.0
534,12500000.0,Gachibowli,gachibowli,17.43818620463587,78.35192198714175,1717.0,2.0,0.0,1.0,1.0,1.0,1.0,1.0,1.0,1.0,1.0
535,3570000.0,Other localities,Other,17.39081597306389,78.43542276012023,900.0,2.0,0.0,0.0,0.0,1.0,0.0,1.0,0.0,1.0,0.0
536,12600000.0,Bandlagudajagir,bandlagudajagir,17.3578764727295,78.39053678224889,2150.0,3.0,0.0,1.0,1.0,1.0,1.0,1.0,1.0,1.0,1.0
537,4800000.0,Other localities,Other,17.460458040982207,78.55861258891626,810.0,2.0,0.0,0.0,0.0,1.0,0.0,1.0,1.0,1.0,0.0
538,11600000.0,Bandlagudajagir,bandlagudajagir,17.3578764727295,78.39053678224889,1985.0,3.0,0.0,1.0,1.0,1.0,1.0,1.0,1.0,1.0,1.0
539,9563000.0,Kondapur,kondapur,17.464952556653586,78.35742606325269,1555.0,3.0,0.0,1.0,1.0,1.0,1.0,1.0,1.0,1.0,1.0
540,4800000.0,Other localities,Other,17.460458040982207,78.55861258891626,810.0,2.0,0.0,0.0,0.0,1.0,0.0,1.0,1.0,1.0,0.0
541,11600000.0,Bandlagudajagir,bandlagudajagir,17.3578764727295,78.39053678224889,1985.0,3.0,0.0,1.0,1.0,1.0,1.0,1.0,1.0,1.0,1.0
542,9563000.0,Kondapur,kondapur,17.464952556653586,78.35742606325269,1555.0,3.0,0.0,1.0,1.0,1.0,1.0,1.0,1.0,1.0,1.0
543,3600000.0,Other localities,Other,17.39081597306389,78.43542276012023,1050.0,2.0,0.0,0.0,0.0,1.0,0.0,1.0,0.0,0.0,0.0
544,4500000.0,Mallapur,mallapur,17.439289181215653,78.57052023466042,1014.0,2.0,0.0,0.0,0.0,1.0,0.0,1.0,0.0,1.0,1.0
545,3900000.0,Kompally,kompally,17.53598128028764,78.48216571304735,1085.0,2.0,0.0,1.0,1.0,1.0,1.0,1.0,1.0,1.0,1.0
546,5800000.0,Kompally,kompally,17.53598128028764,78.48216571304735,1100.0,2.0,0.0,1.0,1.0,1.0,0.0,1.0,0.0,1.0,1.0
547,3500000.0,Nizampet,nizampet,17.515834368956,78.38332726613078,1050.0,2.0,0.0,0.0,0.0,0.0,0.0,0.0,0.0,0.0,0.0
548,3500000.0,Nizampet,nizampet,17.515834368956,78.38332726613078,1050.0,2.0,0.0,0.0,0.0,1.0,0.0,1.0,0.0,0.0,0.0
549,11399999.0,Kukatpally,kukatpally,17.492910498045475,78.39886107029278,1860.0,3.0,0.0,1.0,1.0,1.0,1.0,1.0,1.0,1.0,0.0
550,11399999.0,Kukatpally,kukatpally,17.492910498045475,78.39886107029278,1860.0,3.0,0.0,1.0,1.0,1.0,1.0,0.0,1.0,1.0,0.0
551,35000000.0,Banjara Hills,banjarahills,17.415356872116416,78.43933349579677,3000.0,3.0,1.0,1.0,0.0,0.0,0.0,1.0,0.0,1.0,0.0
552,35000000.0,Banjara Hills,banjarahills,17.415356872116416,78.43933349579677,3000.0,3.0,1.0,0.0,0.0,0.0,0.0,0.0,0.0,0.0,0.0
553,4500000.0,Nallagandla,nallagandlagachibowli,17.43818620463587,78.35192198714175,955.0,2.0,0.0,1.0,1.0,1.0,0.0,1.0,1.0,1.0,1.0
554,4500000.0,Other localities,Other,17.384393964633208,78.32823350707596,1155.0,2.0,0.0,1.0,0.0,1.0,1.0,1.0,1.0,1.0,0.0
555,3500000.0,Nizampet,nizampet,17.515834368956,78.38332726613078,1120.0,2.0,0.0,0.0,0.0,1.0,0.0,1.0,0.0,0.0,0.0
556,3500000.0,Nizampet,nizampet,17.515834368956,78.38332726613078,850.0,2.0,0.0,0.0,0.0,1.0,0.0,1.0,0.0,0.0,0.0
557,3800000.0,Other localities,Other,17.389113287023832,78.49385086343706,1000.0,2.0,0.0,0.0,0.0,1.0,0.0,1.0,0.0,0.0,0.0
558,3800000.0,Other localities,Other,17.389113287023832,78.49385086343706,1000.0,2.0,0.0,0.0,0.0,0.0,0.0,0.0,0.0,0.0,0.0
559,3800000.0,Other localities,Other,17.389113287023832,78.49385086343706,1000.0,2.0,0.0,0.0,0.0,0.0,0.0,0.0,0.0,0.0,0.0
560,3800000.0,Other localities,Other,17.389113287023832,78.49385086343706,1000.0,2.0,0.0,0.0,0.0,0.0,0.0,0.0,0.0,0.0,0.0
561,3800000.0,Other localities,Other,17.389113287023832,78.49385086343706,1000.0,2.0,0.0,0.0,0.0,0.0,0.0,0.0,0.0,0.0,0.0
562,3960000.0,Narsingi,narsingi,17.389011135333806,78.35934516389472,966.0,2.0,0.0,0.0,0.0,0.0,0.0,0.0,0.0,0.0,0.0
563,3800000.0,Other localities,Other,17.389113287023832,78.49385086343706,1000.0,2.0,0.0,0.0,0.0,0.0,0.0,0.0,0.0,0.0,0.0
564,3800000.0,Other localities,Other,17.389113287023832,78.49385086343706,1000.0,2.0,0.0,0.0,0.0,0.0,0.0,0.0,0.0,0.0,0.0
565,4100000.0,Other localities,Other,17.39081597306389,78.43542276012023,1050.0,2.0,0.0,0.0,0.0,1.0,0.0,1.0,0.0,1.0,0.0
566,5500000.0,Alwal,alwal,17.500221878894795,78.5029576694876,1575.0,3.0,0.0,0.0,0.0,1.0,0.0,1.0,0.0,1.0,0.0
567,9600000.0,Nacharam,nacharam,17.427714853795678,78.55289423440898,1700.0,3.0,0.0,0.0,0.0,0.0,0.0,0.0,0.0,1.0,0.0
568,9600000.0,Nacharam,nacharam,17.427714853795678,78.55289423440898,1700.0,3.0,0.0,0.0,0.0,0.0,0.0,0.0,0.0,1.0,0.0
569,6795000.0,Pragathi Nagar,pragathinagarkukatpally,17.510961666666667,78.3961405,1535.0,3.0,0.0,0.0,1.0,0.0,0.0,1.0,0.0,1.0,0.0
570,3600000.0,Nizampet,nizampet,17.515834368956,78.38332726613078,940.0,2.0,0.0,0.0,0.0,1.0,0.0,1.0,0.0,0.0,0.0
571,3400000.0,Nizampet,nizampet,17.515834368956,78.38332726613078,1060.0,2.0,0.0,0.0,0.0,1.0,0.0,1.0,0.0,0.0,0.0
572,3500000.0,Nizampet,nizampet,17.515834368956,78.38332726613078,1015.0,2.0,0.0,0.0,0.0,0.0,0.0,0.0,0.0,0.0,0.0
573,3500000.0,Nizampet,nizampet,17.515834368956,78.38332726613078,1015.0,2.0,0.0,0.0,0.0,1.0,0.0,1.0,0.0,0.0,0.0
574,5000000.0,Narsingi,narsingi,17.389011135333806,78.35934516389472,1600.0,3.0,0.0,0.0,0.0,1.0,0.0,1.0,0.0,1.0,0.0
575,7000000.0,Kondapur,kondapur,17.464952556653586,78.35742606325269,1150.0,2.0,1.0,0.0,0.0,0.0,0.0,1.0,0.0,1.0,0.0
576,5500000.0,Narsingi,narsingi,17.389011135333806,78.35934516389472,1500.0,2.0,0.0,0.0,0.0,1.0,0.0,1.0,0.0,1.0,0.0
577,3870000.0,Nizampet,nizampet,17.515834368956,78.38332726613078,1000.0,2.0,0.0,0.0,0.0,1.0,0.0,1.0,0.0,0.0,0.0
578,5800000.0,Kompally,kompally,17.53598128028764,78.48216571304735,1208.0,2.0,0.0,0.0,0.0,1.0,0.0,1.0,0.0,1.0,0.0
579,4700000.0,Tolichowki,tolichowki,17.400576920967552,78.41095095845739,1000.0,2.0,1.0,0.0,0.0,0.0,0.0,0.0,0.0,1.0,0.0
580,7000000.0,Kondapur,kondapur,17.464952556653586,78.35742606325269,1150.0,2.0,1.0,0.0,0.0,0.0,0.0,1.0,0.0,1.0,0.0
581,5500000.0,Narsingi,narsingi,17.389011135333806,78.35934516389472,1500.0,2.0,0.0,0.0,0.0,1.0,0.0,1.0,0.0,1.0,0.0
582,11299999.0,Kukatpally,kukatpally,17.492910498045475,78.39886107029278,1700.0,3.0,0.0,0.0,0.0,0.0,0.0,1.0,0.0,1.0,0.0
583,4500000.0,Other localities,Other,17.402424084889383,78.45105142765695,1170.0,2.0,0.0,0.0,0.0,1.0,0.0,1.0,0.0,1.0,0.0
584,7317000.0,Kukatpally,kukatpally,17.492910498045475,78.39886107029278,1090.0,2.0,0.0,0.0,0.0,0.0,0.0,0.0,0.0,0.0,0.0
585,7317000.0,Kukatpally,kukatpally,17.492910498045475,78.39886107029278,1090.0,2.0,0.0,0.0,0.0,0.0,0.0,1.0,0.0,1.0,0.0
586,3800000.0,Nizampet,nizampet,17.515834368956,78.38332726613078,1050.0,2.0,0.0,0.0,0.0,1.0,0.0,1.0,0.0,0.0,0.0
587,4850000.0,Malkajgiri,malkajgiri,17.450858656897257,78.53212012652476,1425.0,3.0,0.0,0.0,0.0,1.0,0.0,1.0,0.0,1.0,0.0
588,4010000.0,Other localities,Other,17.521818794398804,78.51088799930999,1060.0,2.0,0.0,0.0,0.0,1.0,0.0,1.0,0.0,0.0,0.0
589,3550000.0,Bachupally,bachupally,17.541673105765128,78.36649211721665,1130.0,2.0,0.0,0.0,0.0,1.0,0.0,1.0,0.0,0.0,0.0
590,3300000.0,Nizampet,nizampet,17.515834368956,78.38332726613078,930.0,2.0,0.0,0.0,0.0,1.0,0.0,1.0,0.0,0.0,0.0
591,3500000.0,Nizampet,nizampet,17.515834368956,78.38332726613078,1085.0,2.0,0.0,0.0,0.0,1.0,0.0,1.0,0.0,0.0,0.0
592,7500000.0,Tolichowki,tolichowki,17.400576920967552,78.41095095845739,1420.0,3.0,0.0,0.0,0.0,0.0,0.0,1.0,0.0,1.0,0.0
593,4600000.0,Nizampet,nizampet,17.515834368956,78.38332726613078,1120.0,2.0,0.0,0.0,0.0,0.0,0.0,0.0,0.0,0.0,0.0
594,8500000.0,Appa Junction,appajunction,17.35773,78.376582,1506.0,2.0,0.0,0.0,0.0,0.0,0.0,0.0,0.0,0.0,0.0
595,8500000.0,Appa Junction,appajunction,17.35773,78.376582,1506.0,2.0,0.0,1.0,1.0,1.0,0.0,1.0,0.0,1.0,0.0
596,5500000.0,Nagole,nagole,17.372849336759185,78.56486212860278,1650.0,3.0,0.0,0.0,0.0,1.0,1.0,1.0,0.0,0.0,0.0
597,5500000.0,Nagole,nagole,17.372849336759185,78.56486212860278,1650.0,3.0,0.0,0.0,0.0,1.0,1.0,1.0,0.0,1.0,0.0
598,3900000.0,Nizampet,nizampet,17.515834368956,78.38332726613078,1200.0,2.0,0.0,1.0,0.0,1.0,0.0,1.0,0.0,0.0,0.0
599,4580000.0,Alwal,alwal,17.500221878894795,78.5029576694876,1145.0,2.0,0.0,0.0,1.0,1.0,0.0,1.0,0.0,1.0,0.0
600,10800000.0,Kokapet,kokapet,17.39378245928407,78.33970720299747,1875.0,3.0,0.0,1.0,1.0,1.0,1.0,1.0,1.0,1.0,1.0
601,15200000.0,Kokapet,kokapet,17.39378245928407,78.33970720299747,2540.0,3.0,0.0,1.0,1.0,1.0,1.0,1.0,1.0,1.0,1.0
602,15200000.0,Kokapet,kokapet,17.39378245928407,78.33970720299747,2630.0,4.0,0.0,1.0,1.0,1.0,1.0,1.0,1.0,1.0,1.0
603,4580000.0,Alwal,alwal,17.500221878894795,78.5029576694876,1145.0,2.0,0.0,0.0,1.0,1.0,0.0,1.0,0.0,1.0,0.0
604,15000000.0,Kondapur,kondapur,17.464952556653586,78.35742606325269,2450.0,3.0,0.0,0.0,0.0,0.0,0.0,1.0,0.0,1.0,0.0
605,5700000.0,Alwal,alwal,17.500221878894795,78.5029576694876,1425.0,3.0,0.0,0.0,1.0,1.0,0.0,1.0,0.0,1.0,0.0
606,7200000.0,Other localities,Other,17.39081597306389,78.43542276012023,1720.0,3.0,0.0,0.0,0.0,0.0,0.0,1.0,0.0,1.0,0.0
607,20000000.0,Nanakramguda,nanakramguda,17.422396189571867,78.344593041929,2405.0,3.0,0.0,1.0,1.0,1.0,0.0,1.0,0.0,1.0,0.0
608,8797000.0,Chandanagar,chandanagar,17.49522201744739,78.32650600129999,1725.0,3.0,0.0,0.0,0.0,0.0,0.0,0.0,0.0,1.0,0.0
609,10500000.0,Kukatpally,kukatpally,17.492910498045475,78.39886107029278,1730.0,3.0,0.0,0.0,0.0,0.0,0.0,1.0,0.0,1.0,0.0
610,43000000.0,Madhapur,madhapur,17.447815297983848,78.39084241875916,4070.0,4.0,1.0,1.0,1.0,1.0,1.0,1.0,1.0,1.0,0.0
611,10000000.0,Miyapur,miyapur,17.503473552989245,78.35121638270526,2000.0,3.0,1.0,1.0,1.0,1.0,1.0,1.0,1.0,1.0,0.0
612,10000000.0,Kondapur,kondapur,17.464952556653586,78.35742606325269,1295.0,2.0,1.0,1.0,1.0,1.0,1.0,1.0,1.0,1.0,1.0
613,12000000.0,Kondapur,kondapur,17.464952556653586,78.35742606325269,1490.0,3.0,1.0,1.0,1.0,1.0,1.0,1.0,1.0,1.0,1.0
614,10700000.0,Miyapur,miyapur,17.503473552989245,78.35121638270526,1905.0,3.0,0.0,0.0,0.0,0.0,0.0,0.0,0.0,0.0,0.0
615,10700000.0,Miyapur,miyapur,17.503473552989245,78.35121638270526,1905.0,3.0,0.0,1.0,1.0,1.0,0.0,1.0,0.0,1.0,0.0
616,7900000.0,Kondapur,kondapur,17.464952556653586,78.35742606325269,1525.0,3.0,0.0,0.0,0.0,0.0,0.0,0.0,0.0,1.0,0.0
617,4900000.0,Manikonda,manikonda,17.404881913358253,78.37812983145022,1120.0,2.0,0.0,0.0,0.0,0.0,0.0,0.0,0.0,0.0,0.0
618,3800000.0,Other localities,Other,17.398454233830904,78.3935680289995,1080.0,3.0,0.0,0.0,0.0,0.0,0.0,0.0,0.0,0.0,0.0
619,4000000.0,Tolichowki,tolichowki,17.400576920967552,78.41095095845739,950.0,2.0,0.0,0.0,0.0,0.0,0.0,0.0,0.0,0.0,0.0
620,13500000.0,Manikonda,manikonda,17.404881913358253,78.37812983145022,2700.0,3.0,0.0,0.0,0.0,0.0,0.0,0.0,0.0,0.0,0.0
621,10000000.0,Narsingi,narsingi,17.389011135333806,78.35934516389472,1755.0,3.0,0.0,0.0,0.0,0.0,0.0,0.0,0.0,0.0,0.0
622,10000000.0,Narsingi,narsingi,17.389011135333806,78.35934516389472,1755.0,3.0,0.0,1.0,1.0,1.0,0.0,1.0,0.0,1.0,0.0
623,6200000.0,Puppalaguda,puppalaguda,17.398543308160374,78.37822984533346,1216.0,2.0,0.0,0.0,0.0,0.0,0.0,1.0,0.0,1.0,0.0
624,7000000.0,Nallagandla,nallagandlagachibowli,17.43818620463587,78.35192198714175,1210.0,2.0,0.0,0.0,0.0,0.0,0.0,1.0,0.0,1.0,0.0
625,7900000.0,Kondapur,kondapur,17.464952556653586,78.35742606325269,1525.0,3.0,0.0,0.0,0.0,0.0,0.0,0.0,0.0,0.0,0.0
626,6700000.0,Puppalaguda,puppalaguda,17.398543308160374,78.37822984533346,1340.0,2.0,0.0,1.0,1.0,1.0,0.0,1.0,0.0,1.0,0.0
627,6200000.0,Puppalaguda,puppalaguda,17.398543308160374,78.37822984533346,1216.0,2.0,0.0,0.0,0.0,0.0,0.0,1.0,0.0,1.0,0.0
628,8452000.0,Chandanagar,chandanagar,17.49522201744739,78.32650600129999,1725.0,2.0,0.0,0.0,0.0,0.0,0.0,1.0,0.0,1.0,0.0
629,20000000.0,Banjara Hills,banjarahills,17.415356872116416,78.43933349579677,2070.0,3.0,1.0,1.0,1.0,1.0,0.0,1.0,0.0,1.0,0.0
630,30200000.0,Banjara Hills,banjarahills,17.415356872116416,78.43933349579677,3025.0,4.0,1.0,1.0,0.0,1.0,0.0,1.0,0.0,1.0,0.0
631,12500000.0,Jubilee Hills,jubileehills,17.4321415472508,78.41327145544938,1670.0,3.0,0.0,0.0,0.0,0.0,0.0,1.0,0.0,1.0,0.0
632,8200000.0,Eastmarredpally,eastmarredpally,17.446890707880414,78.5137535050642,1150.0,2.0,0.0,0.0,0.0,0.0,0.0,0.0,0.0,0.0,0.0
633,6900000.0,Kondapur,kondapur,17.464952556653586,78.35742606325269,1150.0,2.0,0.0,0.0,0.0,0.0,0.0,0.0,0.0,1.0,0.0
634,9026000.0,Narsingi,narsingi,17.389011135333806,78.35934516389472,1600.0,3.0,0.0,0.0,0.0,0.0,0.0,0.0,0.0,0.0,0.0
635,18200000.0,Narsingi,narsingi,17.389011135333806,78.35934516389472,2786.0,3.0,0.0,1.0,1.0,1.0,0.0,1.0,0.0,1.0,0.0
636,8500000.0,Kondapur,kondapur,17.464952556653586,78.35742606325269,1525.0,3.0,0.0,0.0,0.0,0.0,0.0,0.0,0.0,0.0,0.0
637,6531000.0,Gajularamaram,gajularamaram,17.526992791546135,78.41939042820735,1555.0,3.0,0.0,1.0,1.0,0.0,0.0,1.0,0.0,1.0,0.0
638,8095000.0,Kondapur,kondapur,17.464952556653586,78.35742606325269,1315.0,2.0,0.0,1.0,1.0,1.0,1.0,1.0,1.0,1.0,1.0
639,14000000.0,Kondapur,kondapur,17.464952556653586,78.35742606325269,2050.0,3.0,0.0,1.0,1.0,1.0,0.0,1.0,0.0,1.0,0.0
640,10200000.0,Kukatpally,kukatpally,17.492910498045475,78.39886107029278,1675.0,3.0,0.0,0.0,0.0,0.0,0.0,1.0,0.0,1.0,0.0
641,10000000.0,Other localities,Other,17.384393964633208,78.32823350707596,1725.0,3.0,0.0,1.0,1.0,1.0,0.0,1.0,0.0,1.0,0.0
642,10700000.0,Kondapur,kondapur,17.464952556653586,78.35742606325269,1770.0,3.0,0.0,1.0,1.0,1.0,1.0,1.0,1.0,1.0,1.0
643,24000000.0,Jubilee Hills,jubileehills,17.4321415472508,78.41327145544938,3200.0,3.0,0.0,0.0,0.0,0.0,0.0,1.0,0.0,1.0,0.0
644,22000000.0,Jubilee Hills,jubileehills,17.4321415472508,78.41327145544938,1900.0,3.0,0.0,0.0,0.0,0.0,0.0,1.0,0.0,1.0,0.0
645,21400000.0,Kondapur,kondapur,17.464952556653586,78.35742606325269,1880.0,3.0,0.0,1.0,1.0,1.0,0.0,1.0,0.0,1.0,0.0
646,16000000.0,Kondapur,kondapur,17.464952556653586,78.35742606325269,2050.0,3.0,0.0,1.0,1.0,1.0,0.0,1.0,0.0,1.0,0.0
647,36500000.0,Nanakramguda,nanakramguda,17.422396189571867,78.344593041929,3600.0,3.0,1.0,1.0,1.0,1.0,1.0,1.0,1.0,1.0,1.0
648,15000000.0,Other localities,Other,17.384393964633208,78.32823350707596,2665.0,3.0,0.0,1.0,1.0,1.0,0.0,1.0,0.0,1.0,0.0
649,8500000.0,Kukatpally,kukatpally,17.492910498045475,78.39886107029278,1216.0,2.0,0.0,1.0,1.0,1.0,0.0,1.0,0.0,1.0,0.0
650,28000000.0,Banjara Hills,banjarahills,17.415356872116416,78.43933349579677,3031.0,4.0,0.0,1.0,1.0,1.0,0.0,1.0,0.0,1.0,0.0
651,15500000.0,Kokapet,kokapet,17.39378245928407,78.33970720299747,2220.0,3.0,0.0,1.0,1.0,1.0,0.0,1.0,0.0,1.0,0.0
652,32500000.0,Gachibowli,gachibowli,17.43818620463587,78.35192198714175,3448.0,3.0,1.0,1.0,1.0,1.0,0.0,1.0,0.0,1.0,0.0
653,20700000.0,Madhapur,madhapur,17.447815297983848,78.39084241875916,3015.0,3.0,0.0,1.0,1.0,1.0,0.0,1.0,0.0,1.0,0.0
654,10500000.0,Gachibowli,gachibowli,17.43818620463587,78.35192198714175,1430.0,3.0,0.0,1.0,1.0,1.0,0.0,1.0,0.0,1.0,0.0
655,28000000.0,Other localities,Other,17.393004987532347,78.47203439445869,2007.0,5.0,1.0,0.0,0.0,0.0,0.0,0.0,0.0,0.0,0.0
656,10300000.0,Kukatpally,kukatpally,17.492910498045475,78.39886107029278,1695.0,3.0,0.0,0.0,0.0,0.0,0.0,1.0,0.0,1.0,0.0
657,11000000.0,Kondapur,kondapur,17.464952556653586,78.35742606325269,1815.0,3.0,0.0,1.0,1.0,1.0,1.0,1.0,1.0,1.0,1.0
658,9991000.0,Kondapur,kondapur,17.464952556653586,78.35742606325269,1630.0,3.0,0.0,1.0,1.0,1.0,1.0,1.0,1.0,1.0,1.0
659,8014000.0,Chandanagar,chandanagar,17.49522201744739,78.32650600129999,1620.0,3.0,0.0,0.0,0.0,0.0,0.0,0.0,0.0,0.0,0.0
660,4000000.0,Other localities,Other,17.54589755485709,78.29478253520176,1200.0,2.0,0.0,0.0,0.0,0.0,0.0,0.0,0.0,0.0,0.0
661,12500000.0,West Marredpally,westmarredpally,17.45078209501182,78.50513277521213,1650.0,2.0,1.0,0.0,0.0,0.0,0.0,0.0,0.0,1.0,0.0
662,8925000.0,Kukatpally,kukatpally,17.492910498045475,78.39886107029278,1550.0,3.0,0.0,0.0,0.0,0.0,0.0,1.0,0.0,1.0,0.0
663,9296000.0,Kondapur,kondapur,17.464952556653586,78.35742606325269,1535.0,3.0,0.0,1.0,1.0,1.0,1.0,1.0,1.0,1.0,1.0
664,7598999.0,Kondapur,kondapur,17.464952556653586,78.35742606325269,1165.0,2.0,0.0,1.0,1.0,1.0,1.0,1.0,1.0,1.0,1.0
665,8500000.0,Malkajgiri,malkajgiri,17.450858656897257,78.53212012652476,1400.0,3.0,1.0,0.0,0.0,0.0,0.0,0.0,0.0,0.0,0.0
666,20000000.0,Other localities,Other,17.424647471170314,78.45839552082218,2600.0,3.0,1.0,0.0,0.0,0.0,0.0,1.0,0.0,1.0,0.0
667,5250000.0,Miyapur,miyapur,17.503473552989245,78.35121638270526,1100.0,2.0,0.0,0.0,0.0,0.0,0.0,1.0,0.0,1.0,0.0
668,4000000.0,Malkajgiri,malkajgiri,17.450858656897257,78.53212012652476,1010.0,2.0,1.0,0.0,0.0,0.0,0.0,0.0,0.0,0.0,0.0
669,7500000.0,Kondapur,kondapur,17.464952556653586,78.35742606325269,1195.0,2.0,0.0,1.0,1.0,1.0,1.0,1.0,1.0,1.0,1.0
670,5253000.0,Kukatpally,kukatpally,17.492910498045475,78.39886107029278,970.0,2.0,0.0,1.0,1.0,1.0,1.0,1.0,1.0,1.0,0.0
671,5800000.0,Kompally,kompally,17.53598128028764,78.48216571304735,1050.0,2.0,0.0,0.0,0.0,0.0,0.0,1.0,0.0,0.0,0.0
672,5085000.0,Alwal,alwal,17.500221878894795,78.5029576694876,1130.0,2.0,0.0,0.0,0.0,0.0,0.0,1.0,0.0,0.0,0.0
673,12000000.0,Other localities,Other,17.521818794398804,78.51088799930999,2300.0,3.0,0.0,0.0,0.0,0.0,0.0,1.0,0.0,0.0,0.0
674,3500000.0,Alwal,alwal,17.500221878894795,78.5029576694876,1015.0,2.0,1.0,0.0,0.0,0.0,0.0,1.0,0.0,0.0,0.0
675,25500000.0,Shaikpet,shaikpet,17.406035256725136,78.39568502838843,2960.0,4.0,0.0,1.0,1.0,1.0,1.0,1.0,0.0,1.0,0.0
676,6500000.0,Mallapur,mallapur,17.439289181215653,78.57052023466042,1190.0,2.0,0.0,1.0,1.0,1.0,0.0,1.0,0.0,1.0,1.0
677,6000000.0,Mallapur,mallapur,17.439289181215653,78.57052023466042,1190.0,2.0,0.0,1.0,1.0,1.0,0.0,1.0,0.0,1.0,1.0
678,6700000.0,Puppalaguda,puppalaguda,17.398543308160374,78.37822984533346,1340.0,2.0,0.0,1.0,1.0,1.0,0.0,1.0,1.0,1.0,0.0
679,16000000.0,Shaikpet,shaikpet,17.406035256725136,78.39568502838843,1875.0,3.0,1.0,1.0,1.0,1.0,1.0,1.0,1.0,1.0,1.0
680,23000000.0,Jubilee Hills,jubileehills,17.4321415472508,78.41327145544938,1900.0,3.0,0.0,1.0,1.0,1.0,1.0,1.0,1.0,1.0,0.0
681,19500000.0,West Marredpally,westmarredpally,17.45078209501182,78.50513277521213,1920.0,4.0,1.0,0.0,0.0,0.0,0.0,1.0,0.0,1.0,0.0
682,5320000.0,Alwal,alwal,17.500221878894795,78.5029576694876,1330.0,2.0,0.0,0.0,1.0,1.0,0.0,1.0,0.0,1.0,0.0
683,19500000.0,Hitech City,hitechcity,17.45333259937053,78.37437407077309,2350.0,3.0,1.0,1.0,1.0,1.0,1.0,1.0,1.0,1.0,0.0
684,4800000.0,Pragathi Nagar,pragathinagarkukatpally,17.510961666666667,78.3961405,1120.0,2.0,0.0,0.0,0.0,0.0,0.0,1.0,0.0,1.0,0.0
685,13000000.0,Madhapur,madhapur,17.447815297983848,78.39084241875916,1924.0,3.0,1.0,0.0,0.0,0.0,0.0,0.0,0.0,0.0,0.0
686,10200000.0,Other localities,Other,17.43038818,78.44193104,1575.0,3.0,0.0,0.0,0.0,0.0,0.0,0.0,0.0,1.0,0.0
687,19500000.0,Hitech City,hitechcity,17.45333259937053,78.37437407077309,2350.0,3.0,1.0,1.0,1.0,1.0,1.0,1.0,1.0,1.0,0.0
688,20000000.0,Other localities,Other,17.3692977315379,78.5278824536924,3000.0,4.0,1.0,0.0,0.0,0.0,0.0,0.0,0.0,1.0,0.0
689,5900000.0,Other localities,Other,17.498010395834438,78.46112403592036,1350.0,3.0,1.0,0.0,0.0,0.0,0.0,0.0,0.0,0.0,0.0
690,8500000.0,Puppalaguda,puppalaguda,17.398543308160374,78.37822984533346,1580.0,3.0,0.0,0.0,0.0,0.0,0.0,1.0,0.0,1.0,0.0
691,6000000.0,Malkajgiri,malkajgiri,17.450858656897257,78.53212012652476,1200.0,2.0,1.0,0.0,0.0,0.0,0.0,0.0,0.0,0.0,0.0
692,4710000.0,Gajularamaram,gajularamaram,17.526992791546135,78.41939042820735,1050.0,2.0,0.0,0.0,1.0,0.0,0.0,1.0,0.0,1.0,0.0
693,7317000.0,Kukatpally,kukatpally,17.492910498045475,78.39886107029278,1090.0,2.0,0.0,0.0,0.0,0.0,0.0,1.0,0.0,1.0,0.0
694,11399999.0,Kukatpally,kukatpally,17.492910498045475,78.39886107029278,1730.0,3.0,0.0,0.0,0.0,0.0,0.0,1.0,0.0,1.0,0.0
695,9449000.0,Kondapur,kondapur,17.464952556653586,78.35742606325269,1535.0,3.0,0.0,1.0,1.0,1.0,1.0,1.0,1.0,1.0,1.0
696,11299999.0,Kukatpally,kukatpally,17.492910498045475,78.39886107029278,1700.0,3.0,0.0,0.0,0.0,0.0,0.0,1.0,0.0,1.0,0.0
697,4000000.0,Alwal,alwal,17.500221878894795,78.5029576694876,1050.0,2.0,1.0,0.0,0.0,0.0,0.0,0.0,0.0,0.0,0.0
698,5450000.0,Alwal,alwal,17.500221878894795,78.5029576694876,1300.0,2.0,0.0,0.0,0.0,0.0,0.0,1.0,0.0,0.0,0.0
699,10600000.0,Kondapur,kondapur,17.464952556653586,78.35742606325269,1770.0,3.0,0.0,1.0,1.0,1.0,1.0,1.0,1.0,1.0,1.0
700,4000000.0,Alwal,alwal,17.500221878894795,78.5029576694876,1050.0,2.0,1.0,0.0,0.0,0.0,0.0,0.0,0.0,0.0,0.0
701,5450000.0,Alwal,alwal,17.500221878894795,78.5029576694876,1300.0,2.0,0.0,0.0,0.0,0.0,0.0,1.0,0.0,0.0,0.0
702,10600000.0,Kondapur,kondapur,17.464952556653586,78.35742606325269,1770.0,3.0,0.0,1.0,1.0,1.0,1.0,1.0,1.0,1.0,1.0
703,7500000.0,Kompally,kompally,17.53598128028764,78.48216571304735,1430.0,3.0,0.0,0.0,0.0,0.0,0.0,1.0,0.0,0.0,0.0
704,12400000.0,Kukatpally,kukatpally,17.492910498045475,78.39886107029278,1800.0,3.0,0.0,0.0,0.0,0.0,0.0,1.0,0.0,1.0,0.0
705,7800000.0,Alwal,alwal,17.500221878894795,78.5029576694876,1530.0,3.0,1.0,0.0,0.0,0.0,0.0,1.0,0.0,0.0,0.0
706,4800000.0,Miyapur,miyapur,17.503473552989245,78.35121638270526,1000.0,2.0,0.0,0.0,1.0,0.0,0.0,1.0,0.0,1.0,0.0
707,9525000.0,Kukatpally,kukatpally,17.492910498045475,78.39886107029278,1905.0,3.0,0.0,1.0,1.0,1.0,1.0,1.0,1.0,1.0,1.0
708,12200000.0,Kondapur,kondapur,17.464952556653586,78.35742606325269,1885.0,3.0,0.0,0.0,0.0,0.0,0.0,0.0,0.0,0.0,0.0
709,12300000.0,Kondapur,kondapur,17.464952556653586,78.35742606325269,1885.0,3.0,0.0,0.0,0.0,0.0,0.0,0.0,0.0,0.0,0.0
710,12300000.0,Kondapur,kondapur,17.464952556653586,78.35742606325269,1885.0,3.0,0.0,0.0,0.0,0.0,0.0,1.0,0.0,1.0,0.0
711,8800000.0,Other localities,Other,17.470072472490287,78.42941954809221,1560.0,3.0,1.0,0.0,0.0,0.0,0.0,0.0,0.0,0.0,0.0
712,6798999.0,Other localities,Other,17.482239444725955,78.36180867165479,1190.0,2.0,1.0,0.0,0.0,0.0,0.0,1.0,0.0,1.0,0.0
713,9300000.0,Kukatpally,kukatpally,17.492910498045475,78.39886107029278,1450.0,3.0,0.0,1.0,1.0,1.0,1.0,1.0,1.0,1.0,1.0
714,9300000.0,Kukatpally,kukatpally,17.492910498045475,78.39886107029278,1450.0,3.0,0.0,1.0,1.0,1.0,1.0,1.0,1.0,1.0,1.0
715,4710000.0,Gajularamaram,gajularamaram,17.526992791546135,78.41939042820735,1050.0,2.0,0.0,1.0,1.0,0.0,0.0,1.0,0.0,1.0,0.0
716,12000000.0,Kondapur,kondapur,17.464952556653586,78.35742606325269,1875.0,3.0,1.0,0.0,0.0,0.0,0.0,1.0,0.0,0.0,0.0
717,6931000.0,Gajularamaram,gajularamaram,17.526992791546135,78.41939042820735,1555.0,3.0,0.0,1.0,1.0,0.0,0.0,1.0,0.0,1.0,0.0
718,3499000.0,Other localities,Other,17.491100648379927,78.54404478575385,900.0,2.0,0.0,0.0,0.0,0.0,0.0,0.0,0.0,0.0,0.0
719,7100000.0,Puppalaguda,puppalaguda,17.398543308160374,78.37822984533346,1418.0,3.0,0.0,0.0,0.0,0.0,0.0,1.0,0.0,1.0,0.0
720,7100000.0,Puppalaguda,puppalaguda,17.398543308160374,78.37822984533346,1418.0,3.0,0.0,0.0,0.0,0.0,0.0,1.0,0.0,1.0,0.0
721,4800000.0,Nizampet,nizampet,17.515834368956,78.38332726613078,1125.0,2.0,0.0,0.0,1.0,1.0,0.0,1.0,0.0,1.0,0.0
722,5500000.0,Nizampet,nizampet,17.515834368956,78.38332726613078,1515.0,3.0,0.0,0.0,0.0,1.0,0.0,1.0,0.0,1.0,0.0
723,7500000.0,Serilingampally,serilingampally,17.477587205115576,78.32105761867258,1600.0,3.0,0.0,1.0,1.0,1.0,0.0,1.0,0.0,1.0,0.0
724,5600000.0,Serilingampally,serilingampally,17.477587205115576,78.32105761867258,1260.0,2.0,0.0,1.0,0.0,1.0,0.0,1.0,0.0,1.0,0.0
725,19400000.0,Gachibowli,gachibowli,17.43818620463587,78.35192198714175,2848.0,4.0,0.0,1.0,1.0,0.0,0.0,0.0,0.0,1.0,0.0
726,9908000.0,Gachibowli,gachibowli,17.43818620463587,78.35192198714175,1492.0,2.0,0.0,1.0,1.0,0.0,0.0,0.0,0.0,1.0,0.0
727,8126000.0,Gachibowli,gachibowli,17.43818620463587,78.35192198714175,1283.0,2.0,0.0,1.0,1.0,0.0,0.0,0.0,0.0,1.0,0.0
728,9110000.0,Gachibowli,gachibowli,17.43818620463587,78.35192198714175,1410.0,2.0,0.0,1.0,1.0,0.0,0.0,0.0,0.0,1.0,0.0
729,14000000.0,Kondapur,kondapur,17.464952556653586,78.35742606325269,2000.0,3.0,0.0,1.0,1.0,1.0,0.0,1.0,0.0,1.0,0.0
730,7000000.0,Manikonda,manikonda,17.404881913358253,78.37812983145022,1463.0,3.0,0.0,0.0,0.0,0.0,0.0,0.0,0.0,1.0,0.0
731,11399999.0,Kukatpally,kukatpally,17.492910498045475,78.39886107029278,1730.0,3.0,0.0,0.0,0.0,0.0,0.0,1.0,0.0,1.0,0.0
732,8500000.0,Kondapur,kondapur,17.464952556653586,78.35742606325269,1600.0,3.0,0.0,0.0,0.0,0.0,0.0,0.0,0.0,0.0,0.0
733,17000000.0,Manikonda,manikonda,17.404881913358253,78.37812983145022,2600.0,3.0,1.0,0.0,0.0,0.0,0.0,0.0,0.0,0.0,0.0
734,2500000.0,West Marredpally,westmarredpally,17.45078209501182,78.50513277521213,840.0,1.0,1.0,0.0,0.0,0.0,0.0,0.0,0.0,1.0,0.0
735,8600000.0,Manikonda,manikonda,17.404881913358253,78.37812983145022,1725.0,3.0,0.0,0.0,0.0,0.0,0.0,1.0,0.0,1.0,0.0
736,17800000.0,Banjara Hills,banjarahills,17.415356872116416,78.43933349579677,1980.0,3.0,0.0,1.0,1.0,1.0,0.0,1.0,1.0,1.0,1.0
737,18700000.0,Banjara Hills,banjarahills,17.415356872116416,78.43933349579677,2085.0,3.0,0.0,1.0,1.0,1.0,0.0,1.0,1.0,1.0,1.0
738,23200000.0,Banjara Hills,banjarahills,17.415356872116416,78.43933349579677,2580.0,3.0,0.0,1.0,1.0,1.0,0.0,1.0,1.0,1.0,1.0
739,19600000.0,Banjara Hills,banjarahills,17.415356872116416,78.43933349579677,2185.0,3.0,0.0,1.0,1.0,1.0,0.0,1.0,1.0,1.0,1.0
740,17200000.0,Banjara Hills,banjarahills,17.415356872116416,78.43933349579677,1920.0,3.0,0.0,1.0,1.0,1.0,0.0,1.0,1.0,1.0,1.0
741,19800000.0,Banjara Hills,banjarahills,17.415356872116416,78.43933349579677,2210.0,3.0,0.0,1.0,1.0,1.0,0.0,1.0,1.0,1.0,1.0
742,4500000.0,Other localities,Other,17.398454233830904,78.3935680289995,1111.0,3.0,1.0,0.0,0.0,0.0,0.0,0.0,0.0,1.0,0.0
743,4031000.0,Nizampet,nizampet,17.515834368956,78.38332726613078,1161.0,2.0,0.0,0.0,0.0,0.0,0.0,1.0,0.0,1.0,0.0
744,6399000.0,Other localities,Other,17.491100648379927,78.54404478575385,1500.0,3.0,0.0,0.0,0.0,0.0,0.0,1.0,0.0,1.0,0.0
745,6399000.0,Other localities,Other,17.491100648379927,78.54404478575385,1500.0,3.0,0.0,0.0,0.0,0.0,0.0,1.0,0.0,1.0,0.0
746,8000000.0,Puppalaguda,puppalaguda,17.398543308160374,78.37822984533346,2021.0,2.0,0.0,0.0,0.0,0.0,0.0,0.0,0.0,1.0,0.0
747,5200000.0,Manikonda,manikonda,17.404881913358253,78.37812983145022,1300.0,3.0,0.0,0.0,0.0,0.0,0.0,1.0,0.0,1.0,0.0
748,4000000.0,Malkajgiri,malkajgiri,17.450858656897257,78.53212012652476,1000.0,2.0,1.0,0.0,0.0,0.0,0.0,1.0,0.0,1.0,0.0
749,7200000.0,Eastmarredpally,eastmarredpally,17.446890707880414,78.5137535050642,1060.0,2.0,1.0,0.0,0.0,0.0,0.0,0.0,0.0,1.0,0.0
750,80000000.0,Kukatpally,kukatpally,17.492910498045475,78.39886107029278,9400.0,8.0,1.0,1.0,1.0,1.0,1.0,1.0,1.0,1.0,1.0
751,3200000.0,Nizampet,nizampet,17.515834368956,78.38332726613078,950.0,2.0,1.0,0.0,0.0,0.0,0.0,0.0,0.0,0.0,0.0
752,3800000.0,Other localities,Other,17.486508300593496,78.56780807245762,1350.0,3.0,1.0,0.0,0.0,0.0,0.0,1.0,0.0,1.0,0.0
753,6000000.0,Nagole,nagole,17.372849336759185,78.56486212860278,1600.0,3.0,1.0,0.0,0.0,0.0,0.0,1.0,0.0,1.0,0.0
754,3500000.0,Nacharam,nacharam,17.427714853795678,78.55289423440898,1000.0,2.0,1.0,0.0,0.0,0.0,0.0,0.0,0.0,1.0,0.0
755,5000000.0,Nacharam,nacharam,17.427714853795678,78.55289423440898,1450.0,3.0,1.0,0.0,0.0,0.0,0.0,0.0,0.0,1.0,0.0
756,2800000.0,Other localities,Other,17.486508300593496,78.56780807245762,1050.0,2.0,1.0,0.0,0.0,0.0,0.0,1.0,0.0,1.0,0.0
757,3600000.0,Mallapur,mallapur,17.439289181215653,78.57052023466042,1150.0,2.0,1.0,0.0,0.0,0.0,0.0,0.0,0.0,1.0,0.0
758,8000000.0,Mallapur,mallapur,17.439289181215653,78.57052023466042,1900.0,3.0,1.0,0.0,0.0,0.0,0.0,1.0,0.0,1.0,0.0
759,5034000.0,Nizampet,nizampet,17.515834368956,78.38332726613078,1465.0,3.0,0.0,0.0,0.0,0.0,0.0,1.0,0.0,1.0,0.0
760,4252000.0,Nizampet,nizampet,17.515834368956,78.38332726613078,1228.0,2.0,0.0,0.0,0.0,0.0,0.0,1.0,0.0,1.0,0.0
761,4044000.0,Nizampet,nizampet,17.515834368956,78.38332726613078,1165.0,2.0,0.0,0.0,0.0,0.0,0.0,1.0,0.0,1.0,0.0
762,3849000.0,Nizampet,nizampet,17.515834368956,78.38332726613078,1106.0,2.0,0.0,0.0,0.0,0.0,0.0,1.0,0.0,1.0,0.0
763,3500000.0,Mallapur,mallapur,17.439289181215653,78.57052023466042,1315.0,3.0,1.0,0.0,0.0,0.0,0.0,0.0,0.0,1.0,0.0
764,20000000.0,West Marredpally,westmarredpally,17.45078209501182,78.50513277521213,3200.0,3.0,1.0,0.0,0.0,0.0,0.0,1.0,0.0,1.0,0.0
765,4800000.0,Nacharam,nacharam,17.427714853795678,78.55289423440898,1250.0,3.0,1.0,0.0,0.0,0.0,0.0,0.0,0.0,0.0,0.0
766,4500000.0,Tolichowki,tolichowki,17.400576920967552,78.41095095845739,1050.0,2.0,1.0,0.0,0.0,0.0,0.0,0.0,0.0,0.0,0.0
767,8000000.0,Mallapur,mallapur,17.439289181215653,78.57052023466042,1900.0,2.0,1.0,0.0,0.0,0.0,0.0,0.0,0.0,1.0,0.0
768,3800000.0,Beeramguda,beeramguda,17.518769497302298,78.30204857007145,1096.0,2.0,0.0,0.0,0.0,0.0,0.0,1.0,0.0,1.0,0.0
769,13500000.0,Other localities,Other,17.409887383465254,78.5440661847158,1765.0,3.0,1.0,0.0,0.0,0.0,0.0,1.0,0.0,1.0,0.0
770,8000000.0,Puppalaguda,puppalaguda,17.398543308160374,78.37822984533346,2021.0,2.0,0.0,0.0,0.0,0.0,0.0,0.0,0.0,0.0,0.0
771,2700000.0,Other localities,Other,17.512902957893854,78.37820215439821,1005.0,2.0,1.0,0.0,0.0,0.0,0.0,0.0,0.0,1.0,0.0
772,6000000.0,Mallapur,mallapur,17.439289181215653,78.57052023466042,1750.0,3.0,1.0,0.0,0.0,0.0,0.0,0.0,0.0,0.0,0.0
773,3740000.0,Nizampet,nizampet,17.515834368956,78.38332726613078,1100.0,2.0,0.0,0.0,0.0,0.0,0.0,0.0,0.0,1.0,0.0
774,3740000.0,Nizampet,nizampet,17.515834368956,78.38332726613078,1100.0,2.0,0.0,0.0,0.0,0.0,0.0,0.0,0.0,1.0,0.0
775,5280000.0,Nizampet,nizampet,17.515834368956,78.38332726613078,1200.0,2.0,0.0,0.0,0.0,0.0,0.0,1.0,0.0,1.0,0.0
776,5100000.0,Nizampet,nizampet,17.515834368956,78.38332726613078,1160.0,2.0,0.0,0.0,1.0,1.0,0.0,1.0,0.0,1.0,0.0
777,5500000.0,Nizampet,nizampet,17.515834368956,78.38332726613078,1060.0,2.0,0.0,0.0,0.0,0.0,0.0,0.0,0.0,0.0,0.0
778,6000000.0,Other localities,Other,17.475350371266842,78.5509627444464,1506.0,3.0,0.0,0.0,0.0,0.0,0.0,1.0,0.0,1.0,0.0
779,4500000.0,Nizampet,nizampet,17.515834368956,78.38332726613078,1165.0,2.0,0.0,0.0,0.0,0.0,0.0,0.0,0.0,1.0,0.0
780,6500000.0,Tarnaka,tarnaka,17.428136635178678,78.53931921817022,1471.0,3.0,1.0,0.0,0.0,0.0,0.0,0.0,0.0,1.0,0.0
781,20000000.0,West Marredpally,westmarredpally,17.45078209501182,78.50513277521213,3200.0,3.0,1.0,0.0,0.0,0.0,0.0,1.0,0.0,1.0,0.0
782,4500000.0,Nagole,nagole,17.372849336759185,78.56486212860278,1350.0,3.0,1.0,0.0,0.0,0.0,0.0,0.0,0.0,1.0,0.0
783,10100000.0,Malkajgiri,malkajgiri,17.450858656897257,78.53212012652476,1850.0,3.0,0.0,0.0,0.0,0.0,0.0,0.0,0.0,0.0,0.0
784,5500000.0,Mallapur,mallapur,17.439289181215653,78.57052023466042,1600.0,2.0,1.0,0.0,0.0,0.0,0.0,0.0,0.0,1.0,0.0
785,4800000.0,Nacharam,nacharam,17.427714853795678,78.55289423440898,1250.0,3.0,1.0,0.0,0.0,0.0,0.0,0.0,0.0,0.0,0.0
786,4500000.0,Tolichowki,tolichowki,17.400576920967552,78.41095095845739,1050.0,2.0,1.0,0.0,0.0,0.0,0.0,0.0,0.0,0.0,0.0
787,8000000.0,Mallapur,mallapur,17.439289181215653,78.57052023466042,1900.0,2.0,1.0,0.0,0.0,0.0,0.0,0.0,0.0,1.0,0.0
788,3800000.0,Mallapur,mallapur,17.439289181215653,78.57052023466042,1150.0,2.0,1.0,0.0,0.0,0.0,0.0,0.0,0.0,1.0,0.0
789,8000000.0,West Marredpally,westmarredpally,17.45078209501182,78.50513277521213,1700.0,3.0,1.0,0.0,0.0,0.0,0.0,1.0,0.0,1.0,0.0
790,13500000.0,Other localities,Other,17.409887383465254,78.5440661847158,1765.0,3.0,1.0,0.0,0.0,0.0,0.0,1.0,0.0,1.0,0.0
791,3000000.0,Mallampet,mallampet,17.554356668027488,78.35349841623915,1050.0,1.0,0.0,0.0,0.0,0.0,0.0,0.0,0.0,1.0,0.0
792,3200000.0,Nizampet,nizampet,17.515834368956,78.38332726613078,1050.0,2.0,1.0,0.0,0.0,0.0,0.0,1.0,0.0,1.0,0.0
793,6000000.0,Mallapur,mallapur,17.439289181215653,78.57052023466042,1750.0,3.0,1.0,0.0,0.0,0.0,0.0,0.0,0.0,0.0,0.0
794,3400000.0,Nizampet,nizampet,17.515834368956,78.38332726613078,1150.0,2.0,0.0,0.0,0.0,0.0,0.0,0.0,0.0,0.0,0.0
795,7000000.0,Eastmarredpally,eastmarredpally,17.446890707880414,78.5137535050642,990.0,2.0,1.0,0.0,0.0,0.0,0.0,0.0,0.0,0.0,0.0
796,5000000.0,Nagole,nagole,17.372849336759185,78.56486212860278,1150.0,2.0,1.0,1.0,1.0,0.0,1.0,0.0,1.0,1.0,1.0
797,22000000.0,Banjara Hills,banjarahills,17.415356872116416,78.43933349579677,2400.0,3.0,1.0,1.0,1.0,1.0,1.0,1.0,1.0,1.0,1.0
798,5280000.0,Nizampet,nizampet,17.515834368956,78.38332726613078,1200.0,2.0,0.0,0.0,0.0,0.0,0.0,1.0,0.0,1.0,0.0
799,5500000.0,Nizampet,nizampet,17.515834368956,78.38332726613078,1060.0,2.0,0.0,0.0,0.0,0.0,0.0,0.0,0.0,0.0,0.0
800,5100000.0,Nizampet,nizampet,17.515834368956,78.38332726613078,1160.0,2.0,0.0,0.0,1.0,1.0,0.0,1.0,0.0,1.0,0.0
801,4500000.0,Nizampet,nizampet,17.515834368956,78.38332726613078,1165.0,2.0,0.0,0.0,0.0,0.0,0.0,0.0,0.0,1.0,0.0
802,6000000.0,Manikonda,manikonda,17.404881913358253,78.37812983145022,1278.0,2.0,0.0,0.0,1.0,0.0,0.0,1.0,0.0,1.0,0.0
803,8000000.0,Puppalaguda,puppalaguda,17.398543308160374,78.37822984533346,2021.0,2.0,0.0,0.0,0.0,0.0,0.0,0.0,0.0,0.0,0.0
804,13500000.0,Other localities,Other,17.409887383465254,78.5440661847158,1765.0,3.0,1.0,0.0,0.0,0.0,0.0,1.0,0.0,1.0,0.0
805,8000000.0,Puppalaguda,puppalaguda,17.398543308160374,78.37822984533346,2021.0,2.0,0.0,0.0,0.0,0.0,0.0,0.0,0.0,0.0,0.0
806,2700000.0,Other localities,Other,17.512902957893854,78.37820215439821,1005.0,2.0,1.0,0.0,0.0,0.0,0.0,0.0,0.0,1.0,0.0
807,34000000.0,Gachibowli,gachibowli,17.43818620463587,78.35192198714175,3180.0,3.0,1.0,1.0,1.0,1.0,1.0,1.0,1.0,1.0,1.0
808,34000000.0,Kondapur,kondapur,17.464952556653586,78.35742606325269,3180.0,3.0,1.0,0.0,0.0,0.0,0.0,0.0,0.0,0.0,0.0
809,3300000.0,Nizampet,nizampet,17.515834368956,78.38332726613078,1000.0,2.0,1.0,0.0,0.0,0.0,0.0,0.0,0.0,1.0,0.0
810,6900000.0,Eastmarredpally,eastmarredpally,17.446890707880414,78.5137535050642,987.0,2.0,1.0,0.0,0.0,0.0,0.0,0.0,0.0,0.0,0.0
811,3200000.0,West Marredpally,westmarredpally,17.45078209501182,78.50513277521213,1075.0,2.0,1.0,0.0,0.0,0.0,0.0,0.0,0.0,0.0,0.0
812,2000000.0,Kukatpally,kukatpally,17.492910498045475,78.39886107029278,600.0,1.0,1.0,0.0,0.0,0.0,0.0,1.0,0.0,1.0,0.0
813,7000000.0,Other localities,Other,17.409887383465254,78.5440661847158,1400.0,3.0,1.0,0.0,0.0,0.0,0.0,0.0,0.0,0.0,0.0
814,4600000.0,Puppalaguda,puppalaguda,17.398543308160374,78.37822984533346,1300.0,3.0,0.0,0.0,0.0,0.0,0.0,1.0,0.0,1.0,0.0
815,4600000.0,Puppalaguda,puppalaguda,17.398543308160374,78.37822984533346,1300.0,3.0,0.0,0.0,0.0,0.0,0.0,1.0,0.0,1.0,0.0
816,7000000.0,Manikonda,manikonda,17.404881913358253,78.37812983145022,1490.0,3.0,0.0,0.0,1.0,0.0,0.0,1.0,0.0,1.0,0.0
817,8599000.0,Eastmarredpally,eastmarredpally,17.446890707880414,78.5137535050642,1275.0,2.0,1.0,0.0,0.0,0.0,0.0,0.0,0.0,0.0,0.0
818,3800000.0,Beeramguda,beeramguda,17.518769497302298,78.30204857007145,1096.0,2.0,0.0,0.0,0.0,0.0,0.0,1.0,0.0,1.0,0.0
819,3740000.0,Nizampet,nizampet,17.515834368956,78.38332726613078,1100.0,2.0,0.0,0.0,0.0,0.0,0.0,0.0,0.0,1.0,0.0
820,3500000.0,Mallapur,mallapur,17.439289181215653,78.57052023466042,1000.0,2.0,1.0,0.0,0.0,0.0,0.0,0.0,0.0,0.0,0.0
821,3570000.0,Nizampet,nizampet,17.515834368956,78.38332726613078,1050.0,2.0,0.0,0.0,0.0,0.0,0.0,0.0,0.0,1.0,0.0
822,3740000.0,Nizampet,nizampet,17.515834368956,78.38332726613078,1100.0,2.0,0.0,0.0,0.0,0.0,0.0,0.0,0.0,1.0,0.0
823,3740000.0,Nizampet,nizampet,17.515834368956,78.38332726613078,1100.0,2.0,0.0,0.0,0.0,0.0,0.0,0.0,0.0,1.0,0.0
824,3300000.0,Other localities,Other,17.53422381331555,78.39311261424609,1450.0,3.0,1.0,0.0,0.0,0.0,0.0,0.0,0.0,0.0,0.0
825,6742000.0,Appa Junction (Peerancheru),appajunctionpeerancheru,17.357199716666667,78.3769494,1376.0,2.0,0.0,1.0,1.0,1.0,1.0,1.0,1.0,1.0,1.0
826,9662000.0,Appa Junction (Peerancheru),appajunctionpeerancheru,17.357199716666667,78.3769494,1972.0,3.0,0.0,1.0,1.0,1.0,1.0,1.0,1.0,1.0,1.0
827,5782000.0,Appa Junction (Peerancheru),appajunctionpeerancheru,17.357199716666667,78.3769494,1180.0,2.0,0.0,1.0,1.0,1.0,1.0,1.0,1.0,1.0,1.0
828,7614000.0,Appa Junction (Peerancheru),appajunctionpeerancheru,17.357199716666667,78.3769494,1554.0,3.0,0.0,1.0,1.0,1.0,1.0,1.0,1.0,1.0,1.0
829,7977000.0,Appa Junction (Peerancheru),appajunctionpeerancheru,17.357199716666667,78.3769494,1628.0,3.0,0.0,1.0,1.0,1.0,1.0,1.0,1.0,1.0,1.0
830,6242000.0,Appa Junction (Peerancheru),appajunctionpeerancheru,17.357199716666667,78.3769494,1274.0,2.0,0.0,1.0,1.0,1.0,1.0,1.0,1.0,1.0,1.0
831,8741000.0,Appa Junction (Peerancheru),appajunctionpeerancheru,17.357199716666667,78.3769494,1784.0,3.0,0.0,1.0,1.0,1.0,1.0,1.0,1.0,1.0,1.0
832,8761000.0,Appa Junction (Peerancheru),appajunctionpeerancheru,17.357199716666667,78.3769494,1788.0,3.0,0.0,1.0,1.0,1.0,1.0,1.0,1.0,1.0,1.0
833,6859999.0,Appa Junction (Peerancheru),appajunctionpeerancheru,17.357199716666667,78.3769494,1400.0,2.0,0.0,1.0,1.0,1.0,1.0,1.0,1.0,1.0,1.0
834,9633000.0,Appa Junction (Peerancheru),appajunctionpeerancheru,17.357199716666667,78.3769494,1966.0,3.0,0.0,1.0,1.0,1.0,1.0,1.0,1.0,1.0,1.0
835,7359000.0,Appa Junction (Peerancheru),appajunctionpeerancheru,17.357199716666667,78.3769494,1502.0,3.0,0.0,1.0,1.0,1.0,1.0,1.0,1.0,1.0,1.0
836,8364000.0,Appa Junction (Peerancheru),appajunctionpeerancheru,17.357199716666667,78.3769494,1707.0,3.0,0.0,1.0,1.0,1.0,1.0,1.0,1.0,1.0,1.0
837,8045000.0,Appa Junction (Peerancheru),appajunctionpeerancheru,17.357199716666667,78.3769494,1642.0,3.0,0.0,1.0,1.0,1.0,1.0,1.0,1.0,1.0,1.0
838,7286000.0,Appa Junction (Peerancheru),appajunctionpeerancheru,17.357199716666667,78.3769494,1487.0,2.0,0.0,1.0,1.0,1.0,1.0,1.0,1.0,1.0,1.0
839,8001000.0,Appa Junction (Peerancheru),appajunctionpeerancheru,17.357199716666667,78.3769494,1633.0,3.0,0.0,1.0,1.0,1.0,1.0,1.0,1.0,1.0,1.0
840,8820000.0,Appa Junction (Peerancheru),appajunctionpeerancheru,17.357199716666667,78.3769494,1800.0,3.0,0.0,1.0,1.0,1.0,1.0,1.0,1.0,1.0,1.0
841,9197000.0,Appa Junction (Peerancheru),appajunctionpeerancheru,17.357199716666667,78.3769494,1877.0,3.0,0.0,1.0,1.0,1.0,1.0,1.0,1.0,1.0,1.0
842,7467000.0,Appa Junction (Peerancheru),appajunctionpeerancheru,17.357199716666667,78.3769494,1524.0,2.0,0.0,1.0,1.0,1.0,1.0,1.0,1.0,1.0,1.0
843,6497000.0,Appa Junction (Peerancheru),appajunctionpeerancheru,17.357199716666667,78.3769494,1326.0,2.0,0.0,1.0,1.0,1.0,1.0,1.0,1.0,1.0,1.0
844,7178000.0,Appa Junction (Peerancheru),appajunctionpeerancheru,17.357199716666667,78.3769494,1465.0,2.0,0.0,1.0,1.0,1.0,1.0,1.0,1.0,1.0,1.0
845,7825000.0,Appa Junction (Peerancheru),appajunctionpeerancheru,17.357199716666667,78.3769494,1597.0,3.0,0.0,1.0,1.0,1.0,1.0,1.0,1.0,1.0,1.0
846,9075000.0,Miyapur,miyapur,17.503473552989245,78.35121638270526,1265.0,2.0,0.0,1.0,1.0,1.0,0.0,1.0,0.0,1.0,0.0
847,10100000.0,Miyapur,miyapur,17.503473552989245,78.35121638270526,1945.0,3.0,0.0,1.0,1.0,1.0,0.0,1.0,0.0,1.0,0.0
848,7962000.0,Kukatpally,kukatpally,17.492910498045475,78.39886107029278,1435.0,3.0,0.0,1.0,1.0,1.0,1.0,1.0,1.0,1.0,0.0
849,12700000.0,Miyapur,miyapur,17.503473552989245,78.35121638270526,1925.0,3.0,0.0,1.0,1.0,1.0,0.0,1.0,0.0,1.0,0.0
850,9075000.0,Miyapur,miyapur,17.503473552989245,78.35121638270526,1265.0,2.0,0.0,1.0,1.0,1.0,0.0,1.0,0.0,1.0,0.0
851,10700000.0,Kukatpally,kukatpally,17.492910498045475,78.39886107029278,1905.0,3.0,0.0,1.0,1.0,1.0,1.0,1.0,1.0,1.0,1.0
852,6168000.0,Kukatpally,kukatpally,17.492910498045475,78.39886107029278,1090.0,2.0,0.0,1.0,1.0,1.0,1.0,1.0,1.0,1.0,0.0
853,6895999.0,Kukatpally,kukatpally,17.492910498045475,78.39886107029278,1230.0,2.0,0.0,1.0,1.0,1.0,1.0,1.0,1.0,1.0,0.0
854,10700000.0,Kukatpally,kukatpally,17.492910498045475,78.39886107029278,1920.0,3.0,0.0,1.0,1.0,1.0,1.0,1.0,1.0,1.0,1.0
855,10700000.0,Miyapur,miyapur,17.503473552989245,78.35121638270526,1905.0,3.0,0.0,1.0,1.0,1.0,0.0,1.0,0.0,1.0,0.0
856,6233000.0,Kukatpally,kukatpally,17.492910498045475,78.39886107029278,1170.0,1.0,0.0,0.0,1.0,1.0,1.0,1.0,1.0,1.0,0.0
857,8800000.0,Appa Junction,appajunction,17.35773,78.376582,1385.0,2.0,0.0,1.0,1.0,1.0,0.0,1.0,0.0,1.0,0.0
858,8998000.0,Appa Junction,appajunction,17.35773,78.376582,1390.0,2.0,0.0,1.0,1.0,1.0,0.0,1.0,0.0,1.0,0.0
859,7998999.0,Appa Junction,appajunction,17.35773,78.376582,1282.0,2.0,0.0,1.0,1.0,1.0,0.0,1.0,0.0,1.0,0.0
860,4284000.0,Gajularamaram,gajularamaram,17.526992791546135,78.41939042820735,1020.0,1.0,0.0,0.0,1.0,0.0,0.0,1.0,0.0,1.0,0.0
861,10000000.0,Aminpur,aminpur,17.52735,78.3246769,1935.0,3.0,0.0,1.0,1.0,1.0,0.0,1.0,0.0,1.0,0.0
862,7098999.0,Kukatpally,kukatpally,17.492910498045475,78.39886107029278,1090.0,2.0,0.0,0.0,0.0,0.0,0.0,1.0,0.0,1.0,0.0
863,9828000.0,Kondapur,kondapur,17.464952556653586,78.35742606325269,1630.0,3.0,0.0,1.0,1.0,1.0,0.0,1.0,0.0,1.0,0.0
864,10900000.0,Kukatpally,kukatpally,17.492910498045475,78.39886107029278,1695.0,3.0,0.0,0.0,0.0,0.0,0.0,1.0,0.0,1.0,0.0
865,7998999.0,Appa Junction,appajunction,17.35773,78.376582,1282.0,2.0,0.0,1.0,1.0,1.0,0.0,1.0,0.0,1.0,0.0
866,8998000.0,Appa Junction,appajunction,17.35773,78.376582,1390.0,2.0,0.0,1.0,1.0,1.0,0.0,1.0,0.0,1.0,0.0
867,8800000.0,Appa Junction,appajunction,17.35773,78.376582,1385.0,2.0,0.0,1.0,1.0,1.0,0.0,1.0,0.0,1.0,0.0
868,8800000.0,Appa Junction,appajunction,17.35773,78.376582,1385.0,2.0,0.0,1.0,1.0,1.0,0.0,1.0,0.0,1.0,0.0
869,3500000.0,Beeramguda,beeramguda,17.518769497302298,78.30204857007145,1080.0,2.0,0.0,0.0,0.0,0.0,0.0,1.0,0.0,1.0,0.0
870,3300000.0,Krishnareddypet,krishnareddypet,17.53497604917157,78.29046831794751,1045.0,2.0,0.0,0.0,0.0,0.0,0.0,1.0,0.0,1.0,0.0
871,3200000.0,Krishnareddypet,krishnareddypet,17.53497604917157,78.29046831794751,1100.0,2.0,0.0,0.0,0.0,0.0,0.0,1.0,0.0,1.0,0.0
872,7317000.0,Kukatpally,kukatpally,17.492910498045475,78.39886107029278,1090.0,2.0,0.0,0.0,0.0,0.0,0.0,1.0,0.0,1.0,0.0
873,10900000.0,Other localities,Other,17.470072472490287,78.42941954809221,1700.0,2.0,0.0,0.0,0.0,0.0,0.0,1.0,0.0,1.0,0.0
874,11100000.0,Other localities,Other,17.470072472490287,78.42941954809221,1730.0,2.0,0.0,0.0,0.0,0.0,0.0,1.0,0.0,1.0,0.0
875,10900000.0,Kukatpally,kukatpally,17.492910498045475,78.39886107029278,1700.0,3.0,0.0,0.0,0.0,0.0,0.0,1.0,0.0,1.0,0.0
876,4600000.0,Gajularamaram,gajularamaram,17.526992791546135,78.41939042820735,1050.0,2.0,0.0,1.0,0.0,0.0,0.0,1.0,0.0,1.0,0.0
877,15000000.0,Other localities,Other,17.342403866180586,78.53243168202744,2400.0,4.0,1.0,0.0,0.0,0.0,0.0,0.0,0.0,1.0,0.0
878,5500000.0,Miyapur,miyapur,17.503473552989245,78.35121638270526,1214.0,2.0,0.0,0.0,0.0,0.0,0.0,1.0,0.0,1.0,0.0
879,3500000.0,Beeramguda,beeramguda,17.518769497302298,78.30204857007145,1080.0,2.0,0.0,0.0,0.0,0.0,0.0,1.0,0.0,1.0,0.0
880,7317000.0,Kukatpally,kukatpally,17.492910498045475,78.39886107029278,1090.0,2.0,0.0,0.0,0.0,0.0,0.0,1.0,0.0,1.0,0.0
881,11800000.0,Kukatpally,kukatpally,17.492910498045475,78.39886107029278,1840.0,3.0,0.0,0.0,0.0,0.0,0.0,1.0,0.0,1.0,0.0
882,8098000.0,Other localities,Other,17.492910498045475,78.39886107029278,1620.0,3.0,0.0,1.0,1.0,1.0,1.0,1.0,1.0,1.0,0.0
883,5623000.0,Other localities,Other,17.492910498045475,78.39886107029278,1125.0,2.0,0.0,1.0,1.0,1.0,1.0,1.0,1.0,1.0,0.0
884,6838000.0,Other localities,Other,17.492910498045475,78.39886107029278,1368.0,3.0,0.0,1.0,1.0,1.0,1.0,1.0,1.0,1.0,0.0
885,10500000.0,Kokapet,kokapet,17.39378245928407,78.33970720299747,2115.0,3.0,0.0,1.0,1.0,1.0,1.0,1.0,1.0,1.0,1.0
886,11200000.0,Kukatpally,kukatpally,17.492910498045475,78.39886107029278,1695.0,3.0,0.0,0.0,0.0,0.0,0.0,1.0,0.0,1.0,0.0
887,3375000.0,Mallampet,mallampet,17.554356668027488,78.35349841623915,1125.0,1.0,0.0,0.0,0.0,0.0,0.0,1.0,0.0,1.0,0.0
888,5500000.0,Other localities,Other,17.40499710457858,78.56754575350816,1170.0,2.0,0.0,0.0,0.0,0.0,0.0,0.0,0.0,1.0,0.0
889,4200000.0,Miyapur,miyapur,17.503473552989245,78.35121638270526,1200.0,2.0,0.0,0.0,0.0,0.0,0.0,1.0,0.0,1.0,0.0
890,4700000.0,Lbnagar,lbnagar,17.35158391547192,78.5535823129719,902.0,2.0,0.0,0.0,0.0,0.0,0.0,0.0,0.0,1.0,0.0
891,10600000.0,Kukatpally,kukatpally,17.492910498045475,78.39886107029278,1695.0,3.0,0.0,0.0,0.0,0.0,0.0,1.0,0.0,1.0,0.0
892,6500000.0,Kondapur,kondapur,17.464952556653586,78.35742606325269,1200.0,2.0,1.0,0.0,0.0,0.0,0.0,1.0,0.0,1.0,0.0
893,3600000.0,Krishnareddypet,krishnareddypet,17.53497604917157,78.29046831794751,1100.0,2.0,0.0,0.0,0.0,0.0,0.0,0.0,0.0,0.0,0.0
894,3300000.0,Krishnareddypet,krishnareddypet,17.53497604917157,78.29046831794751,1035.0,2.0,0.0,0.0,0.0,0.0,0.0,1.0,0.0,1.0,0.0
895,3300000.0,Krishnareddypet,krishnareddypet,17.53497604917157,78.29046831794751,1025.0,2.0,0.0,0.0,0.0,0.0,0.0,1.0,0.0,1.0,0.0
896,8100000.0,Narsingi,narsingi,17.389011135333806,78.35934516389472,1490.0,3.0,0.0,0.0,1.0,0.0,0.0,1.0,0.0,1.0,0.0
897,4500000.0,Manikonda,manikonda,17.404881913358253,78.37812983145022,1130.0,2.0,1.0,0.0,0.0,0.0,0.0,0.0,0.0,0.0,0.0
898,8900000.0,Puppalaguda,puppalaguda,17.398543308160374,78.37822984533346,1480.0,3.0,0.0,0.0,0.0,0.0,0.0,1.0,0.0,1.0,0.0
899,4710000.0,Gajularamaram,gajularamaram,17.526992791546135,78.41939042820735,1050.0,2.0,0.0,0.0,0.0,0.0,0.0,1.0,0.0,1.0,0.0
900,8100000.0,Other localities,Other,17.422396189571867,78.344593041929,1510.0,3.0,0.0,0.0,0.0,0.0,0.0,1.0,0.0,1.0,0.0
901,12700000.0,Miyapur,miyapur,17.503473552989245,78.35121638270526,1925.0,3.0,0.0,1.0,1.0,1.0,0.0,1.0,0.0,1.0,0.0
902,8700000.0,Kondapur,kondapur,17.464952556653586,78.35742606325269,1525.0,3.0,0.0,0.0,0.0,0.0,0.0,0.0,0.0,0.0,0.0
903,6300000.0,Other localities,Other,17.465359715880783,78.60641733547259,1523.0,2.0,1.0,0.0,0.0,0.0,0.0,0.0,0.0,0.0,0.0
904,6700000.0,Other localities,Other,17.491100648379927,78.54404478575385,1200.0,3.0,0.0,0.0,0.0,0.0,0.0,0.0,0.0,0.0,0.0
905,45000000.0,Hitech City,hitechcity,17.45333259937053,78.37437407077309,3233.0,4.0,1.0,0.0,0.0,0.0,0.0,0.0,0.0,0.0,0.0
906,5000000.0,Mallampet,mallampet,17.554356668027488,78.35349841623915,1620.0,3.0,0.0,0.0,0.0,0.0,0.0,0.0,0.0,0.0,0.0
907,10000000.0,Other localities,Other,17.389113287023832,78.49385086343706,1500.0,1.0,1.0,0.0,0.0,0.0,0.0,1.0,0.0,1.0,0.0
908,7500000.0,Manikonda,manikonda,17.404881913358253,78.37812983145022,1650.0,3.0,1.0,0.0,0.0,0.0,0.0,1.0,0.0,1.0,0.0
909,15000000.0,Jubilee Hills,jubileehills,17.4321415472508,78.41327145544938,1908.0,3.0,0.0,0.0,0.0,0.0,0.0,0.0,0.0,1.0,0.0
910,4500000.0,Manikonda,manikonda,17.404881913358253,78.37812983145022,1130.0,2.0,1.0,0.0,0.0,0.0,0.0,0.0,0.0,0.0,0.0
911,8900000.0,Puppalaguda,puppalaguda,17.398543308160374,78.37822984533346,1480.0,3.0,0.0,0.0,0.0,0.0,0.0,1.0,0.0,1.0,0.0
912,4710000.0,Gajularamaram,gajularamaram,17.526992791546135,78.41939042820735,1050.0,2.0,0.0,0.0,0.0,0.0,0.0,1.0,0.0,1.0,0.0
913,8500000.0,Tarnaka,tarnaka,17.428136635178678,78.53931921817022,1548.0,3.0,1.0,0.0,0.0,0.0,0.0,0.0,0.0,0.0,0.0
914,5499000.0,Tarnaka,tarnaka,17.428136635178678,78.53931921817022,1725.0,3.0,0.0,0.0,0.0,0.0,0.0,0.0,0.0,0.0,0.0
915,7500000.0,Tarnaka,tarnaka,17.428136635178678,78.53931921817022,1500.0,2.0,1.0,0.0,0.0,0.0,0.0,0.0,0.0,0.0,0.0
916,8500000.0,Puppalaguda,puppalaguda,17.398543308160374,78.37822984533346,1430.0,2.0,0.0,1.0,1.0,1.0,0.0,1.0,0.0,1.0,0.0
917,3200000.0,Krishnareddypet,krishnareddypet,17.53497604917157,78.29046831794751,1050.0,2.0,0.0,0.0,0.0,0.0,0.0,0.0,0.0,0.0,0.0
918,3828000.0,Miyapur,miyapur,17.503473552989245,78.35121638270526,1294.0,2.0,0.0,1.0,1.0,1.0,0.0,1.0,0.0,1.0,0.0
919,3200000.0,Krishnareddypet,krishnareddypet,17.53497604917157,78.29046831794751,1050.0,2.0,0.0,0.0,0.0,0.0,0.0,0.0,0.0,0.0,0.0
920,3200000.0,Krishnareddypet,krishnareddypet,17.53497604917157,78.29046831794751,1100.0,2.0,0.0,0.0,0.0,0.0,0.0,0.0,0.0,0.0,0.0
921,3500000.0,Beeramguda,beeramguda,17.518769497302298,78.30204857007145,1080.0,2.0,0.0,0.0,0.0,0.0,0.0,0.0,0.0,0.0,0.0
922,3600000.0,Krishnareddypet,krishnareddypet,17.53497604917157,78.29046831794751,1100.0,2.0,0.0,0.0,0.0,0.0,0.0,0.0,0.0,0.0,0.0
923,3300000.0,Krishnareddypet,krishnareddypet,17.53497604917157,78.29046831794751,1025.0,2.0,0.0,0.0,0.0,0.0,0.0,0.0,0.0,0.0,0.0
924,3299000.0,Krishnareddypet,krishnareddypet,17.53497604917157,78.29046831794751,1035.0,2.0,0.0,0.0,0.0,0.0,0.0,0.0,0.0,0.0,0.0
925,3500000.0,Beeramguda,beeramguda,17.518769497302298,78.30204857007145,1085.0,2.0,0.0,0.0,0.0,0.0,0.0,1.0,0.0,1.0,0.0
926,6500000.0,Attapur,attapur,17.366046499919246,78.42716799129866,1480.0,3.0,0.0,0.0,0.0,0.0,0.0,0.0,0.0,0.0,0.0
927,3600000.0,Krishnareddypet,krishnareddypet,17.53497604917157,78.29046831794751,1100.0,2.0,0.0,0.0,0.0,0.0,0.0,1.0,0.0,1.0,0.0
928,10700000.0,Miyapur,miyapur,17.503473552989245,78.35121638270526,1920.0,3.0,0.0,1.0,1.0,0.0,0.0,0.0,0.0,0.0,0.0
929,8573000.0,Miyapur,miyapur,17.503473552989245,78.35121638270526,1190.0,2.0,0.0,1.0,1.0,1.0,0.0,1.0,0.0,1.0,0.0
930,3600000.0,Beeramguda,beeramguda,17.518769497302298,78.30204857007145,1080.0,2.0,0.0,0.0,0.0,0.0,0.0,0.0,0.0,0.0,0.0
931,6300000.0,Gajularamaram,gajularamaram,17.526992791546135,78.41939042820735,1465.0,3.0,0.0,0.0,0.0,0.0,0.0,1.0,0.0,1.0,0.0
932,8573000.0,Miyapur,miyapur,17.503473552989245,78.35121638270526,1190.0,2.0,0.0,1.0,1.0,1.0,0.0,1.0,0.0,1.0,0.0
933,4600000.0,Gajularamaram,gajularamaram,17.526992791546135,78.41939042820735,1050.0,2.0,0.0,0.0,0.0,0.0,0.0,1.0,0.0,1.0,0.0
934,8298999.0,Tellapur,tellapur,17.460288438271743,78.29110116751885,1538.0,3.0,0.0,1.0,1.0,1.0,1.0,1.0,1.0,1.0,1.0
935,8800000.0,Tellapur,tellapur,17.460288438271743,78.29110116751885,1678.0,3.0,0.0,1.0,1.0,1.0,1.0,1.0,1.0,1.0,1.0
936,8800000.0,Tellapur,tellapur,17.460288438271743,78.29110116751885,1678.0,3.0,0.0,1.0,1.0,1.0,1.0,1.0,1.0,1.0,1.0
937,3600000.0,Beeramguda,beeramguda,17.518769497302298,78.30204857007145,1080.0,2.0,0.0,0.0,0.0,0.0,0.0,0.0,0.0,0.0,0.0
938,3600000.0,Beeramguda,beeramguda,17.518769497302298,78.30204857007145,1080.0,2.0,0.0,0.0,0.0,0.0,0.0,0.0,0.0,0.0,0.0
939,11200000.0,Kukatpally,kukatpally,17.492910498045475,78.39886107029278,1695.0,3.0,0.0,0.0,0.0,0.0,0.0,1.0,0.0,1.0,0.0
940,13500000.0,Other localities,Other,17.404326894309648,78.48588952177145,1700.0,3.0,1.0,0.0,0.0,0.0,0.0,0.0,0.0,0.0,0.0
941,10000000.0,Other localities,Other,17.389113287023832,78.49385086343706,1500.0,1.0,1.0,0.0,0.0,0.0,0.0,1.0,0.0,1.0,0.0
942,7500000.0,Manikonda,manikonda,17.404881913358253,78.37812983145022,1650.0,3.0,1.0,0.0,0.0,0.0,0.0,1.0,0.0,1.0,0.0
943,10700000.0,Miyapur,miyapur,17.503473552989245,78.35121638270526,1920.0,3.0,0.0,1.0,1.0,0.0,0.0,0.0,0.0,0.0,0.0
944,8573000.0,Miyapur,miyapur,17.503473552989245,78.35121638270526,1190.0,2.0,0.0,1.0,1.0,1.0,0.0,1.0,0.0,1.0,0.0
945,4500000.0,Manikonda,manikonda,17.404881913358253,78.37812983145022,1130.0,2.0,1.0,0.0,0.0,0.0,0.0,0.0,0.0,0.0,0.0
946,8900000.0,Puppalaguda,puppalaguda,17.398543308160374,78.37822984533346,1480.0,3.0,0.0,0.0,0.0,0.0,0.0,1.0,0.0,1.0,0.0
947,10000000.0,Puppalaguda,puppalaguda,17.398543308160374,78.37822984533346,2000.0,3.0,1.0,0.0,0.0,0.0,0.0,0.0,0.0,1.0,0.0
948,4710000.0,Gajularamaram,gajularamaram,17.526992791546135,78.41939042820735,1050.0,2.0,0.0,0.0,0.0,0.0,0.0,1.0,0.0,1.0,0.0
949,5500000.0,Other localities,Other,17.40499710457858,78.56754575350816,1170.0,2.0,0.0,0.0,0.0,0.0,0.0,0.0,0.0,1.0,0.0
950,8500000.0,Tarnaka,tarnaka,17.428136635178678,78.53931921817022,1548.0,3.0,1.0,0.0,0.0,0.0,0.0,0.0,0.0,0.0,0.0
951,5499000.0,Tarnaka,tarnaka,17.428136635178678,78.53931921817022,1725.0,3.0,0.0,0.0,0.0,0.0,0.0,0.0,0.0,0.0,0.0
952,7500000.0,Tarnaka,tarnaka,17.428136635178678,78.53931921817022,1500.0,2.0,1.0,0.0,0.0,0.0,0.0,0.0,0.0,0.0,0.0
953,8500000.0,Puppalaguda,puppalaguda,17.398543308160374,78.37822984533346,1430.0,2.0,0.0,1.0,1.0,1.0,0.0,1.0,0.0,1.0,0.0
954,3300000.0,Krishnareddypet,krishnareddypet,17.53497604917157,78.29046831794751,1045.0,2.0,0.0,0.0,0.0,0.0,0.0,0.0,0.0,0.0,0.0
955,3300000.0,Krishnareddypet,krishnareddypet,17.53497604917157,78.29046831794751,1035.0,2.0,0.0,0.0,0.0,0.0,0.0,1.0,0.0,1.0,0.0
956,3300000.0,Krishnareddypet,krishnareddypet,17.53497604917157,78.29046831794751,1025.0,2.0,0.0,0.0,0.0,0.0,0.0,1.0,0.0,1.0,0.0
957,3500000.0,Beeramguda,beeramguda,17.518769497302298,78.30204857007145,1080.0,2.0,0.0,0.0,0.0,0.0,0.0,0.0,0.0,0.0,0.0
958,3500000.0,Beeramguda,beeramguda,17.518769497302298,78.30204857007145,1080.0,2.0,0.0,0.0,0.0,0.0,0.0,0.0,0.0,0.0,0.0
959,3299000.0,Krishnareddypet,krishnareddypet,17.53497604917157,78.29046831794751,1035.0,2.0,0.0,0.0,0.0,0.0,0.0,0.0,0.0,0.0,0.0
960,3500000.0,Beeramguda,beeramguda,17.518769497302298,78.30204857007145,1085.0,2.0,0.0,0.0,0.0,0.0,0.0,1.0,0.0,1.0,0.0
961,6500000.0,Attapur,attapur,17.366046499919246,78.42716799129866,1480.0,3.0,0.0,0.0,0.0,0.0,0.0,0.0,0.0,0.0,0.0
962,3600000.0,Krishnareddypet,krishnareddypet,17.53497604917157,78.29046831794751,1100.0,2.0,0.0,0.0,0.0,0.0,0.0,1.0,0.0,1.0,0.0
963,3300000.0,Krishnareddypet,krishnareddypet,17.53497604917157,78.29046831794751,1045.0,2.0,0.0,0.0,0.0,0.0,0.0,0.0,0.0,0.0,0.0
964,3300000.0,Krishnareddypet,krishnareddypet,17.53497604917157,78.29046831794751,1035.0,2.0,0.0,0.0,0.0,0.0,0.0,0.0,0.0,0.0,0.0
965,3300000.0,Krishnareddypet,krishnareddypet,17.53497604917157,78.29046831794751,1025.0,2.0,0.0,0.0,0.0,0.0,0.0,0.0,0.0,0.0,0.0
966,8500000.0,Kondapur,kondapur,17.464952556653586,78.35742606325269,1525.0,2.0,0.0,0.0,0.0,0.0,0.0,1.0,0.0,1.0,0.0
967,3500000.0,Beeramguda,beeramguda,17.518769497302298,78.30204857007145,1080.0,2.0,0.0,0.0,0.0,0.0,0.0,1.0,0.0,1.0,0.0
968,11399999.0,Kukatpally,kukatpally,17.492910498045475,78.39886107029278,1730.0,3.0,0.0,0.0,0.0,0.0,0.0,1.0,0.0,1.0,0.0
969,6500000.0,Attapur,attapur,17.366046499919246,78.42716799129866,1361.0,3.0,0.0,1.0,1.0,0.0,0.0,1.0,0.0,1.0,0.0
970,9075000.0,Miyapur,miyapur,17.503473552989245,78.35121638270526,1265.0,2.0,0.0,1.0,1.0,0.0,0.0,0.0,0.0,0.0,0.0
971,6600000.0,Gajularamaram,gajularamaram,17.526992791546135,78.41939042820735,1555.0,3.0,0.0,0.0,1.0,0.0,0.0,1.0,0.0,1.0,0.0
972,6500000.0,Kondapur,kondapur,17.464952556653586,78.35742606325269,1200.0,2.0,0.0,0.0,0.0,0.0,0.0,1.0,0.0,1.0,0.0
973,10200000.0,Kondapur,kondapur,17.464952556653586,78.35742606325269,1681.0,3.0,0.0,0.0,0.0,0.0,0.0,0.0,0.0,0.0,0.0
974,7500000.0,Kondapur,kondapur,17.464952556653586,78.35742606325269,1250.0,2.0,0.0,0.0,0.0,0.0,0.0,1.0,0.0,1.0,0.0
975,4500000.0,Gajularamaram,gajularamaram,17.526992791546135,78.41939042820735,1050.0,2.0,0.0,1.0,1.0,0.0,0.0,1.0,0.0,1.0,0.0
976,11000000.0,Shaikpet,shaikpet,17.406035256725136,78.39568502838843,1700.0,3.0,0.0,1.0,1.0,1.0,0.0,1.0,0.0,1.0,0.0
977,6600000.0,Gajularamaram,gajularamaram,17.526992791546135,78.41939042820735,1555.0,3.0,0.0,0.0,1.0,0.0,0.0,1.0,0.0,1.0,0.0
978,6233000.0,Other localities,Other,17.52004163110348,78.43112377430913,1170.0,2.0,1.0,0.0,0.0,0.0,0.0,0.0,0.0,1.0,0.0
979,5000000.0,Mallampet,mallampet,17.554356668027488,78.35349841623915,1620.0,3.0,0.0,0.0,0.0,0.0,0.0,0.0,0.0,0.0,0.0
980,3000000.0,Miyapur,miyapur,17.503473552989245,78.35121638270526,607.0,1.0,0.0,0.0,0.0,0.0,0.0,0.0,0.0,0.0,0.0
981,8000000.0,Gachibowli,gachibowli,17.43818620463587,78.35192198714175,990.0,1.0,0.0,1.0,1.0,1.0,0.0,1.0,0.0,1.0,0.0
982,4000000.0,Tolichowki,tolichowki,17.400576920967552,78.41095095845739,1000.0,2.0,1.0,0.0,0.0,0.0,0.0,0.0,0.0,1.0,0.0
983,6200000.0,Other localities,Other,17.40499710457858,78.56754575350816,1565.0,3.0,0.0,0.0,0.0,0.0,0.0,0.0,0.0,0.0,0.0
984,11000000.0,Other localities,Other,17.409887383465254,78.5440661847158,1630.0,3.0,0.0,0.0,0.0,0.0,0.0,0.0,0.0,0.0,0.0
985,3700000.0,Bandlagudajagir,bandlagudajagir,17.3578764727295,78.39053678224889,1100.0,2.0,1.0,0.0,0.0,0.0,0.0,0.0,0.0,0.0,0.0
986,3200000.0,Krishnareddypet,krishnareddypet,17.53497604917157,78.29046831794751,1100.0,2.0,0.0,0.0,0.0,0.0,0.0,0.0,0.0,0.0,0.0
987,3300000.0,Krishnareddypet,krishnareddypet,17.53497604917157,78.29046831794751,1025.0,2.0,0.0,0.0,0.0,0.0,0.0,0.0,0.0,0.0,0.0
988,3500000.0,Beeramguda,beeramguda,17.518769497302298,78.30204857007145,1080.0,2.0,0.0,0.0,0.0,0.0,0.0,0.0,0.0,0.0,0.0
989,3600000.0,Krishnareddypet,krishnareddypet,17.53497604917157,78.29046831794751,1100.0,2.0,0.0,0.0,0.0,0.0,0.0,1.0,0.0,1.0,0.0
990,3600000.0,Krishnareddypet,krishnareddypet,17.53497604917157,78.29046831794751,1100.0,2.0,0.0,0.0,0.0,0.0,0.0,0.0,0.0,0.0,0.0
991,3300000.0,Krishnareddypet,krishnareddypet,17.53497604917157,78.29046831794751,1025.0,2.0,0.0,0.0,0.0,0.0,0.0,0.0,0.0,0.0,0.0
992,2700000.0,Other localities,Other,17.40499710457858,78.56754575350816,682.0,1.0,0.0,0.0,0.0,0.0,0.0,0.0,0.0,0.0,0.0
993,7498999.0,Tarnaka,tarnaka,17.428136635178678,78.53931921817022,1245.0,2.0,0.0,0.0,0.0,0.0,0.0,0.0,0.0,0.0,0.0
994,8500000.0,Kondapur,kondapur,17.464952556653586,78.35742606325269,1500.0,3.0,1.0,0.0,0.0,0.0,0.0,0.0,0.0,1.0,0.0
995,3000000.0,Other localities,Other,17.398217434230894,78.50488834591364,900.0,2.0,1.0,0.0,0.0,0.0,0.0,0.0,0.0,0.0,1.0
996,6800000.0,Other localities,Other,17.413185377052343,78.50302438000423,1320.0,3.0,1.0,0.0,0.0,0.0,0.0,0.0,0.0,1.0,1.0
997,7500000.0,Other localities,Other,17.413185377052343,78.50302438000423,1530.0,3.0,1.0,0.0,0.0,0.0,0.0,0.0,0.0,1.0,1.0
998,8573000.0,Kukatpally,kukatpally,17.492910498045475,78.39886107029278,1190.0,2.0,0.0,1.0,1.0,1.0,1.0,1.0,1.0,1.0,1.0
999,10600000.0,Kukatpally,kukatpally,17.492910498045475,78.39886107029278,1695.0,3.0,0.0,0.0,0.0,0.0,0.0,1.0,0.0,1.0,0.0
1000,6500000.0,Kondapur,kondapur,17.464952556653586,78.35742606325269,1200.0,2.0,1.0,0.0,0.0,0.0,0.0,1.0,0.0,1.0,0.0
1001,3500000.0,Beeramguda,beeramguda,17.518769497302298,78.30204857007145,1080.0,2.0,0.0,0.0,0.0,0.0,0.0,0.0,0.0,0.0,0.0
1002,3500000.0,Beeramguda,beeramguda,17.518769497302298,78.30204857007145,1080.0,2.0,0.0,0.0,0.0,0.0,0.0,1.0,0.0,1.0,0.0
1003,3500000.0,Beeramguda,beeramguda,17.518769497302298,78.30204857007145,1080.0,2.0,0.0,0.0,0.0,0.0,0.0,0.0,0.0,0.0,0.0
1004,3600000.0,Krishnareddypet,krishnareddypet,17.53497604917157,78.29046831794751,1100.0,2.0,0.0,0.0,0.0,0.0,0.0,0.0,0.0,0.0,0.0
1005,3300000.0,Krishnareddypet,krishnareddypet,17.53497604917157,78.29046831794751,1035.0,2.0,0.0,0.0,0.0,0.0,0.0,1.0,0.0,1.0,0.0
1006,3300000.0,Krishnareddypet,krishnareddypet,17.53497604917157,78.29046831794751,1025.0,2.0,0.0,0.0,0.0,0.0,0.0,1.0,0.0,1.0,0.0
1007,8100000.0,Narsingi,narsingi,17.389011135333806,78.35934516389472,1490.0,3.0,0.0,0.0,1.0,0.0,0.0,1.0,0.0,1.0,0.0
1008,8998000.0,Other localities,Other,17.391463925321098,78.37630063114312,1539.0,3.0,1.0,1.0,1.0,0.0,0.0,1.0,0.0,1.0,0.0
1009,7900000.0,Puppalaguda,puppalaguda,17.398543308160374,78.37822984533346,1641.0,2.0,0.0,0.0,0.0,0.0,0.0,1.0,0.0,1.0,0.0
1010,7900000.0,Puppalaguda,puppalaguda,17.398543308160374,78.37822984533346,1640.0,2.0,0.0,0.0,0.0,0.0,0.0,1.0,0.0,1.0,0.0
1011,6700000.0,Puppalaguda,puppalaguda,17.398543308160374,78.37822984533346,1402.0,1.0,0.0,0.0,0.0,0.0,0.0,1.0,0.0,1.0,0.0
1012,6700000.0,Puppalaguda,puppalaguda,17.398543308160374,78.37822984533346,1401.0,1.0,0.0,0.0,0.0,0.0,0.0,1.0,0.0,1.0,0.0
1013,12700000.0,Miyapur,miyapur,17.503473552989245,78.35121638270526,1925.0,3.0,0.0,1.0,1.0,1.0,0.0,1.0,0.0,1.0,0.0
1014,4600000.0,Gajularamaram,gajularamaram,17.526992791546135,78.41939042820735,1050.0,2.0,0.0,0.0,0.0,0.0,0.0,1.0,0.0,1.0,0.0
1015,6600000.0,Gajularamaram,gajularamaram,17.526992791546135,78.41939042820735,1555.0,3.0,0.0,0.0,0.0,0.0,0.0,1.0,0.0,1.0,0.0
1016,3800000.0,Bachupally,bachupally,17.541673105765128,78.36649211721665,1008.0,2.0,0.0,1.0,1.0,1.0,0.0,1.0,0.0,1.0,0.0
1017,3500000.0,Beeramguda,beeramguda,17.518769497302298,78.30204857007145,1080.0,2.0,0.0,0.0,0.0,0.0,0.0,0.0,0.0,0.0,0.0
1018,3500000.0,Beeramguda,beeramguda,17.518769497302298,78.30204857007145,1080.0,2.0,0.0,0.0,0.0,0.0,0.0,0.0,0.0,0.0,0.0
1019,6895999.0,Kukatpally,kukatpally,17.492910498045475,78.39886107029278,1230.0,2.0,0.0,1.0,1.0,1.0,1.0,1.0,1.0,1.0,0.0
1020,4600000.0,Gajularamaram,gajularamaram,17.526992791546135,78.41939042820735,1050.0,2.0,0.0,0.0,1.0,0.0,0.0,1.0,0.0,1.0,0.0
1021,12700000.0,Miyapur,miyapur,17.503473552989245,78.35121638270526,1925.0,3.0,0.0,1.0,1.0,1.0,0.0,1.0,0.0,1.0,0.0
1022,8700000.0,Kondapur,kondapur,17.464952556653586,78.35742606325269,1525.0,3.0,0.0,0.0,0.0,0.0,0.0,0.0,0.0,0.0,0.0
1023,6300000.0,Other localities,Other,17.465359715880783,78.60641733547259,1523.0,2.0,1.0,0.0,0.0,0.0,0.0,0.0,0.0,0.0,0.0
1024,6700000.0,Other localities,Other,17.491100648379927,78.54404478575385,1200.0,3.0,0.0,0.0,0.0,0.0,0.0,0.0,0.0,0.0,0.0
1025,45000000.0,Hitech City,hitechcity,17.45333259937053,78.37437407077309,3233.0,4.0,1.0,0.0,0.0,0.0,0.0,0.0,0.0,0.0,0.0
1026,8200000.0,Manikonda,manikonda,17.404881913358253,78.37812983145022,1350.0,3.0,0.0,1.0,1.0,1.0,0.0,1.0,0.0,1.0,0.0
1027,14000000.0,Sanathnagar,sanathnagar,17.4540288893428,78.4431068242532,1188.0,2.0,1.0,1.0,1.0,1.0,0.0,1.0,0.0,1.0,1.0
1028,6200000.0,Tellapur,tellapur,17.460288438271743,78.29110116751885,1199.0,2.0,0.0,1.0,1.0,1.0,1.0,1.0,1.0,1.0,1.0
1029,8600000.0,Gachibowli,gachibowli,17.43818620463587,78.35192198714175,1538.0,3.0,0.0,0.0,0.0,0.0,0.0,0.0,0.0,0.0,0.0
1030,11399999.0,Kukatpally,kukatpally,17.492910498045475,78.39886107029278,1730.0,3.0,0.0,0.0,0.0,0.0,0.0,1.0,0.0,1.0,0.0
1031,3600000.0,Beeramguda,beeramguda,17.518769497302298,78.30204857007145,1080.0,2.0,0.0,0.0,0.0,0.0,0.0,0.0,0.0,0.0,0.0
1032,3600000.0,Beeramguda,beeramguda,17.518769497302298,78.30204857007145,1080.0,2.0,0.0,0.0,0.0,0.0,0.0,0.0,0.0,0.0,0.0
1033,3300000.0,Krishnareddypet,krishnareddypet,17.53497604917157,78.29046831794751,1045.0,2.0,0.0,0.0,0.0,0.0,0.0,0.0,0.0,0.0,0.0
1034,3300000.0,Krishnareddypet,krishnareddypet,17.53497604917157,78.29046831794751,1035.0,2.0,0.0,0.0,0.0,0.0,0.0,0.0,0.0,0.0,0.0
1035,3300000.0,Krishnareddypet,krishnareddypet,17.53497604917157,78.29046831794751,1025.0,2.0,0.0,0.0,0.0,0.0,0.0,0.0,0.0,0.0,0.0
1036,8500000.0,Kondapur,kondapur,17.464952556653586,78.35742606325269,1525.0,2.0,0.0,0.0,0.0,0.0,0.0,1.0,0.0,1.0,0.0
1037,3500000.0,Beeramguda,beeramguda,17.518769497302298,78.30204857007145,1080.0,2.0,0.0,0.0,0.0,0.0,0.0,1.0,0.0,1.0,0.0
1038,8070000.0,Miyapur,miyapur,17.503473552989245,78.35121638270526,1115.0,2.0,0.0,1.0,1.0,1.0,0.0,1.0,0.0,1.0,0.0
1039,7317000.0,Kukatpally,kukatpally,17.492910498045475,78.39886107029278,1090.0,2.0,0.0,0.0,0.0,0.0,0.0,1.0,0.0,1.0,0.0
1040,45000000.0,Hitech City,hitechcity,17.45333259937053,78.37437407077309,3233.0,4.0,1.0,0.0,0.0,0.0,0.0,0.0,0.0,0.0,0.0
1041,3500000.0,Beeramguda,beeramguda,17.518769497302298,78.30204857007145,1080.0,2.0,0.0,0.0,0.0,0.0,0.0,1.0,0.0,1.0,0.0
1042,9000000.0,Other localities,Other,17.34110364235751,78.37332937534313,1568.0,3.0,0.0,1.0,1.0,1.0,0.0,1.0,0.0,1.0,0.0
1043,9000000.0,Appa Junction,appajunction,17.35773,78.376582,1568.0,3.0,0.0,1.0,1.0,1.0,0.0,1.0,0.0,1.0,0.0
1044,9000000.0,Appa Junction,appajunction,17.35773,78.376582,1568.0,3.0,0.0,1.0,1.0,1.0,0.0,1.0,0.0,1.0,0.0
1045,10100000.0,Appa Junction,appajunction,17.35773,78.376582,1794.0,3.0,0.0,1.0,1.0,1.0,0.0,1.0,0.0,1.0,0.0
1046,10100000.0,Appa Junction,appajunction,17.35773,78.376582,1794.0,3.0,0.0,1.0,1.0,1.0,0.0,1.0,0.0,1.0,0.0
1047,8200000.0,Manikonda,manikonda,17.404881913358253,78.37812983145022,1350.0,3.0,0.0,1.0,1.0,1.0,0.0,1.0,0.0,1.0,0.0
1048,8500000.0,Kondapur,kondapur,17.464952556653586,78.35742606325269,1525.0,3.0,0.0,0.0,0.0,0.0,0.0,0.0,0.0,0.0,0.0
1049,7800000.0,Manikonda,manikonda,17.404881913358253,78.37812983145022,1530.0,2.0,1.0,0.0,0.0,0.0,0.0,0.0,0.0,1.0,0.0
1050,14600000.0,Gachibowli,gachibowli,17.43818620463587,78.35192198714175,1953.0,2.0,0.0,1.0,1.0,1.0,1.0,1.0,1.0,1.0,1.0
1051,26000000.0,Gachibowli,gachibowli,17.43818620463587,78.35192198714175,3434.0,4.0,0.0,1.0,1.0,1.0,1.0,1.0,1.0,1.0,1.0
1052,9800000.0,Puppalaguda,puppalaguda,17.398543308160374,78.37822984533346,1580.0,3.0,1.0,1.0,1.0,1.0,0.0,1.0,0.0,1.0,0.0
1053,10600000.0,Kondapur,kondapur,17.464952556653586,78.35742606325269,1815.0,3.0,0.0,1.0,1.0,1.0,0.0,1.0,0.0,1.0,0.0
1054,10000000.0,Aminpur,aminpur,17.52735,78.3246769,1935.0,3.0,0.0,1.0,1.0,1.0,0.0,1.0,0.0,1.0,0.0
1055,9906000.0,Aminpur,aminpur,17.52735,78.3246769,1905.0,3.0,0.0,1.0,1.0,1.0,0.0,1.0,0.0,1.0,0.0
1056,10900000.0,Other localities,Other,17.470072472490287,78.42941954809221,1695.0,2.0,0.0,0.0,0.0,0.0,0.0,1.0,0.0,1.0,0.0
1057,7098999.0,Other localities,Other,17.470072472490287,78.42941954809221,1090.0,1.0,0.0,0.0,0.0,0.0,0.0,1.0,0.0,1.0,0.0
1058,5909000.0,Gajularamaram,gajularamaram,17.526992791546135,78.41939042820735,1555.0,2.0,0.0,0.0,1.0,0.0,0.0,1.0,0.0,1.0,0.0
1059,7843000.0,Aminpur,aminpur,17.52735,78.3246769,1265.0,2.0,0.0,1.0,1.0,1.0,0.0,1.0,0.0,1.0,0.0
1060,8100000.0,Narsingi,narsingi,17.389011135333806,78.35934516389472,1490.0,3.0,0.0,0.0,1.0,0.0,0.0,1.0,0.0,1.0,0.0
1061,7581999.0,Miyapur,miyapur,17.503473552989245,78.35121638270526,1115.0,2.0,0.0,1.0,1.0,1.0,0.0,1.0,0.0,1.0,0.0
1062,6600000.0,Gajularamaram,gajularamaram,17.526992791546135,78.41939042820735,1555.0,3.0,0.0,1.0,0.0,0.0,0.0,1.0,0.0,1.0,0.0
1063,9000000.0,Appa Junction,appajunction,17.35773,78.376582,1390.0,2.0,0.0,1.0,1.0,1.0,0.0,1.0,0.0,1.0,0.0
1064,10100000.0,Appa Junction,appajunction,17.35773,78.376582,1799.0,3.0,0.0,1.0,1.0,1.0,0.0,1.0,0.0,1.0,0.0
1065,10100000.0,Appa Junction,appajunction,17.35773,78.376582,1799.0,3.0,0.0,1.0,1.0,1.0,0.0,1.0,0.0,1.0,0.0
1066,10100000.0,Appa Junction,appajunction,17.35773,78.376582,1799.0,3.0,0.0,1.0,1.0,1.0,0.0,1.0,0.0,1.0,0.0
1067,9298000.0,Appa Junction,appajunction,17.35773,78.376582,1638.0,3.0,0.0,1.0,1.0,1.0,0.0,1.0,0.0,1.0,0.0
1068,9300000.0,Appa Junction,appajunction,17.35773,78.376582,1638.0,3.0,0.0,1.0,1.0,1.0,0.0,1.0,0.0,1.0,0.0
1069,9300000.0,Other localities,Other,17.34110364235751,78.37332937534313,1638.0,3.0,0.0,1.0,1.0,1.0,0.0,1.0,0.0,1.0,0.0
1070,10100000.0,Appa Junction,appajunction,17.35773,78.376582,1794.0,3.0,0.0,1.0,1.0,1.0,0.0,1.0,0.0,1.0,0.0
1071,6895999.0,Kukatpally,kukatpally,17.492910498045475,78.39886107029278,1230.0,2.0,0.0,1.0,1.0,1.0,1.0,1.0,1.0,1.0,0.0
1072,3850000.0,Other localities,Other,17.347038988296724,78.4194100451515,1200.0,2.0,1.0,0.0,0.0,0.0,0.0,0.0,0.0,0.0,0.0
1073,3200000.0,Attapur,attapur,17.366046499919246,78.42716799129866,1200.0,3.0,1.0,0.0,0.0,0.0,0.0,0.0,0.0,0.0,0.0
1074,10000000.0,Puppalaguda,puppalaguda,17.398543308160374,78.37822984533346,2000.0,3.0,1.0,0.0,0.0,0.0,0.0,0.0,0.0,1.0,0.0
1075,6233000.0,Other localities,Other,17.52004163110348,78.43112377430913,1170.0,2.0,1.0,0.0,0.0,0.0,0.0,0.0,0.0,1.0,0.0
1076,2700000.0,Other localities,Other,17.40499710457858,78.56754575350816,682.0,1.0,0.0,0.0,0.0,0.0,0.0,0.0,0.0,0.0,0.0
1077,7498999.0,Tarnaka,tarnaka,17.428136635178678,78.53931921817022,1245.0,2.0,0.0,0.0,0.0,0.0,0.0,0.0,0.0,0.0,0.0
1078,7500000.0,Other localities,Other,17.413185377052343,78.50302438000423,1530.0,3.0,1.0,0.0,0.0,0.0,0.0,0.0,0.0,1.0,1.0
1079,9000000.0,Other localities,Other,17.34110364235751,78.37332937534313,1568.0,3.0,0.0,1.0,1.0,1.0,0.0,1.0,0.0,1.0,0.0
1080,9000000.0,Appa Junction,appajunction,17.35773,78.376582,1390.0,2.0,0.0,1.0,1.0,1.0,0.0,1.0,0.0,1.0,0.0
1081,8000000.0,Appa Junction,appajunction,17.35773,78.376582,1282.0,2.0,0.0,1.0,1.0,1.0,0.0,1.0,0.0,1.0,0.0
1082,8000000.0,Other localities,Other,17.34110364235751,78.37332937534313,1282.0,2.0,0.0,1.0,1.0,1.0,0.0,1.0,0.0,1.0,0.0
1083,8000000.0,Appa Junction,appajunction,17.35773,78.376582,1282.0,2.0,0.0,1.0,1.0,1.0,0.0,1.0,0.0,1.0,0.0
1084,9000000.0,Appa Junction,appajunction,17.35773,78.376582,1390.0,2.0,0.0,1.0,1.0,1.0,0.0,1.0,0.0,1.0,0.0
1085,8000000.0,Other localities,Other,17.34110364235751,78.37332937534313,1282.0,2.0,0.0,1.0,1.0,1.0,0.0,1.0,0.0,1.0,0.0
1086,8000000.0,Other localities,Other,17.34110364235751,78.37332937534313,1282.0,2.0,0.0,1.0,1.0,1.0,0.0,1.0,0.0,1.0,0.0
1087,8000000.0,Appa Junction,appajunction,17.35773,78.376582,1282.0,2.0,0.0,0.0,0.0,0.0,0.0,0.0,0.0,0.0,0.0
1088,7100000.0,Appa Junction,appajunction,17.35773,78.376582,1214.0,2.0,0.0,1.0,1.0,1.0,0.0,1.0,0.0,1.0,0.0
1089,9000000.0,Appa Junction,appajunction,17.35773,78.376582,1390.0,2.0,0.0,1.0,1.0,1.0,0.0,1.0,0.0,1.0,0.0
1090,8000000.0,Other localities,Other,17.34110364235751,78.37332937534313,1392.0,2.0,0.0,1.0,1.0,1.0,0.0,1.0,0.0,1.0,0.0
1091,8000000.0,Appa Junction,appajunction,17.35773,78.376582,1392.0,2.0,0.0,1.0,1.0,1.0,0.0,1.0,0.0,1.0,0.0
1092,9000000.0,Appa Junction,appajunction,17.35773,78.376582,1390.0,2.0,0.0,1.0,1.0,1.0,0.0,1.0,0.0,1.0,0.0
1093,7998999.0,Other localities,Other,17.34110364235751,78.37332937534313,1282.0,2.0,0.0,1.0,1.0,1.0,0.0,1.0,0.0,1.0,0.0
1094,5800000.0,Other localities,Other,17.35576183265929,78.53159452703879,1020.0,2.0,1.0,0.0,0.0,0.0,0.0,1.0,0.0,1.0,0.0
1095,4800000.0,Lbnagar,lbnagar,17.35158391547192,78.5535823129719,905.0,2.0,0.0,0.0,0.0,0.0,0.0,0.0,0.0,1.0,0.0
1096,11399999.0,Kukatpally,kukatpally,17.492910498045475,78.39886107029278,1730.0,3.0,0.0,0.0,0.0,0.0,0.0,1.0,0.0,1.0,0.0
1097,12600000.0,Miyapur,miyapur,17.503473552989245,78.35121638270526,1925.0,3.0,0.0,1.0,1.0,1.0,0.0,1.0,0.0,1.0,0.0
1098,12600000.0,Miyapur,miyapur,17.503473552989245,78.35121638270526,1925.0,3.0,0.0,1.0,1.0,0.0,0.0,0.0,0.0,0.0,0.0
1099,12600000.0,Miyapur,miyapur,17.503473552989245,78.35121638270526,1925.0,3.0,0.0,1.0,1.0,0.0,0.0,0.0,0.0,0.0,0.0
1100,9075000.0,Miyapur,miyapur,17.503473552989245,78.35121638270526,1265.0,2.0,0.0,1.0,1.0,1.0,0.0,1.0,0.0,1.0,0.0
1101,6300000.0,Gajularamaram,gajularamaram,17.526992791546135,78.41939042820735,1465.0,3.0,0.0,1.0,1.0,0.0,0.0,1.0,0.0,1.0,0.0
1102,4500000.0,Gajularamaram,gajularamaram,17.526992791546135,78.41939042820735,1050.0,2.0,0.0,0.0,0.0,0.0,0.0,1.0,0.0,1.0,0.0
1103,9400000.0,Appa Junction,appajunction,17.35773,78.376582,1430.0,2.0,0.0,1.0,1.0,1.0,0.0,1.0,0.0,1.0,0.0
1104,9400000.0,Appa Junction,appajunction,17.35773,78.376582,1430.0,2.0,0.0,0.0,0.0,0.0,0.0,0.0,0.0,0.0,0.0
1105,9400000.0,Appa Junction,appajunction,17.35773,78.376582,1430.0,2.0,0.0,1.0,1.0,1.0,0.0,1.0,0.0,1.0,0.0
1106,9400000.0,Appa Junction,appajunction,17.35773,78.376582,1430.0,2.0,0.0,1.0,1.0,1.0,0.0,1.0,0.0,1.0,0.0
1107,8798000.0,Appa Junction,appajunction,17.35773,78.376582,1385.0,2.0,0.0,1.0,1.0,1.0,0.0,1.0,0.0,1.0,0.0
1108,8500000.0,Kondapur,kondapur,17.464952556653586,78.35742606325269,1525.0,3.0,0.0,0.0,0.0,0.0,0.0,0.0,0.0,0.0,0.0
1109,10100000.0,Appa Junction,appajunction,17.35773,78.376582,1799.0,3.0,0.0,1.0,1.0,1.0,0.0,1.0,0.0,1.0,0.0
1110,10100000.0,Appa Junction,appajunction,17.35773,78.376582,1799.0,3.0,0.0,1.0,1.0,1.0,0.0,1.0,0.0,1.0,0.0
1111,10100000.0,Appa Junction,appajunction,17.35773,78.376582,1799.0,3.0,0.0,1.0,1.0,1.0,0.0,1.0,0.0,1.0,0.0
1112,9298000.0,Appa Junction,appajunction,17.35773,78.376582,1638.0,3.0,0.0,1.0,1.0,1.0,0.0,1.0,0.0,1.0,0.0
1113,9300000.0,Appa Junction,appajunction,17.35773,78.376582,1638.0,3.0,0.0,1.0,1.0,1.0,0.0,1.0,0.0,1.0,0.0
1114,9300000.0,Other localities,Other,17.34110364235751,78.37332937534313,1638.0,3.0,0.0,1.0,1.0,1.0,0.0,1.0,0.0,1.0,0.0
1115,10100000.0,Appa Junction,appajunction,17.35773,78.376582,1794.0,3.0,0.0,1.0,1.0,1.0,0.0,1.0,0.0,1.0,0.0
1116,9000000.0,Other localities,Other,17.34110364235751,78.37332937534313,1568.0,3.0,0.0,1.0,1.0,1.0,0.0,1.0,0.0,1.0,0.0
1117,9000000.0,Appa Junction,appajunction,17.35773,78.376582,1568.0,3.0,0.0,1.0,1.0,1.0,0.0,1.0,0.0,1.0,0.0
1118,9000000.0,Appa Junction,appajunction,17.35773,78.376582,1568.0,3.0,0.0,1.0,1.0,1.0,0.0,1.0,0.0,1.0,0.0
1119,10100000.0,Appa Junction,appajunction,17.35773,78.376582,1794.0,3.0,0.0,1.0,1.0,1.0,0.0,1.0,0.0,1.0,0.0
1120,6000000.0,Manikonda,manikonda,17.404881913358253,78.37812983145022,1100.0,2.0,1.0,0.0,0.0,0.0,0.0,0.0,0.0,0.0,0.0
1121,21700000.0,Eastmarredpally,eastmarredpally,17.446890707880414,78.5137535050642,3266.0,3.0,0.0,0.0,0.0,0.0,0.0,1.0,0.0,1.0,0.0
1122,5200000.0,Manikonda,manikonda,17.404881913358253,78.37812983145022,1200.0,2.0,1.0,0.0,0.0,0.0,0.0,0.0,0.0,0.0,0.0
1123,6600000.0,Gajularamaram,gajularamaram,17.526992791546135,78.41939042820735,1555.0,3.0,0.0,1.0,0.0,0.0,0.0,1.0,0.0,1.0,0.0
1124,4900000.0,Other localities,Other,17.53422381331555,78.39311261424609,1620.0,3.0,0.0,0.0,0.0,0.0,0.0,1.0,0.0,1.0,0.0
1125,3375000.0,Mallampet,mallampet,17.554356668027488,78.35349841623915,1125.0,1.0,0.0,0.0,0.0,0.0,0.0,1.0,0.0,1.0,0.0
1126,3315000.0,Mallampet,mallampet,17.554356668027488,78.35349841623915,1100.0,1.0,0.0,0.0,0.0,0.0,0.0,1.0,0.0,1.0,0.0
1127,4600000.0,Gajularamaram,gajularamaram,17.526992791546135,78.41939042820735,1050.0,2.0,0.0,0.0,0.0,0.0,0.0,0.0,0.0,0.0,0.0
1128,3500000.0,Beeramguda,beeramguda,17.518769497302298,78.30204857007145,1080.0,2.0,0.0,0.0,0.0,0.0,0.0,0.0,0.0,0.0,0.0
1129,7317000.0,Kukatpally,kukatpally,17.492910498045475,78.39886107029278,1090.0,2.0,0.0,0.0,0.0,0.0,0.0,1.0,0.0,1.0,0.0
1130,6600000.0,Manikonda,manikonda,17.404881913358253,78.37812983145022,1380.0,3.0,0.0,0.0,0.0,0.0,0.0,0.0,0.0,0.0,0.0
1131,11000000.0,Begumpet,begumpet,17.440835274566783,78.46346947189383,1510.0,3.0,0.0,0.0,1.0,1.0,0.0,1.0,0.0,1.0,0.0
1132,9581000.0,Kukatpally,kukatpally,17.492910498045475,78.39886107029278,1652.0,3.0,0.0,1.0,1.0,1.0,1.0,1.0,1.0,1.0,1.0
1133,26100000.0,Hitech City,hitechcity,17.45333259937053,78.37437407077309,3147.0,4.0,0.0,1.0,1.0,1.0,1.0,1.0,1.0,1.0,1.0
1134,25600000.0,Hitech City,hitechcity,17.45333259937053,78.37437407077309,3090.0,4.0,0.0,1.0,1.0,1.0,1.0,1.0,1.0,1.0,1.0
1135,25200000.0,Hitech City,hitechcity,17.45333259937053,78.37437407077309,3044.0,4.0,0.0,1.0,1.0,1.0,1.0,1.0,1.0,1.0,1.0
1136,17000000.0,Hitech City,hitechcity,17.45333259937053,78.37437407077309,2051.0,3.0,0.0,1.0,1.0,1.0,1.0,1.0,1.0,1.0,1.0
1137,29000000.0,Hitech City,hitechcity,17.45333259937053,78.37437407077309,3498.0,4.0,0.0,1.0,1.0,1.0,1.0,1.0,1.0,1.0,1.0
1138,25700000.0,Hitech City,hitechcity,17.45333259937053,78.37437407077309,3101.0,4.0,0.0,1.0,1.0,1.0,1.0,1.0,1.0,1.0,1.0
1139,25299999.0,Hitech City,hitechcity,17.45333259937053,78.37437407077309,3049.0,4.0,0.0,1.0,1.0,1.0,1.0,1.0,1.0,1.0,1.0
1140,14400000.0,Hitech City,hitechcity,17.45333259937053,78.37437407077309,1738.0,3.0,0.0,1.0,1.0,1.0,1.0,1.0,1.0,1.0,1.0
1141,11200000.0,Hitech City,hitechcity,17.45333259937053,78.37437407077309,1355.0,2.0,0.0,1.0,1.0,1.0,1.0,1.0,1.0,1.0,1.0
1142,11000000.0,Hitech City,hitechcity,17.45333259937053,78.37437407077309,1334.0,2.0,0.0,1.0,1.0,1.0,1.0,1.0,1.0,1.0,1.0
1143,11100000.0,Hitech City,hitechcity,17.45333259937053,78.37437407077309,1346.0,2.0,0.0,1.0,1.0,1.0,1.0,1.0,1.0,1.0,1.0
1144,11000000.0,Hitech City,hitechcity,17.45333259937053,78.37437407077309,1327.0,2.0,0.0,1.0,1.0,1.0,1.0,1.0,1.0,1.0,1.0
1145,9581000.0,Kukatpally,kukatpally,17.492910498045475,78.39886107029278,1652.0,3.0,0.0,1.0,1.0,1.0,1.0,1.0,1.0,1.0,1.0
1146,9942000.0,Kondapur,kondapur,17.464952556653586,78.35742606325269,1473.0,2.0,0.0,1.0,1.0,1.0,1.0,1.0,1.0,1.0,1.0
1147,17500000.0,Kondapur,kondapur,17.464952556653586,78.35742606325269,2607.0,3.0,0.0,1.0,1.0,1.0,1.0,1.0,1.0,1.0,1.0
1148,18900000.0,Kondapur,kondapur,17.464952556653586,78.35742606325269,2800.0,3.0,0.0,1.0,1.0,1.0,1.0,1.0,1.0,1.0,1.0
1149,14700000.0,Kondapur,kondapur,17.464952556653586,78.35742606325269,2192.0,3.0,0.0,1.0,1.0,1.0,1.0,1.0,1.0,1.0,1.0
1150,19000000.0,Kondapur,kondapur,17.464952556653586,78.35742606325269,2815.0,3.0,0.0,1.0,1.0,1.0,1.0,1.0,1.0,1.0,1.0
1151,16500000.0,Kondapur,kondapur,17.464952556653586,78.35742606325269,2452.0,3.0,0.0,1.0,1.0,1.0,1.0,1.0,1.0,1.0,1.0
1152,14700000.0,Kondapur,kondapur,17.464952556653586,78.35742606325269,2191.0,3.0,0.0,1.0,1.0,1.0,1.0,1.0,1.0,1.0,1.0
1153,18900000.0,Kondapur,kondapur,17.464952556653586,78.35742606325269,2813.0,3.0,0.0,1.0,1.0,1.0,1.0,1.0,1.0,1.0,1.0
1154,8707000.0,Kondapur,kondapur,17.464952556653586,78.35742606325269,1290.0,2.0,0.0,1.0,1.0,1.0,1.0,1.0,1.0,1.0,1.0
1155,8775000.0,Kondapur,kondapur,17.464952556653586,78.35742606325269,1300.0,2.0,0.0,1.0,1.0,1.0,1.0,1.0,1.0,1.0,1.0
1156,9234000.0,Kondapur,kondapur,17.464952556653586,78.35742606325269,1368.0,2.0,0.0,1.0,1.0,1.0,1.0,1.0,1.0,1.0,1.0
1157,8000000.0,Other localities,Other,17.323657724478934,78.5653429850936,1550.0,3.0,0.0,0.0,0.0,0.0,0.0,1.0,1.0,1.0,0.0
1158,6509999.0,Manikonda,manikonda,17.404881913358253,78.37812983145022,1550.0,3.0,0.0,0.0,0.0,0.0,0.0,0.0,0.0,0.0,0.0
1159,23000000.0,Hitech City,hitechcity,17.45333259937053,78.37437407077309,2049.0,4.0,0.0,1.0,1.0,1.0,1.0,1.0,1.0,1.0,1.0
1160,29000000.0,Hitech City,hitechcity,17.45333259937053,78.37437407077309,3494.0,4.0,0.0,1.0,1.0,1.0,1.0,1.0,1.0,1.0,1.0
1161,11000000.0,Hitech City,hitechcity,17.45333259937053,78.37437407077309,1336.0,2.0,0.0,1.0,1.0,1.0,1.0,1.0,1.0,1.0,1.0
1162,12400000.0,Kondapur,kondapur,17.464952556653586,78.35742606325269,1850.0,3.0,0.0,1.0,1.0,1.0,1.0,1.0,1.0,1.0,1.0
1163,10100000.0,Kondapur,kondapur,17.464952556653586,78.35742606325269,1500.0,2.0,0.0,1.0,1.0,1.0,1.0,1.0,1.0,1.0,1.0
1164,7500000.0,Puppalaguda,puppalaguda,17.398543308160374,78.37822984533346,1620.0,3.0,0.0,0.0,0.0,0.0,0.0,0.0,0.0,0.0,0.0
1165,6200000.0,Begumpet,begumpet,17.440835274566783,78.46346947189383,1200.0,2.0,1.0,0.0,0.0,0.0,0.0,0.0,1.0,0.0,0.0
1166,17500000.0,Banjara Hills,banjarahills,17.415356872116416,78.43933349579677,2700.0,3.0,1.0,0.0,0.0,0.0,0.0,0.0,0.0,0.0,0.0
1167,29000000.0,Kondapur,kondapur,17.464952556653586,78.35742606325269,3600.0,4.0,1.0,1.0,1.0,1.0,0.0,1.0,0.0,1.0,0.0
1168,8700000.0,Kondapur,kondapur,17.464952556653586,78.35742606325269,1530.0,3.0,0.0,0.0,0.0,0.0,0.0,1.0,0.0,1.0,0.0
1169,6956999.0,Sanathnagar,sanathnagar,17.4540288893428,78.4431068242532,1265.0,2.0,0.0,1.0,1.0,1.0,0.0,1.0,1.0,1.0,1.0
1170,6676000.0,Nallagandla,nallagandlagachibowli,17.43818620463587,78.35192198714175,1260.0,2.0,0.0,1.0,1.0,1.0,1.0,1.0,1.0,1.0,1.0
1171,9066000.0,Nallagandla,nallagandlagachibowli,17.43818620463587,78.35192198714175,1695.0,3.0,0.0,1.0,1.0,1.0,1.0,1.0,1.0,1.0,1.0
1172,9949000.0,Nallagandla,nallagandlagachibowli,17.43818620463587,78.35192198714175,1860.0,3.0,0.0,1.0,1.0,1.0,1.0,1.0,1.0,1.0,1.0
1173,7600000.0,Balanagar,balanagar,17.47485623141029,78.45058711838686,1520.0,3.0,0.0,1.0,1.0,1.0,1.0,1.0,1.0,1.0,1.0
1174,8275000.0,Balanagar,balanagar,17.47485623141029,78.45058711838686,1655.0,3.0,0.0,1.0,1.0,1.0,1.0,1.0,1.0,1.0,1.0
1175,8325000.0,Balanagar,balanagar,17.47485623141029,78.45058711838686,1665.0,3.0,0.0,1.0,1.0,1.0,1.0,1.0,1.0,1.0,1.0
1176,9126000.0,Balanagar,balanagar,17.47485623141029,78.45058711838686,1755.0,3.0,0.0,1.0,1.0,1.0,1.0,1.0,1.0,1.0,1.0
1177,8825000.0,Balanagar,balanagar,17.47485623141029,78.45058711838686,1765.0,3.0,0.0,1.0,1.0,1.0,1.0,1.0,1.0,1.0,1.0
1178,10000000.0,Balanagar,balanagar,17.47485623141029,78.45058711838686,1940.0,3.0,0.0,1.0,1.0,1.0,1.0,1.0,1.0,1.0,1.0
1179,7243000.0,Nallagandla,nallagandlagachibowli,17.43818620463587,78.35192198714175,1260.0,2.0,0.0,1.0,1.0,1.0,1.0,1.0,1.0,1.0,1.0
1180,11000000.0,Nallagandla,nallagandlagachibowli,17.43818620463587,78.35192198714175,1695.0,3.0,0.0,1.0,1.0,1.0,1.0,1.0,1.0,1.0,1.0
1181,10600000.0,Nallagandla,nallagandlagachibowli,17.43818620463587,78.35192198714175,1860.0,3.0,0.0,1.0,1.0,1.0,1.0,1.0,1.0,1.0,1.0
1182,5514000.0,Manikonda,manikonda,17.404881913358253,78.37812983145022,1313.0,2.0,0.0,0.0,0.0,0.0,0.0,0.0,0.0,0.0,0.0
1183,5275000.0,Manikonda,manikonda,17.404881913358253,78.37812983145022,1256.0,2.0,0.0,0.0,0.0,0.0,0.0,0.0,0.0,0.0,0.0
1184,4830000.0,Manikonda,manikonda,17.404881913358253,78.37812983145022,1150.0,2.0,0.0,0.0,0.0,0.0,0.0,0.0,0.0,0.0,0.0
1185,12000000.0,Sanathnagar,sanathnagar,17.4540288893428,78.4431068242532,1495.0,3.0,0.0,1.0,1.0,1.0,0.0,1.0,1.0,1.0,1.0
1186,12000000.0,Sanathnagar,sanathnagar,17.4540288893428,78.4431068242532,1500.0,3.0,0.0,1.0,1.0,1.0,0.0,1.0,1.0,1.0,1.0
1187,13500000.0,Sanathnagar,sanathnagar,17.4540288893428,78.4431068242532,1685.0,3.0,0.0,1.0,1.0,1.0,0.0,1.0,1.0,1.0,1.0
1188,10400000.0,Sanathnagar,sanathnagar,17.4540288893428,78.4431068242532,1895.0,3.0,0.0,1.0,1.0,1.0,0.0,1.0,1.0,1.0,1.0
1189,14200000.0,Sanathnagar,sanathnagar,17.4540288893428,78.4431068242532,1780.0,3.0,0.0,1.0,1.0,1.0,0.0,1.0,1.0,1.0,1.0
1190,14300000.0,Sanathnagar,sanathnagar,17.4540288893428,78.4431068242532,1785.0,3.0,0.0,1.0,1.0,1.0,0.0,1.0,1.0,1.0,1.0
1191,6323000.0,Nallagandla,nallagandlagachibowli,17.43818620463587,78.35192198714175,1265.0,2.0,0.0,1.0,1.0,1.0,1.0,1.0,1.0,1.0,1.0
1192,6348000.0,Nallagandla,nallagandlagachibowli,17.43818620463587,78.35192198714175,1270.0,2.0,0.0,1.0,1.0,1.0,1.0,1.0,1.0,1.0,1.0
1193,7553000.0,Nallagandla,nallagandlagachibowli,17.43818620463587,78.35192198714175,1511.0,2.0,0.0,1.0,1.0,1.0,1.0,1.0,1.0,1.0,1.0
1194,6348000.0,Nallagandla,nallagandlagachibowli,17.43818620463587,78.35192198714175,1270.0,3.0,0.0,1.0,1.0,1.0,1.0,1.0,1.0,1.0,1.0
1195,8323000.0,Nallagandla,nallagandlagachibowli,17.43818620463587,78.35192198714175,1665.0,3.0,0.0,1.0,1.0,1.0,1.0,1.0,1.0,1.0,1.0
1196,7272000.0,Nallagandla,nallagandlagachibowli,17.43818620463587,78.35192198714175,1265.0,2.0,0.0,1.0,1.0,1.0,1.0,1.0,1.0,1.0,1.0
1197,7150000.0,Balanagar,balanagar,17.47485623141029,78.45058711838686,1430.0,3.0,0.0,1.0,1.0,1.0,1.0,1.0,1.0,1.0,1.0
1198,8050000.0,Balanagar,balanagar,17.47485623141029,78.45058711838686,1610.0,3.0,0.0,1.0,1.0,1.0,1.0,1.0,1.0,1.0,1.0
1199,6600000.0,Balanagar,balanagar,17.47485623141029,78.45058711838686,1320.0,3.0,0.0,1.0,1.0,1.0,1.0,1.0,1.0,1.0,1.0
1200,7175000.0,Balanagar,balanagar,17.47485623141029,78.45058711838686,1435.0,3.0,0.0,1.0,1.0,1.0,1.0,1.0,1.0,1.0,1.0
1201,7550000.0,Balanagar,balanagar,17.47485623141029,78.45058711838686,1510.0,3.0,0.0,1.0,1.0,1.0,1.0,1.0,1.0,1.0,1.0
1202,7301000.0,Nallagandla,nallagandlagachibowli,17.43818620463587,78.35192198714175,1270.0,2.0,0.0,1.0,1.0,1.0,1.0,1.0,1.0,1.0,1.0
1203,8686000.0,Nallagandla,nallagandlagachibowli,17.43818620463587,78.35192198714175,1511.0,2.0,0.0,1.0,1.0,1.0,1.0,1.0,1.0,1.0,1.0
1204,7301000.0,Nallagandla,nallagandlagachibowli,17.43818620463587,78.35192198714175,1270.0,3.0,0.0,1.0,1.0,1.0,1.0,1.0,1.0,1.0,1.0
1205,9571000.0,Nallagandla,nallagandlagachibowli,17.43818620463587,78.35192198714175,1665.0,3.0,0.0,1.0,1.0,1.0,1.0,1.0,1.0,1.0,1.0
1206,5376000.0,Manikonda,manikonda,17.404881913358253,78.37812983145022,1280.0,2.0,0.0,0.0,0.0,0.0,0.0,0.0,0.0,0.0,0.0
1207,5367000.0,Manikonda,manikonda,17.404881913358253,78.37812983145022,1278.0,2.0,0.0,0.0,0.0,0.0,0.0,0.0,0.0,0.0,0.0
1208,5166000.0,Manikonda,manikonda,17.404881913358253,78.37812983145022,1230.0,2.0,0.0,0.0,0.0,0.0,0.0,0.0,0.0,0.0,0.0
1209,6312000.0,Manikonda,manikonda,17.404881913358253,78.37812983145022,1503.0,3.0,0.0,0.0,0.0,0.0,0.0,0.0,0.0,0.0,0.0
1210,6656999.0,Manikonda,manikonda,17.404881913358253,78.37812983145022,1585.0,3.0,0.0,0.0,0.0,0.0,0.0,0.0,0.0,0.0,0.0
1211,4993000.0,Manikonda,manikonda,17.404881913358253,78.37812983145022,1189.0,2.0,0.0,0.0,0.0,0.0,0.0,0.0,0.0,0.0,0.0
1212,5077000.0,Manikonda,manikonda,17.404881913358253,78.37812983145022,1209.0,2.0,0.0,0.0,0.0,0.0,0.0,0.0,0.0,0.0,0.0
1213,5371000.0,Manikonda,manikonda,17.404881913358253,78.37812983145022,1279.0,2.0,0.0,0.0,0.0,0.0,0.0,0.0,0.0,0.0,0.0
1214,5506000.0,Manikonda,manikonda,17.404881913358253,78.37812983145022,1311.0,2.0,0.0,0.0,0.0,0.0,0.0,0.0,0.0,0.0,0.0
1215,5901000.0,Manikonda,manikonda,17.404881913358253,78.37812983145022,1405.0,3.0,0.0,0.0,0.0,0.0,0.0,0.0,0.0,0.0,0.0
1216,6279000.0,Manikonda,manikonda,17.404881913358253,78.37812983145022,1495.0,3.0,0.0,0.0,0.0,0.0,0.0,0.0,0.0,0.0,0.0
1217,8202000.0,Manikonda,manikonda,17.404881913358253,78.37812983145022,1953.0,3.0,0.0,0.0,0.0,0.0,0.0,0.0,0.0,0.0,0.0
1218,6833000.0,Manikonda,manikonda,17.404881913358253,78.37812983145022,1627.0,3.0,0.0,0.0,0.0,0.0,0.0,0.0,0.0,0.0,0.0
1219,7467000.0,Manikonda,manikonda,17.404881913358253,78.37812983145022,1778.0,3.0,0.0,0.0,0.0,0.0,0.0,0.0,0.0,0.0,0.0
1220,8273999.0,Manikonda,manikonda,17.404881913358253,78.37812983145022,1970.0,3.0,0.0,0.0,0.0,0.0,0.0,0.0,0.0,0.0,0.0
1221,7980000.0,Manikonda,manikonda,17.404881913358253,78.37812983145022,1900.0,3.0,0.0,0.0,0.0,0.0,0.0,0.0,0.0,0.0,0.0
1222,8278000.0,Manikonda,manikonda,17.404881913358253,78.37812983145022,1971.0,3.0,0.0,0.0,0.0,0.0,0.0,0.0,0.0,0.0,0.0
1223,7753000.0,Manikonda,manikonda,17.404881913358253,78.37812983145022,1846.0,3.0,0.0,0.0,0.0,0.0,0.0,0.0,0.0,0.0,0.0
1224,7576000.0,Manikonda,manikonda,17.404881913358253,78.37812983145022,1804.0,3.0,0.0,0.0,0.0,0.0,0.0,0.0,0.0,0.0,0.0
1225,6509999.0,Manikonda,manikonda,17.404881913358253,78.37812983145022,1550.0,3.0,0.0,0.0,0.0,0.0,0.0,0.0,0.0,0.0,0.0
1226,6547000.0,Manikonda,manikonda,17.404881913358253,78.37812983145022,1559.0,3.0,0.0,0.0,0.0,0.0,0.0,0.0,0.0,0.0,0.0
1227,6841000.0,Manikonda,manikonda,17.404881913358253,78.37812983145022,1629.0,3.0,0.0,0.0,0.0,0.0,0.0,0.0,0.0,0.0,0.0
1228,7358000.0,Manikonda,manikonda,17.404881913358253,78.37812983145022,1752.0,3.0,0.0,0.0,0.0,0.0,0.0,0.0,0.0,0.0,0.0
1229,7593000.0,Manikonda,manikonda,17.404881913358253,78.37812983145022,1808.0,3.0,0.0,0.0,0.0,0.0,0.0,0.0,0.0,0.0,0.0
1230,8341000.0,Manikonda,manikonda,17.404881913358253,78.37812983145022,1986.0,3.0,0.0,0.0,0.0,0.0,0.0,0.0,0.0,0.0,0.0
1231,6741000.0,Manikonda,manikonda,17.404881913358253,78.37812983145022,1605.0,3.0,0.0,0.0,0.0,0.0,0.0,0.0,0.0,0.0,0.0
1232,7203000.0,Manikonda,manikonda,17.404881913358253,78.37812983145022,1715.0,3.0,0.0,0.0,0.0,0.0,0.0,0.0,0.0,0.0,0.0
1233,7669000.0,Manikonda,manikonda,17.404881913358253,78.37812983145022,1826.0,3.0,0.0,0.0,0.0,0.0,0.0,0.0,0.0,0.0,0.0
1234,8379000.0,Manikonda,manikonda,17.404881913358253,78.37812983145022,1995.0,3.0,0.0,0.0,0.0,0.0,0.0,0.0,0.0,0.0,0.0
1235,8383000.0,Manikonda,manikonda,17.404881913358253,78.37812983145022,1996.0,3.0,0.0,0.0,0.0,0.0,0.0,0.0,0.0,0.0,0.0
1236,10200000.0,Narsingi,narsingi,17.389011135333806,78.35934516389472,1655.0,3.0,0.0,1.0,1.0,1.0,1.0,1.0,1.0,1.0,1.0
1237,4284000.0,Attapur,attapur,17.366046499919246,78.42716799129866,1020.0,2.0,0.0,0.0,0.0,0.0,0.0,0.0,0.0,0.0,0.0
1238,4640000.0,Other localities,Other,17.478218605000002,78.57203928999999,1160.0,2.0,0.0,0.0,0.0,0.0,0.0,0.0,0.0,0.0,0.0
1239,59600000.0,Other localities,Other,17.385,78.4867,5200.0,3.0,0.0,1.0,1.0,1.0,1.0,1.0,1.0,1.0,1.0
1240,12500000.0,Manikonda,manikonda,17.404881913358253,78.37812983145022,2250.0,3.0,0.0,0.0,0.0,0.0,0.0,0.0,0.0,0.0,0.0
1241,4640000.0,Other localities,Other,17.478218605000002,78.57203928999999,1160.0,2.0,0.0,0.0,0.0,0.0,0.0,0.0,0.0,0.0,0.0
1242,12600000.0,Shaikpet,shaikpet,17.406035256725136,78.39568502838843,1990.0,3.0,1.0,1.0,1.0,1.0,1.0,1.0,1.0,1.0,1.0
1243,6340000.0,Other localities,Other,17.478218605000002,78.57203928999999,1585.0,3.0,0.0,0.0,0.0,0.0,0.0,0.0,0.0,0.0,0.0
1244,4660000.0,Other localities,Other,17.478218605000002,78.57203928999999,1165.0,2.0,0.0,0.0,0.0,0.0,0.0,0.0,0.0,0.0,0.0
1245,2200000.0,Other localities,Other,17.460458040982207,78.55861258891626,550.0,1.0,0.0,0.0,0.0,0.0,0.0,0.0,0.0,0.0,0.0
1246,2200000.0,Other localities,Other,17.478218605000002,78.57203928999999,550.0,1.0,0.0,0.0,0.0,0.0,0.0,0.0,0.0,0.0,0.0
1247,5500000.0,Nizampet,nizampet,17.515834368956,78.38332726613078,1260.0,2.0,0.0,0.0,0.0,0.0,0.0,0.0,0.0,0.0,0.0
1248,3700000.0,Nizampet,nizampet,17.515834368956,78.38332726613078,1105.0,2.0,0.0,0.0,0.0,0.0,0.0,0.0,0.0,0.0,0.0
1249,3700000.0,Nizampet,nizampet,17.515834368956,78.38332726613078,1105.0,2.0,0.0,0.0,0.0,0.0,0.0,0.0,0.0,0.0,0.0
1250,14500000.0,Shaikpet,shaikpet,17.406035256725136,78.39568502838843,2080.0,3.0,1.0,1.0,1.0,1.0,1.0,1.0,1.0,1.0,1.0
1251,4993000.0,Other localities,Other,17.478218605000002,78.57203928999999,1235.0,2.0,0.0,0.0,1.0,0.0,1.0,1.0,1.0,1.0,0.0
1252,17000000.0,Hitech City,hitechcity,17.45333259937053,78.37437407077309,2260.0,3.0,0.0,1.0,1.0,1.0,1.0,1.0,1.0,1.0,1.0
1253,15000000.0,Hitech City,hitechcity,17.45333259937053,78.37437407077309,2015.0,3.0,0.0,1.0,1.0,1.0,1.0,1.0,1.0,1.0,1.0
1254,15000000.0,Hitech City,hitechcity,17.45333259937053,78.37437407077309,2015.0,3.0,0.0,1.0,1.0,1.0,1.0,1.0,1.0,1.0,1.0
1255,12000000.0,Narsingi,narsingi,17.389011135333806,78.35934516389472,1700.0,3.0,0.0,1.0,1.0,1.0,1.0,1.0,1.0,1.0,1.0
1256,9300000.0,Sanathnagar,sanathnagar,17.4540288893428,78.4431068242532,1265.0,2.0,0.0,1.0,1.0,1.0,1.0,1.0,1.0,1.0,1.0
1257,45000000.0,Manikonda,manikonda,17.404881913358253,78.37812983145022,4650.0,4.0,1.0,1.0,1.0,1.0,1.0,1.0,1.0,1.0,1.0
1258,13700000.0,Gachibowli,gachibowli,17.43818620463587,78.35192198714175,1742.0,3.0,1.0,1.0,1.0,1.0,0.0,1.0,0.0,1.0,0.0
1259,12500000.0,Other localities,Other,17.424647471170314,78.45839552082218,2300.0,3.0,1.0,0.0,0.0,0.0,1.0,1.0,1.0,1.0,1.0
1260,3700000.0,Beeramguda,beeramguda,17.518769497302298,78.30204857007145,1110.0,2.0,0.0,0.0,0.0,0.0,0.0,1.0,0.0,1.0,0.0
1261,4300000.0,Beeramguda,beeramguda,17.518769497302298,78.30204857007145,1110.0,2.0,0.0,0.0,0.0,0.0,0.0,0.0,0.0,0.0,0.0
1262,4800000.0,Other localities,Other,17.51386372118124,78.30377768059846,1050.0,2.0,0.0,0.0,0.0,0.0,0.0,1.0,0.0,1.0,0.0
1263,4850000.0,Other localities,Other,17.51386372118124,78.30377768059846,1050.0,2.0,0.0,0.0,0.0,0.0,0.0,1.0,0.0,1.0,0.0
1264,8426000.0,Other localities,Other,17.328373406191044,78.57116727222792,1505.0,3.0,0.0,0.0,0.0,0.0,0.0,1.0,0.0,1.0,0.0
1265,11299999.0,Other localities,Other,17.460288438271743,78.29110116751885,2026.0,3.0,0.0,1.0,1.0,1.0,1.0,1.0,1.0,1.0,1.0
1266,8000000.0,Other localities,Other,17.348945171149353,78.56486891997946,1640.0,3.0,0.0,0.0,0.0,0.0,0.0,0.0,0.0,0.0,0.0
1267,8200000.0,Serilingampally,serilingampally,17.477587205115576,78.32105761867258,1650.0,3.0,0.0,0.0,0.0,0.0,1.0,1.0,1.0,1.0,1.0
1268,10500000.0,Other localities,Other,17.460288438271743,78.29110116751885,1880.0,3.0,0.0,1.0,1.0,1.0,1.0,1.0,1.0,1.0,1.0
1269,8200000.0,Kukatpally,kukatpally,17.492910498045475,78.39886107029278,1216.0,2.0,0.0,1.0,1.0,1.0,1.0,0.0,1.0,1.0,0.0
1270,11500000.0,Tellapur,tellapur,17.460288438271743,78.29110116751885,2026.0,3.0,0.0,1.0,1.0,1.0,1.0,1.0,1.0,1.0,1.0
1271,6340000.0,Other localities,Other,17.478218605000002,78.57203928999999,1585.0,3.0,0.0,0.0,0.0,0.0,0.0,0.0,0.0,0.0,0.0
1272,15000000.0,Hitech City,hitechcity,17.45333259937053,78.37437407077309,2015.0,3.0,0.0,1.0,1.0,1.0,1.0,1.0,1.0,1.0,1.0
1273,19000000.0,Hitech City,hitechcity,17.45333259937053,78.37437407077309,2500.0,3.0,0.0,1.0,1.0,1.0,1.0,1.0,1.0,1.0,1.0
1274,13000000.0,Bandlagudajagir,bandlagudajagir,17.3578764727295,78.39053678224889,2771.0,4.0,0.0,1.0,1.0,1.0,1.0,1.0,1.0,1.0,0.0
1275,16900000.0,Sanathnagar,sanathnagar,17.4540288893428,78.4431068242532,1895.0,3.0,0.0,1.0,1.0,1.0,1.0,1.0,1.0,1.0,1.0
1276,14900000.0,Sanathnagar,sanathnagar,17.4540288893428,78.4431068242532,1500.0,3.0,0.0,1.0,1.0,1.0,1.0,1.0,1.0,1.0,1.0
1277,26900000.0,Madhapur,madhapur,17.447815297983848,78.39084241875916,2595.0,4.0,1.0,1.0,1.0,1.0,1.0,1.0,1.0,1.0,1.0
1278,23000000.0,Kondapur,kondapur,17.464952556653586,78.35742606325269,2250.0,3.0,1.0,1.0,1.0,1.0,1.0,1.0,1.0,1.0,1.0
1279,14400000.0,Nanakramguda,nanakramguda,17.422396189571867,78.344593041929,2060.0,3.0,1.0,1.0,1.0,1.0,0.0,1.0,0.0,1.0,0.0
1280,17600000.0,Kondapur,kondapur,17.464952556653586,78.35742606325269,1880.0,3.0,1.0,1.0,1.0,1.0,1.0,1.0,1.0,1.0,1.0
1281,9500000.0,Gajularamaram,gajularamaram,17.526992791546135,78.41939042820735,1620.0,3.0,0.0,1.0,1.0,1.0,0.0,1.0,0.0,1.0,0.0
1282,9499000.0,Gajularamaram,gajularamaram,17.526992791546135,78.41939042820735,1620.0,3.0,0.0,1.0,1.0,1.0,0.0,1.0,0.0,1.0,0.0
1283,23000000.0,Kondapur,kondapur,17.464952556653586,78.35742606325269,2250.0,3.0,1.0,1.0,1.0,1.0,1.0,1.0,1.0,1.0,1.0
1284,14400000.0,Nanakramguda,nanakramguda,17.422396189571867,78.344593041929,2060.0,3.0,1.0,1.0,1.0,1.0,0.0,1.0,0.0,1.0,0.0
1285,9728000.0,Kokapet,kokapet,17.39378245928407,78.33970720299747,1390.0,3.0,0.0,1.0,1.0,1.0,0.0,1.0,0.0,1.0,0.0
1286,6623000.0,Bandlagudajagir,bandlagudajagir,17.3578764727295,78.39053678224889,1255.0,2.0,0.0,1.0,1.0,1.0,0.0,1.0,0.0,1.0,0.0
1287,12300000.0,Bandlagudajagir,bandlagudajagir,17.3578764727295,78.39053678224889,2285.0,3.0,0.0,1.0,1.0,1.0,0.0,1.0,0.0,1.0,0.0
1288,17600000.0,Gachibowli,gachibowli,17.43818620463587,78.35192198714175,1993.0,3.0,1.0,1.0,1.0,1.0,0.0,1.0,0.0,1.0,0.0
1289,12300000.0,Bandlagudajagir,bandlagudajagir,17.3578764727295,78.39053678224889,2282.0,3.0,0.0,1.0,1.0,1.0,0.0,1.0,0.0,1.0,0.0
1290,9254000.0,Narsingi,narsingi,17.389011135333806,78.35934516389472,1384.0,3.0,0.0,1.0,1.0,1.0,0.0,1.0,0.0,1.0,0.0
1291,10500000.0,Other localities,Other,17.460288438271743,78.29110116751885,1880.0,3.0,0.0,1.0,1.0,1.0,0.0,0.0,0.0,0.0,0.0
1292,11100000.0,Tellapur,tellapur,17.460288438271743,78.29110116751885,1874.0,3.0,0.0,1.0,1.0,1.0,1.0,1.0,1.0,1.0,1.0
1293,4660000.0,Other localities,Other,17.478218605000002,78.57203928999999,1165.0,2.0,0.0,0.0,0.0,0.0,0.0,0.0,0.0,0.0,0.0
1294,8500000.0,Manikonda,manikonda,17.404881913358253,78.37812983145022,2000.0,3.0,0.0,1.0,0.0,1.0,1.0,1.0,1.0,1.0,1.0
1295,7280000.0,Other localities,Other,17.478218605000002,78.57203928999999,1820.0,3.0,0.0,0.0,0.0,0.0,0.0,0.0,0.0,0.0,0.0
1296,35000000.0,Shaikpet,shaikpet,17.406035256725136,78.39568502838843,4160.0,4.0,0.0,1.0,1.0,1.0,1.0,1.0,1.0,1.0,1.0
1297,5300000.0,Other localities,Other,17.414714449893516,78.58427170565938,1020.0,2.0,1.0,0.0,0.0,0.0,0.0,0.0,0.0,0.0,0.0
1298,5720000.0,Other localities,Other,17.478218605000002,78.57203928999999,1430.0,3.0,0.0,0.0,0.0,0.0,0.0,0.0,0.0,0.0,0.0
1299,9000000.0,Kukatpally,kukatpally,17.492910498045475,78.39886107029278,1360.0,2.0,0.0,1.0,1.0,1.0,1.0,0.0,1.0,1.0,0.0
1300,3600000.0,Other localities,Other,17.542598032587794,78.36580395344237,1125.0,2.0,0.0,0.0,0.0,0.0,1.0,1.0,1.0,0.0,0.0
1301,5720000.0,Other localities,Other,17.478218605000002,78.57203928999999,1430.0,3.0,0.0,0.0,0.0,0.0,0.0,0.0,0.0,0.0,0.0
1302,23000000.0,Hitech City,hitechcity,17.45333259937053,78.37437407077309,3044.0,4.0,0.0,1.0,1.0,1.0,1.0,1.0,1.0,1.0,1.0
1303,23000000.0,Hitech City,hitechcity,17.45333259937053,78.37437407077309,3101.0,4.0,0.0,1.0,1.0,1.0,1.0,1.0,1.0,1.0,1.0
1304,23600000.0,Hitech City,hitechcity,17.45333259937053,78.37437407077309,3147.0,4.0,0.0,1.0,1.0,1.0,1.0,1.0,1.0,1.0,1.0
1305,23000000.0,Hitech City,hitechcity,17.45333259937053,78.37437407077309,3090.0,4.0,0.0,1.0,1.0,1.0,1.0,1.0,1.0,1.0,1.0
1306,3800000.0,Other localities,Other,17.51993540785078,78.39725150964608,1139.0,2.0,0.0,0.0,0.0,0.0,1.0,1.0,1.0,1.0,0.0
1307,8800000.0,Lbnagar,lbnagar,17.35158391547192,78.5535823129719,1560.0,3.0,0.0,0.0,0.0,0.0,0.0,0.0,0.0,1.0,0.0
1308,10200000.0,Other localities,Other,17.460288438271743,78.29110116751885,1880.0,3.0,0.0,1.0,1.0,1.0,1.0,1.0,1.0,1.0,1.0
1309,9278000.0,Tellapur,tellapur,17.460288438271743,78.29110116751885,1687.0,3.0,0.0,1.0,1.0,1.0,1.0,1.0,1.0,1.0,1.0
1310,2800000.0,Other localities,Other,17.42401223595547,78.50999297169851,770.0,2.0,1.0,0.0,0.0,0.0,1.0,0.0,1.0,0.0,0.0
1311,6800000.0,Manikonda,manikonda,17.404881913358253,78.37812983145022,1257.0,2.0,1.0,0.0,0.0,0.0,0.0,1.0,0.0,1.0,0.0
1312,11100000.0,Narsingi,narsingi,17.389011135333806,78.35934516389472,2225.0,3.0,0.0,1.0,1.0,0.0,1.0,0.0,0.0,1.0,0.0
1313,10800000.0,Narsingi,narsingi,17.389011135333806,78.35934516389472,2170.0,3.0,0.0,1.0,1.0,0.0,1.0,0.0,0.0,1.0,0.0
1314,7125000.0,Narsingi,narsingi,17.389011135333806,78.35934516389472,1425.0,2.0,0.0,1.0,1.0,0.0,1.0,0.0,0.0,1.0,0.0
1315,10100000.0,Narsingi,narsingi,17.389011135333806,78.35934516389472,2025.0,3.0,0.0,1.0,1.0,0.0,1.0,0.0,0.0,1.0,0.0
1316,7755000.0,Other localities,Other,17.384393964633208,78.32823350707596,1410.0,2.0,0.0,1.0,0.0,0.0,0.0,0.0,1.0,0.0,0.0
1317,11800000.0,Other localities,Other,17.384393964633208,78.32823350707596,2160.0,3.0,0.0,1.0,0.0,0.0,0.0,0.0,1.0,0.0,0.0
1318,10400000.0,Other localities,Other,17.384393964633208,78.32823350707596,1905.0,3.0,0.0,1.0,0.0,0.0,0.0,0.0,1.0,0.0,0.0
1319,14600000.0,Other localities,Other,17.384393964633208,78.32823350707596,2665.0,3.0,0.0,1.0,0.0,0.0,0.0,0.0,1.0,0.0,0.0
1320,13200000.0,Other localities,Other,17.384393964633208,78.32823350707596,2400.0,3.0,0.0,1.0,0.0,0.0,0.0,0.0,1.0,0.0,0.0
1321,7672000.0,Other localities,Other,17.384393964633208,78.32823350707596,1395.0,2.0,0.0,1.0,0.0,0.0,0.0,0.0,1.0,0.0,0.0
1322,12600000.0,Kokapet,kokapet,17.39378245928407,78.33970720299747,1945.0,3.0,0.0,1.0,1.0,1.0,1.0,1.0,0.0,1.0,0.0
1323,12600000.0,Kokapet,kokapet,17.39378245928407,78.33970720299747,1945.0,3.0,0.0,1.0,1.0,1.0,1.0,1.0,0.0,1.0,0.0
1324,12600000.0,Kokapet,kokapet,17.39378245928407,78.33970720299747,1945.0,3.0,0.0,1.0,1.0,1.0,1.0,1.0,0.0,1.0,0.0
1325,10900000.0,Kokapet,kokapet,17.39378245928407,78.33970720299747,1680.0,3.0,0.0,1.0,1.0,1.0,1.0,1.0,0.0,1.0,0.0
1326,10900000.0,Kokapet,kokapet,17.39378245928407,78.33970720299747,1680.0,3.0,0.0,1.0,1.0,1.0,0.0,1.0,0.0,1.0,0.0
1327,8255000.0,Kokapet,kokapet,17.39378245928407,78.33970720299747,1270.0,2.0,0.0,1.0,1.0,1.0,1.0,1.0,0.0,1.0,0.0
1328,8255000.0,Kokapet,kokapet,17.39378245928407,78.33970720299747,1270.0,2.0,0.0,1.0,1.0,1.0,1.0,1.0,0.0,0.0,0.0
1329,8255000.0,Kokapet,kokapet,17.39378245928407,78.33970720299747,1270.0,2.0,0.0,1.0,1.0,1.0,1.0,1.0,0.0,1.0,0.0
1330,9620000.0,Kokapet,kokapet,17.39378245928407,78.33970720299747,1480.0,3.0,0.0,1.0,1.0,1.0,1.0,1.0,0.0,1.0,0.0
1331,9900000.0,Other localities,Other,17.491100648379927,78.54404478575385,3000.0,4.0,1.0,0.0,1.0,0.0,1.0,0.0,1.0,1.0,1.0
1332,4800000.0,Nizampet,nizampet,17.515834368956,78.38332726613078,1225.0,2.0,0.0,0.0,0.0,0.0,1.0,1.0,1.0,1.0,1.0
1333,11200000.0,Tellapur,tellapur,17.460288438271743,78.29110116751885,2026.0,3.0,0.0,1.0,1.0,1.0,1.0,1.0,1.0,1.0,1.0
1334,7900000.0,Bandlagudajagir,bandlagudajagir,17.3578764727295,78.39053678224889,1525.0,3.0,0.0,1.0,1.0,1.0,1.0,1.0,1.0,1.0,1.0
1335,5692000.0,Lbnagar,lbnagar,17.35158391547192,78.5535823129719,1265.0,2.0,0.0,0.0,1.0,1.0,0.0,1.0,0.0,1.0,0.0
1336,10500000.0,Kondapur,kondapur,17.464952556653586,78.35742606325269,1640.0,3.0,1.0,0.0,0.0,0.0,1.0,1.0,1.0,1.0,1.0
1337,8900000.0,Kukatpally,kukatpally,17.492910498045475,78.39886107029278,1360.0,2.0,0.0,1.0,1.0,1.0,1.0,0.0,1.0,1.0,0.0
1338,8600000.0,Lbnagar,lbnagar,17.35158391547192,78.5535823129719,1560.0,3.0,0.0,0.0,0.0,0.0,0.0,0.0,0.0,1.0,0.0
1339,11399999.0,Tellapur,tellapur,17.460288438271743,78.29110116751885,2026.0,3.0,0.0,1.0,1.0,1.0,1.0,1.0,1.0,1.0,1.0
1340,4161999.0,Other localities,Other,17.542598032587794,78.36580395344237,1125.0,2.0,0.0,0.0,0.0,0.0,1.0,1.0,1.0,0.0,0.0
1341,6800000.0,Pragathi Nagar,pragathinagarkukatpally,17.510961666666667,78.3961405,1515.0,3.0,0.0,0.0,0.0,0.0,0.0,0.0,1.0,1.0,1.0
1342,6800000.0,Pragathi Nagar,pragathinagarkukatpally,17.510961666666667,78.3961405,1515.0,3.0,0.0,0.0,0.0,0.0,0.0,0.0,1.0,1.0,1.0
1343,3300000.0,Other localities,Other,17.400576920967552,78.41095095845739,950.0,2.0,1.0,0.0,0.0,0.0,1.0,1.0,1.0,1.0,0.0
1344,6800000.0,Pragathi Nagar,pragathinagarkukatpally,17.510961666666667,78.3961405,1515.0,3.0,0.0,0.0,0.0,0.0,0.0,0.0,1.0,1.0,1.0
1345,6800000.0,Pragathi Nagar,pragathinagarkukatpally,17.510961666666667,78.3961405,1515.0,3.0,0.0,0.0,0.0,0.0,0.0,0.0,1.0,1.0,1.0
1346,7280000.0,Other localities,Other,17.478218605000002,78.57203928999999,1820.0,3.0,0.0,0.0,0.0,0.0,0.0,0.0,0.0,0.0,0.0
1347,6800000.0,Pragathi Nagar,pragathinagarkukatpally,17.510961666666667,78.3961405,1515.0,3.0,0.0,0.0,0.0,0.0,0.0,0.0,1.0,1.0,1.0
1348,11200000.0,Tellapur,tellapur,17.460288438271743,78.29110116751885,2026.0,3.0,0.0,1.0,1.0,1.0,1.0,1.0,1.0,1.0,1.0
1349,9000000.0,Kukatpally,kukatpally,17.492910498045475,78.39886107029278,1366.0,2.0,0.0,1.0,1.0,1.0,1.0,0.0,1.0,1.0,0.0
1350,4300000.0,Nizampet,nizampet,17.515834368956,78.38332726613078,1146.0,2.0,0.0,0.0,0.0,0.0,0.0,0.0,0.0,0.0,0.0
1351,9400000.0,Kukatpally,kukatpally,17.492910498045475,78.39886107029278,1441.0,2.0,0.0,1.0,1.0,1.0,1.0,0.0,1.0,1.0,0.0
1352,8900000.0,Kukatpally,kukatpally,17.492910498045475,78.39886107029278,1360.0,2.0,0.0,1.0,1.0,1.0,1.0,0.0,1.0,1.0,0.0
1353,23000000.0,Hitech City,hitechcity,17.45333259937053,78.37437407077309,3090.0,4.0,0.0,1.0,1.0,1.0,1.0,1.0,1.0,1.0,1.0
1354,2850000.0,Other localities,Other,17.44755733055875,78.4452055482499,1000.0,2.0,1.0,0.0,0.0,0.0,0.0,0.0,0.0,0.0,0.0
1355,11200000.0,Tellapur,tellapur,17.460288438271743,78.29110116751885,2026.0,3.0,0.0,1.0,1.0,1.0,1.0,1.0,1.0,1.0,1.0
1356,11299999.0,Other localities,Other,17.460288438271743,78.29110116751885,2026.0,3.0,0.0,1.0,1.0,1.0,1.0,1.0,1.0,1.0,1.0
1357,10500000.0,Tellapur,tellapur,17.460288438271743,78.29110116751885,1880.0,3.0,0.0,1.0,1.0,1.0,1.0,1.0,1.0,1.0,1.0
1358,11200000.0,Other localities,Other,17.460288438271743,78.29110116751885,2026.0,3.0,0.0,1.0,1.0,1.0,1.0,1.0,1.0,1.0,1.0
1359,7280000.0,Other localities,Other,17.478218605000002,78.57203928999999,1820.0,3.0,0.0,0.0,0.0,0.0,0.0,0.0,0.0,0.0,0.0
1360,3600000.0,Other localities,Other,17.542152680887217,78.22759572572556,1125.0,2.0,1.0,0.0,0.0,0.0,0.0,0.0,0.0,0.0,0.0
1361,8383000.0,Attapur,attapur,17.366046499919246,78.42716799129866,1950.0,3.0,0.0,0.0,1.0,1.0,0.0,1.0,0.0,1.0,0.0
1362,8387000.0,Attapur,attapur,17.366046499919246,78.42716799129866,1951.0,3.0,0.0,0.0,1.0,1.0,0.0,1.0,0.0,1.0,0.0
1363,8387000.0,Attapur,attapur,17.366046499919246,78.42716799129866,1951.0,3.0,0.0,0.0,1.0,1.0,0.0,1.0,0.0,1.0,0.0
1364,9400000.0,Kukatpally,kukatpally,17.492910498045475,78.39886107029278,1441.0,2.0,0.0,1.0,1.0,1.0,1.0,0.0,1.0,1.0,0.0
1365,10500000.0,Narsingi,narsingi,17.389011135333806,78.35934516389472,1700.0,3.0,0.0,1.0,1.0,1.0,1.0,1.0,1.0,1.0,1.0
1366,10500000.0,Narsingi,narsingi,17.389011135333806,78.35934516389472,1700.0,3.0,0.0,1.0,1.0,1.0,1.0,1.0,1.0,1.0,1.0
1367,10500000.0,Narsingi,narsingi,17.389011135333806,78.35934516389472,1700.0,3.0,0.0,1.0,1.0,1.0,1.0,1.0,1.0,1.0,1.0
1368,10500000.0,Narsingi,narsingi,17.389011135333806,78.35934516389472,1700.0,3.0,0.0,1.0,1.0,1.0,1.0,1.0,1.0,1.0,1.0
1369,8400000.0,Kukatpally,kukatpally,17.492910498045475,78.39886107029278,1279.0,2.0,0.0,1.0,1.0,1.0,1.0,0.0,1.0,1.0,0.0
1370,8200000.0,Kondapur,kondapur,17.464952556653586,78.35742606325269,1570.0,3.0,0.0,0.0,0.0,0.0,0.0,0.0,0.0,0.0,0.0
1371,4600000.0,Other localities,Other,17.51993540785078,78.39725150964608,1215.0,2.0,0.0,0.0,1.0,0.0,1.0,1.0,1.0,0.0,0.0
1372,4300000.0,Other localities,Other,17.519199714696207,78.39570135314253,1050.0,2.0,1.0,0.0,0.0,0.0,1.0,1.0,1.0,1.0,1.0
1373,8800000.0,Gachibowli,gachibowli,17.43818620463587,78.35192198714175,1260.0,3.0,1.0,1.0,1.0,1.0,1.0,1.0,1.0,1.0,1.0
1374,6900000.0,Pragathi Nagar,pragathinagarkukatpally,17.510961666666667,78.3961405,1515.0,3.0,0.0,0.0,0.0,0.0,0.0,0.0,1.0,1.0,1.0
1375,4810000.0,Other localities,Other,17.506353435137598,78.54147630859552,1300.0,3.0,0.0,0.0,0.0,0.0,1.0,1.0,1.0,0.0,0.0
1376,10500000.0,Narsingi,narsingi,17.389011135333806,78.35934516389472,1700.0,3.0,0.0,1.0,1.0,1.0,1.0,1.0,1.0,1.0,1.0
1377,23000000.0,Hitech City,hitechcity,17.45333259937053,78.37437407077309,3090.0,4.0,0.0,1.0,1.0,1.0,1.0,1.0,1.0,1.0,1.0
1378,8400000.0,Kukatpally,kukatpally,17.492910498045475,78.39886107029278,1274.0,2.0,0.0,1.0,1.0,1.0,1.0,0.0,1.0,1.0,0.0
1379,8400000.0,Kukatpally,kukatpally,17.492910498045475,78.39886107029278,1274.0,2.0,0.0,1.0,1.0,1.0,1.0,0.0,1.0,1.0,0.0
1380,7980000.0,Kokapet,kokapet,17.39378245928407,78.33970720299747,1400.0,3.0,0.0,1.0,1.0,1.0,0.0,1.0,0.0,1.0,0.0
1381,6500000.0,Other localities,Other,17.397477589364616,78.49136667439595,1621.0,3.0,1.0,0.0,0.0,0.0,0.0,0.0,0.0,0.0,0.0
1382,10200000.0,Kokapet,kokapet,17.39378245928407,78.33970720299747,1800.0,3.0,0.0,1.0,1.0,1.0,0.0,1.0,0.0,1.0,0.0
1383,4800000.0,Nizampet,nizampet,17.515834368956,78.38332726613078,1200.0,2.0,0.0,0.0,0.0,1.0,0.0,1.0,0.0,1.0,0.0
1384,4099000.0,Other localities,Other,17.44139289738286,78.25988430444247,1400.0,3.0,0.0,1.0,1.0,1.0,0.0,1.0,0.0,1.0,0.0
1385,4800000.0,Nizampet,nizampet,17.515834368956,78.38332726613078,1200.0,2.0,0.0,1.0,1.0,1.0,0.0,1.0,0.0,1.0,0.0
1386,4158000.0,Bachupally Road,bachupallyroad,17.541673105765128,78.36649211721665,1155.0,2.0,0.0,0.0,0.0,0.0,0.0,0.0,0.0,0.0,0.0
1387,4239000.0,Bachupally Road,bachupallyroad,17.541673105765128,78.36649211721665,1175.0,2.0,0.0,0.0,0.0,0.0,0.0,0.0,0.0,0.0,0.0
1388,4500000.0,Other localities,Other,17.519199714696207,78.39570135314253,1128.0,3.0,0.0,0.0,0.0,0.0,1.0,1.0,1.0,1.0,0.0
1389,7000000.0,Other localities,Other,17.39306856539772,78.51820219185778,1150.0,2.0,0.0,0.0,0.0,0.0,0.0,0.0,0.0,0.0,0.0
1390,11299999.0,Other localities,Other,17.460288438271743,78.29110116751885,2026.0,3.0,0.0,1.0,1.0,1.0,1.0,1.0,1.0,1.0,1.0
1391,10500000.0,Other localities,Other,17.460288438271743,78.29110116751885,1880.0,3.0,0.0,1.0,1.0,1.0,1.0,1.0,1.0,1.0,1.0
1392,10200000.0,Tellapur,tellapur,17.460288438271743,78.29110116751885,1880.0,3.0,0.0,1.0,1.0,1.0,1.0,1.0,1.0,1.0,1.0
1393,4000000.0,Other localities,Other,17.47972201502337,78.48056242902659,1350.0,3.0,1.0,0.0,0.0,0.0,0.0,0.0,0.0,0.0,0.0
1394,4158000.0,Bachupally Road,bachupallyroad,17.541673105765128,78.36649211721665,1155.0,2.0,0.0,0.0,0.0,0.0,0.0,0.0,0.0,0.0,0.0
1395,4158000.0,Bachupally Road,bachupallyroad,17.541673105765128,78.36649211721665,1155.0,2.0,0.0,0.0,0.0,0.0,0.0,0.0,0.0,0.0,0.0
1396,23000000.0,Hitech City,hitechcity,17.45333259937053,78.37437407077309,3090.0,4.0,0.0,1.0,1.0,1.0,1.0,1.0,1.0,1.0,1.0
1397,23000000.0,Hitech City,hitechcity,17.45333259937053,78.37437407077309,3090.0,4.0,0.0,1.0,1.0,1.0,1.0,1.0,1.0,1.0,1.0
1398,23000000.0,Hitech City,hitechcity,17.45333259937053,78.37437407077309,3090.0,4.0,0.0,1.0,1.0,1.0,1.0,1.0,1.0,1.0,1.0
1399,8150000.0,Serilingampally,serilingampally,17.477587205115576,78.32105761867258,1650.0,3.0,0.0,0.0,0.0,0.0,1.0,1.0,1.0,1.0,1.0
1400,8200000.0,Serilingampally,serilingampally,17.477587205115576,78.32105761867258,1650.0,3.0,0.0,0.0,0.0,0.0,1.0,1.0,1.0,1.0,1.0
1401,8200000.0,Serilingampally,serilingampally,17.477587205115576,78.32105761867258,1650.0,3.0,0.0,0.0,0.0,0.0,1.0,1.0,1.0,1.0,1.0
1402,8200000.0,Serilingampally,serilingampally,17.477587205115576,78.32105761867258,1650.0,3.0,0.0,0.0,0.0,0.0,1.0,1.0,1.0,1.0,1.0
1403,8200000.0,Serilingampally,serilingampally,17.477587205115576,78.32105761867258,1650.0,3.0,0.0,0.0,0.0,0.0,1.0,1.0,1.0,1.0,1.0
1404,8200000.0,Serilingampally,serilingampally,17.477587205115576,78.32105761867258,1650.0,3.0,0.0,0.0,0.0,0.0,1.0,1.0,1.0,1.0,1.0
1405,8200000.0,Serilingampally,serilingampally,17.477587205115576,78.32105761867258,1650.0,3.0,0.0,0.0,0.0,0.0,1.0,1.0,1.0,1.0,1.0
1406,4940000.0,Other localities,Other,17.460458040982207,78.55861258891626,1235.0,2.0,0.0,0.0,0.0,0.0,0.0,0.0,0.0,0.0,0.0
1407,6800000.0,Pragathi Nagar,pragathinagarkukatpally,17.510961666666667,78.3961405,1515.0,3.0,0.0,0.0,0.0,0.0,0.0,0.0,1.0,1.0,1.0
1408,8150000.0,Serilingampally,serilingampally,17.477587205115576,78.32105761867258,1650.0,3.0,0.0,0.0,0.0,0.0,1.0,1.0,1.0,1.0,1.0
1409,8150000.0,Serilingampally,serilingampally,17.477587205115576,78.32105761867258,1650.0,3.0,0.0,0.0,0.0,0.0,1.0,1.0,1.0,1.0,1.0
1410,8200000.0,Serilingampally,serilingampally,17.477587205115576,78.32105761867258,1650.0,3.0,0.0,0.0,0.0,0.0,1.0,1.0,1.0,1.0,1.0
1411,8200000.0,Serilingampally,serilingampally,17.477587205115576,78.32105761867258,1650.0,3.0,0.0,0.0,0.0,0.0,1.0,1.0,1.0,1.0,1.0
1412,8200000.0,Serilingampally,serilingampally,17.477587205115576,78.32105761867258,1650.0,3.0,0.0,0.0,0.0,0.0,1.0,1.0,1.0,1.0,1.0
1413,8200000.0,Serilingampally,serilingampally,17.477587205115576,78.32105761867258,1650.0,3.0,0.0,0.0,0.0,0.0,1.0,1.0,1.0,1.0,1.0
1414,8200000.0,Serilingampally,serilingampally,17.477587205115576,78.32105761867258,1650.0,3.0,0.0,0.0,0.0,0.0,1.0,1.0,1.0,1.0,1.0
1415,7500000.0,Other localities,Other,17.49314289684469,78.60684983425077,1700.0,3.0,1.0,0.0,0.0,0.0,0.0,1.0,1.0,1.0,0.0
1416,3500000.0,Other localities,Other,17.4016335,78.4023524,960.0,3.0,1.0,0.0,0.0,0.0,0.0,0.0,0.0,1.0,0.0
1417,4158000.0,Bachupally Road,bachupallyroad,17.541673105765128,78.36649211721665,1155.0,2.0,0.0,0.0,0.0,0.0,0.0,0.0,0.0,0.0,0.0
1418,8150000.0,Serilingampally,serilingampally,17.477587205115576,78.32105761867258,1650.0,3.0,0.0,0.0,0.0,0.0,1.0,1.0,1.0,1.0,1.0
1419,8150000.0,Serilingampally,serilingampally,17.477587205115576,78.32105761867258,1650.0,3.0,0.0,0.0,0.0,0.0,1.0,1.0,1.0,1.0,1.0
1420,8200000.0,Serilingampally,serilingampally,17.477587205115576,78.32105761867258,1650.0,3.0,0.0,0.0,0.0,0.0,1.0,1.0,1.0,1.0,1.0
1421,4239000.0,Bachupally Road,bachupallyroad,17.541673105765128,78.36649211721665,1175.0,2.0,0.0,0.0,0.0,0.0,0.0,0.0,0.0,0.0,0.0
1422,8200000.0,Serilingampally,serilingampally,17.477587205115576,78.32105761867258,1650.0,3.0,0.0,0.0,0.0,0.0,1.0,1.0,1.0,1.0,1.0
1423,4239000.0,Bachupally Road,bachupallyroad,17.541673105765128,78.36649211721665,1175.0,2.0,0.0,0.0,0.0,0.0,0.0,0.0,0.0,0.0,0.0
1424,7000000.0,Kondapur,kondapur,17.464952556653586,78.35742606325269,1370.0,2.0,0.0,0.0,0.0,0.0,0.0,0.0,0.0,0.0,0.0
1425,8000000.0,Kukatpally,kukatpally,17.492910498045475,78.39886107029278,1216.0,2.0,0.0,1.0,1.0,1.0,1.0,0.0,1.0,1.0,0.0
1426,9000000.0,Kukatpally,kukatpally,17.492910498045475,78.39886107029278,1366.0,2.0,0.0,1.0,1.0,1.0,1.0,0.0,1.0,1.0,0.0
1427,8000000.0,Kukatpally,kukatpally,17.492910498045475,78.39886107029278,1216.0,2.0,0.0,1.0,1.0,1.0,1.0,0.0,1.0,1.0,0.0
1428,4158000.0,Bachupally Road,bachupallyroad,17.541673105765128,78.36649211721665,1155.0,2.0,0.0,0.0,0.0,0.0,0.0,0.0,0.0,0.0,0.0
1429,11299999.0,Tellapur,tellapur,17.460288438271743,78.29110116751885,2026.0,3.0,0.0,1.0,1.0,1.0,1.0,1.0,1.0,1.0,1.0
1430,8000000.0,Kondapur,kondapur,17.464952556653586,78.35742606325269,1570.0,3.0,0.0,0.0,0.0,0.0,0.0,0.0,0.0,0.0,0.0
1431,8383000.0,Attapur,attapur,17.366046499919246,78.42716799129866,1950.0,3.0,0.0,0.0,1.0,1.0,0.0,1.0,0.0,1.0,0.0
1432,6786000.0,Other localities,Other,17.494220164922385,78.36823659772342,1170.0,2.0,0.0,0.0,0.0,0.0,0.0,1.0,1.0,1.0,0.0
1433,6000000.0,Pragathi Nagar,pragathinagarkukatpally,17.510961666666667,78.3961405,1515.0,3.0,0.0,0.0,0.0,0.0,0.0,0.0,1.0,1.0,1.0
1434,6323000.0,Attapur,attapur,17.366046499919246,78.42716799129866,1471.0,2.0,0.0,0.0,1.0,1.0,0.0,1.0,0.0,1.0,0.0
1435,6319000.0,Attapur,attapur,17.366046499919246,78.42716799129866,1470.0,2.0,0.0,0.0,1.0,1.0,0.0,1.0,0.0,1.0,0.0
1436,6319000.0,Attapur,attapur,17.366046499919246,78.42716799129866,1470.0,2.0,0.0,0.0,1.0,1.0,0.0,1.0,0.0,1.0,0.0
1437,8404000.0,Attapur,attapur,17.366046499919246,78.42716799129866,1955.0,3.0,0.0,0.0,1.0,1.0,0.0,1.0,0.0,1.0,0.0
1438,4500000.0,Nizampet,nizampet,17.515834368956,78.38332726613078,1000.0,2.0,1.0,0.0,0.0,0.0,1.0,1.0,1.0,1.0,0.0
1439,6000000.0,Other localities,Other,17.5302114,78.3940212,1515.0,3.0,0.0,0.0,0.0,0.0,1.0,1.0,1.0,1.0,1.0
1440,6000000.0,Other localities,Other,17.5302114,78.3940212,1515.0,3.0,0.0,0.0,0.0,0.0,1.0,1.0,1.0,1.0,1.0
1441,8400000.0,Kukatpally,kukatpally,17.492910498045475,78.39886107029278,1274.0,2.0,0.0,1.0,1.0,1.0,1.0,0.0,1.0,1.0,0.0
1442,40000000.0,Madhapur,madhapur,17.447815297983848,78.39084241875916,2865.0,4.0,1.0,1.0,1.0,1.0,1.0,1.0,1.0,1.0,1.0
1443,7317000.0,Kukatpally,kukatpally,17.492910498045475,78.39886107029278,1090.0,2.0,0.0,0.0,0.0,0.0,1.0,1.0,1.0,1.0,0.0
1444,11200000.0,Tellapur,tellapur,17.460288438271743,78.29110116751885,2026.0,3.0,0.0,1.0,1.0,1.0,1.0,1.0,1.0,1.0,1.0
1445,6000000.0,Pragathi Nagar,pragathinagarkukatpally,17.510961666666667,78.3961405,1515.0,3.0,0.0,0.0,0.0,0.0,0.0,0.0,1.0,1.0,1.0
1446,6500000.0,Other localities,Other,17.385,78.4867,950.0,2.0,1.0,0.0,0.0,0.0,0.0,0.0,0.0,0.0,0.0
1447,6000000.0,Pragathi Nagar,pragathinagarkukatpally,17.510961666666667,78.3961405,1515.0,3.0,0.0,0.0,0.0,0.0,0.0,0.0,1.0,1.0,1.0
1448,6000000.0,Pragathi Nagar,pragathinagarkukatpally,17.510961666666667,78.3961405,1515.0,3.0,0.0,0.0,0.0,0.0,0.0,0.0,1.0,1.0,1.0
1449,10500000.0,Other localities,Other,17.460288438271743,78.29110116751885,1880.0,3.0,0.0,1.0,1.0,1.0,1.0,1.0,1.0,1.0,1.0
1450,15500000.0,Nanakramguda,nanakramguda,17.422396189571867,78.344593041929,2220.0,3.0,0.0,1.0,1.0,1.0,1.0,1.0,1.0,1.0,1.0
1451,9120000.0,Kokapet,kokapet,17.39378245928407,78.33970720299747,1600.0,3.0,0.0,1.0,1.0,1.0,0.0,1.0,0.0,1.0,0.0
1452,4804000.0,Nizampet,nizampet,17.515834368956,78.38332726613078,1201.0,2.0,0.0,0.0,1.0,1.0,0.0,1.0,0.0,1.0,0.0
1453,5000000.0,Nizampet,nizampet,17.515834368956,78.38332726613078,1150.0,2.0,1.0,0.0,0.0,0.0,0.0,0.0,0.0,0.0,0.0
1454,4158000.0,Bachupally Road,bachupallyroad,17.541673105765128,78.36649211721665,1155.0,2.0,0.0,0.0,0.0,0.0,0.0,0.0,0.0,0.0,0.0
1455,4600000.0,Gajularamaram,gajularamaram,17.526992791546135,78.41939042820735,1050.0,2.0,0.0,1.0,0.0,0.0,1.0,1.0,1.0,1.0,1.0
1456,6600000.0,Gajularamaram,gajularamaram,17.526992791546135,78.41939042820735,1555.0,3.0,0.0,1.0,0.0,0.0,1.0,1.0,1.0,1.0,1.0
1457,11200000.0,Other localities,Other,17.460288438271743,78.29110116751885,2026.0,3.0,0.0,1.0,1.0,1.0,1.0,1.0,1.0,1.0,1.0
1458,10200000.0,Other localities,Other,17.460288438271743,78.29110116751885,1880.0,3.0,0.0,1.0,1.0,1.0,1.0,1.0,1.0,1.0,1.0
1459,4158000.0,Bachupally Road,bachupallyroad,17.541673105765128,78.36649211721665,1155.0,2.0,0.0,0.0,0.0,0.0,0.0,0.0,0.0,0.0,0.0
1460,21000000.0,Hitech City,hitechcity,17.45333259937053,78.37437407077309,2380.0,3.0,0.0,1.0,1.0,1.0,1.0,1.0,1.0,1.0,1.0
1461,6000000.0,Other localities,Other,17.4524482,78.50093679999999,1402.0,3.0,1.0,0.0,0.0,0.0,1.0,0.0,1.0,1.0,0.0
1462,6000000.0,Pragathi Nagar,pragathinagarkukatpally,17.510961666666667,78.3961405,1515.0,3.0,0.0,0.0,0.0,0.0,0.0,0.0,1.0,1.0,1.0
1463,4500000.0,Other localities,Other,17.519199714696207,78.39570135314253,1120.0,3.0,0.0,0.0,0.0,0.0,1.0,1.0,1.0,1.0,0.0
1464,8400000.0,Kukatpally,kukatpally,17.492910498045475,78.39886107029278,1279.0,2.0,0.0,1.0,1.0,1.0,1.0,0.0,1.0,1.0,0.0
1465,8400000.0,Kukatpally,kukatpally,17.492910498045475,78.39886107029278,1274.0,2.0,0.0,1.0,1.0,1.0,1.0,0.0,1.0,1.0,0.0
1466,4158000.0,Bachupally Road,bachupallyroad,17.541673105765128,78.36649211721665,1155.0,2.0,0.0,0.0,0.0,0.0,0.0,0.0,0.0,0.0,0.0
1467,8000000.0,Serilingampally,serilingampally,17.477587205115576,78.32105761867258,1650.0,3.0,0.0,0.0,0.0,0.0,1.0,1.0,1.0,1.0,1.0
1468,6000000.0,Pragathi Nagar,pragathinagarkukatpally,17.510961666666667,78.3961405,1515.0,3.0,0.0,0.0,0.0,0.0,0.0,0.0,1.0,1.0,1.0
1469,8000000.0,Serilingampally,serilingampally,17.477587205115576,78.32105761867258,1650.0,3.0,0.0,0.0,0.0,0.0,0.0,0.0,0.0,0.0,1.0
1470,9447000.0,Tellapur,tellapur,17.460288438271743,78.29110116751885,1687.0,3.0,0.0,1.0,1.0,1.0,1.0,1.0,1.0,1.0,1.0
1471,3500000.0,Other localities,Other,17.40499710457858,78.56754575350816,800.0,2.0,1.0,0.0,0.0,0.0,0.0,0.0,0.0,0.0,0.0
1472,6000000.0,Pragathi Nagar,pragathinagarkukatpally,17.510961666666667,78.3961405,1515.0,3.0,0.0,0.0,0.0,0.0,0.0,0.0,1.0,1.0,1.0
1473,6000000.0,Pragathi Nagar,pragathinagarkukatpally,17.510961666666667,78.3961405,1515.0,3.0,0.0,0.0,0.0,0.0,0.0,0.0,1.0,1.0,1.0
1474,6000000.0,Pragathi Nagar,pragathinagarkukatpally,17.510961666666667,78.3961405,1515.0,3.0,0.0,0.0,0.0,0.0,0.0,0.0,1.0,1.0,1.0
1475,9500000.0,Kukatpally,kukatpally,17.492910498045475,78.39886107029278,1441.0,2.0,0.0,1.0,1.0,1.0,1.0,0.0,1.0,1.0,0.0
1476,4070000.0,Other localities,Other,17.506353435137598,78.54147630859552,1100.0,2.0,0.0,0.0,0.0,0.0,1.0,1.0,1.0,0.0,0.0
1477,13700000.0,Tellapur,tellapur,17.460288438271743,78.29110116751885,2150.0,3.0,0.0,1.0,1.0,1.0,1.0,1.0,1.0,1.0,1.0
1478,6000000.0,Pragathi Nagar,pragathinagarkukatpally,17.510961666666667,78.3961405,1515.0,3.0,0.0,0.0,0.0,0.0,1.0,1.0,1.0,1.0,1.0
1479,6000000.0,Pragathi Nagar,pragathinagarkukatpally,17.510961666666667,78.3961405,1515.0,3.0,0.0,0.0,0.0,0.0,0.0,0.0,1.0,1.0,1.0
1480,6000000.0,Other localities,Other,17.5302114,78.3940212,1515.0,3.0,0.0,0.0,0.0,0.0,1.0,1.0,1.0,1.0,1.0
1481,6000000.0,Pragathi Nagar,pragathinagarkukatpally,17.510961666666667,78.3961405,1515.0,3.0,0.0,0.0,0.0,0.0,0.0,0.0,1.0,1.0,1.0
1482,4158000.0,Bachupally Road,bachupallyroad,17.541673105765128,78.36649211721665,1155.0,2.0,0.0,0.0,0.0,0.0,0.0,0.0,0.0,0.0,0.0
1483,2300000.0,Other localities,Other,17.39891661511736,78.5027406748854,600.0,1.0,1.0,0.0,0.0,0.0,0.0,0.0,0.0,0.0,0.0
1484,8150000.0,Serilingampally,serilingampally,17.477587205115576,78.32105761867258,1650.0,3.0,0.0,0.0,0.0,0.0,1.0,1.0,1.0,1.0,1.0
1485,16000000.0,Kondapur,kondapur,17.464952556653586,78.35742606325269,1880.0,3.0,0.0,1.0,1.0,1.0,1.0,1.0,1.0,1.0,1.0
1486,8900000.0,Kukatpally,kukatpally,17.492910498045475,78.39886107029278,1360.0,2.0,0.0,1.0,1.0,1.0,1.0,0.0,1.0,1.0,0.0
1487,8000000.0,Kukatpally,kukatpally,17.492910498045475,78.39886107029278,1216.0,2.0,0.0,1.0,1.0,1.0,1.0,0.0,1.0,1.0,0.0
1488,8766000.0,Tellapur,tellapur,17.460288438271743,78.29110116751885,1538.0,3.0,0.0,1.0,1.0,1.0,1.0,1.0,1.0,1.0,1.0
1489,10700000.0,Miyapur,miyapur,17.503473552989245,78.35121638270526,1920.0,3.0,0.0,1.0,1.0,1.0,1.0,1.0,1.0,1.0,1.0
1490,8573000.0,Miyapur,miyapur,17.503473552989245,78.35121638270526,1190.0,2.0,0.0,1.0,1.0,1.0,1.0,1.0,1.0,1.0,1.0
1491,18400000.0,Serilingampally,serilingampally,17.477587205115576,78.32105761867258,2925.0,4.0,0.0,1.0,1.0,1.0,1.0,1.0,1.0,1.0,1.0
1492,8150000.0,Serilingampally,serilingampally,17.477587205115576,78.32105761867258,1650.0,3.0,0.0,0.0,0.0,0.0,1.0,1.0,1.0,1.0,1.0
1493,12400000.0,Kokapet,kokapet,17.39378245928407,78.33970720299747,2150.0,3.0,0.0,1.0,1.0,1.0,1.0,1.0,0.0,1.0,1.0
1494,11200000.0,Kukatpally,kukatpally,17.492910498045475,78.39886107029278,1695.0,3.0,0.0,0.0,0.0,0.0,1.0,1.0,1.0,1.0,0.0
1495,5999000.0,Other localities,Other,17.49314289684469,78.60684983425077,2700.0,2.0,0.0,0.0,0.0,0.0,0.0,0.0,0.0,0.0,0.0
1496,6000000.0,Other localities,Other,17.342403866180586,78.53243168202744,1250.0,2.0,0.0,0.0,0.0,0.0,0.0,0.0,0.0,0.0,0.0
1497,5600000.0,Other localities,Other,17.385,78.4867,1100.0,2.0,0.0,0.0,0.0,0.0,1.0,1.0,1.0,1.0,1.0
1498,3510000.0,Miyapur,miyapur,17.503473552989245,78.35121638270526,1003.0,2.0,0.0,0.0,0.0,0.0,0.0,0.0,0.0,0.0,0.0
1499,2800000.0,Adibatla,adibatla,17.23166334809472,78.56172179517655,1400.0,3.0,0.0,0.0,0.0,0.0,0.0,0.0,0.0,0.0,0.0
1500,2800000.0,Adibatla,adibatla,17.23166334809472,78.56172179517655,1400.0,3.0,0.0,0.0,0.0,0.0,0.0,0.0,0.0,0.0,0.0
1501,21000000.0,Manikonda,manikonda,17.404881913358253,78.37812983145022,5000.0,6.0,0.0,0.0,0.0,0.0,0.0,0.0,1.0,0.0,0.0
1502,3500000.0,Other localities,Other,17.435398300000003,78.46281809999999,850.0,2.0,1.0,0.0,0.0,0.0,0.0,0.0,0.0,0.0,0.0
1503,8000000.0,Other localities,Other,17.435074818889237,78.44887654502158,1800.0,3.0,1.0,0.0,0.0,0.0,0.0,1.0,1.0,0.0,0.0
1504,5187000.0,Other localities,Other,17.460458040982207,78.55861258891626,1235.0,2.0,0.0,0.0,1.0,0.0,1.0,1.0,1.0,1.0,1.0
1505,6000000.0,Pragathi Nagar,pragathinagarkukatpally,17.510961666666667,78.3961405,1515.0,2.0,0.0,0.0,0.0,0.0,0.0,0.0,1.0,1.0,1.0
1506,2700000.0,Other localities,Other,17.44755733055875,78.4452055482499,750.0,2.0,1.0,0.0,0.0,0.0,0.0,0.0,0.0,0.0,0.0
1507,4158000.0,Bachupally Road,bachupallyroad,17.541673105765128,78.36649211721665,1155.0,2.0,0.0,0.0,0.0,0.0,0.0,0.0,0.0,0.0,0.0
1508,4000000.0,West Marredpally,westmarredpally,17.45078209501182,78.50513277521213,900.0,2.0,1.0,0.0,0.0,0.0,1.0,0.0,1.0,0.0,0.0
1509,35000000.0,Banjara Hills,banjarahills,17.415356872116416,78.43933349579677,3300.0,4.0,1.0,0.0,1.0,0.0,1.0,1.0,1.0,1.0,1.0
1510,8000000.0,Tellapur,tellapur,17.460288438271743,78.29110116751885,1538.0,3.0,0.0,1.0,1.0,1.0,1.0,1.0,1.0,1.0,1.0
1511,6800000.0,Kondapur,kondapur,17.464952556653586,78.35742606325269,1195.0,2.0,1.0,0.0,0.0,0.0,0.0,0.0,0.0,0.0,0.0
1512,4179999.0,Pragathi Nagar,pragathinagarkukatpally,17.510961666666667,78.3961405,1100.0,2.0,0.0,0.0,0.0,0.0,1.0,1.0,1.0,1.0,1.0
1513,8200000.0,Serilingampally,serilingampally,17.477587205115576,78.32105761867258,1650.0,3.0,0.0,0.0,0.0,0.0,1.0,1.0,1.0,1.0,1.0
1514,8200000.0,Serilingampally,serilingampally,17.477587205115576,78.32105761867258,1650.0,3.0,0.0,0.0,0.0,0.0,1.0,1.0,1.0,1.0,1.0
1515,4856000.0,Miyapur,miyapur,17.503473552989245,78.35121638270526,1214.0,2.0,0.0,0.0,1.0,1.0,1.0,1.0,1.0,1.0,0.0
1516,4230000.0,Bachupally Road,bachupallyroad,17.541673105765128,78.36649211721665,1175.0,2.0,0.0,0.0,0.0,0.0,0.0,0.0,0.0,0.0,0.0
1517,4158000.0,Bachupally Road,bachupallyroad,17.541673105765128,78.36649211721665,1155.0,2.0,0.0,0.0,0.0,0.0,0.0,0.0,0.0,0.0,0.0
1518,4236000.0,Bachupally Road,bachupallyroad,17.541673105765128,78.36649211721665,1175.0,2.0,0.0,0.0,0.0,0.0,0.0,0.0,0.0,0.0,0.0
1519,4236000.0,Bachupally Road,bachupallyroad,17.541673105765128,78.36649211721665,1175.0,2.0,0.0,0.0,0.0,0.0,0.0,0.0,0.0,0.0,0.0
1520,4236000.0,Bachupally Road,bachupallyroad,17.541673105765128,78.36649211721665,1175.0,2.0,0.0,0.0,0.0,0.0,0.0,0.0,0.0,0.0,0.0
1521,5654000.0,Other localities,Other,17.385,78.4867,1028.0,2.0,0.0,0.0,0.0,0.0,0.0,1.0,1.0,1.0,0.0
1522,4000000.0,Other localities,Other,17.385,78.4867,1350.0,3.0,0.0,0.0,0.0,0.0,0.0,1.0,0.0,0.0,0.0
1523,3700000.0,Other localities,Other,17.514167851399282,78.48519360563621,1050.0,2.0,0.0,0.0,0.0,0.0,1.0,1.0,1.0,0.0,0.0
1524,5600000.0,Lbnagar,lbnagar,17.35158391547192,78.5535823129719,1300.0,3.0,0.0,0.0,0.0,0.0,0.0,0.0,0.0,0.0,0.0
1525,3750000.0,Beeramguda,beeramguda,17.518769497302298,78.30204857007145,1500.0,3.0,0.0,0.0,0.0,0.0,0.0,0.0,0.0,0.0,0.0
1526,3500000.0,Krishnareddypet,krishnareddypet,17.53497604917157,78.29046831794751,1400.0,3.0,0.0,0.0,0.0,0.0,0.0,0.0,0.0,0.0,0.0
1527,4700000.0,Lbnagar,lbnagar,17.35158391547192,78.5535823129719,1130.0,2.0,0.0,0.0,0.0,0.0,0.0,0.0,0.0,0.0,0.0
1528,4600000.0,Other localities,Other,17.500768655559657,78.59544731385485,1500.0,3.0,1.0,0.0,0.0,0.0,1.0,0.0,1.0,1.0,1.0
1529,30000000.0,Jubilee Hills,jubileehills,17.4321415472508,78.41327145544938,3000.0,3.0,0.0,0.0,1.0,0.0,1.0,1.0,1.0,1.0,1.0
1530,8100000.0,Serilingampally,serilingampally,17.477587205115576,78.32105761867258,1650.0,3.0,0.0,0.0,0.0,0.0,1.0,1.0,1.0,1.0,1.0
1531,29000000.0,Hitech City,hitechcity,17.45333259937053,78.37437407077309,3498.0,4.0,0.0,1.0,1.0,1.0,1.0,1.0,1.0,1.0,1.0
1532,5500000.0,Other localities,Other,17.42401223595547,78.50999297169851,1100.0,3.0,1.0,0.0,0.0,0.0,0.0,0.0,0.0,0.0,0.0
1533,4680000.0,Bachupally,bachupally,17.541673105765128,78.36649211721665,1200.0,2.0,0.0,0.0,0.0,0.0,1.0,1.0,1.0,0.0,0.0
1534,4230000.0,Bachupally Road,bachupallyroad,17.541673105765128,78.36649211721665,1175.0,2.0,0.0,0.0,0.0,0.0,0.0,0.0,0.0,0.0,0.0
1535,8800000.0,Other localities,Other,17.492910498045475,78.39886107029278,1620.0,3.0,0.0,1.0,1.0,1.0,1.0,1.0,1.0,1.0,0.0
1536,4200000.0,Pragathi Nagar,pragathinagarkukatpally,17.510961666666667,78.3961405,1100.0,2.0,0.0,0.0,0.0,0.0,0.0,1.0,1.0,1.0,0.0
1537,5061000.0,Miyapur,miyapur,17.503473552989245,78.35121638270526,1205.0,2.0,0.0,0.0,0.0,0.0,0.0,1.0,1.0,1.0,0.0
1538,4600000.0,Nizampet,nizampet,17.515834368956,78.38332726613078,1180.0,2.0,0.0,0.0,0.0,0.0,0.0,1.0,1.0,1.0,0.0
1539,10900000.0,Kukatpally,kukatpally,17.492910498045475,78.39886107029278,1591.0,3.0,0.0,1.0,1.0,1.0,1.0,1.0,1.0,1.0,1.0
1540,11000000.0,Banjara Hills,banjarahills,17.415356872116416,78.43933349579677,1441.0,2.0,1.0,0.0,0.0,0.0,0.0,1.0,1.0,0.0,0.0
1541,3148000.0,Gachibowli,gachibowli,17.43818620463587,78.35192198714175,1050.0,2.0,0.0,1.0,1.0,1.0,1.0,1.0,1.0,1.0,1.0
1542,6325000.0,Gachibowli,gachibowli,17.43818620463587,78.35192198714175,1665.0,3.0,0.0,1.0,1.0,1.0,1.0,1.0,1.0,1.0,1.0
1543,4748000.0,Gachibowli,gachibowli,17.43818620463587,78.35192198714175,1250.0,2.0,0.0,1.0,1.0,0.0,1.0,1.0,1.0,1.0,0.0
1544,4230000.0,Bachupally Road,bachupallyroad,17.541673105765128,78.36649211721665,1175.0,2.0,0.0,0.0,0.0,0.0,0.0,0.0,0.0,0.0,0.0
1545,5652000.0,Other localities,Other,17.50394729089415,78.46719040643906,1256.0,2.0,0.0,1.0,1.0,0.0,1.0,1.0,1.0,1.0,1.0
1546,4680000.0,Bachupally,bachupally,17.541673105765128,78.36649211721665,1200.0,2.0,0.0,0.0,0.0,0.0,1.0,1.0,1.0,0.0,0.0
1547,38700000.0,Other localities,Other,17.455320847039662,78.36664041922354,4320.0,4.0,0.0,1.0,1.0,1.0,1.0,1.0,1.0,1.0,0.0
1548,10000000.0,Kokapet,kokapet,17.39378245928407,78.33970720299747,1735.0,3.0,0.0,1.0,1.0,1.0,1.0,1.0,0.0,1.0,1.0
1549,6500000.0,Other localities,Other,17.510420164644525,78.35406446083775,1150.0,2.0,1.0,0.0,0.0,0.0,1.0,1.0,1.0,1.0,0.0
1550,12400000.0,Sanathnagar,sanathnagar,17.4540288893428,78.4431068242532,1500.0,3.0,0.0,1.0,1.0,1.0,1.0,1.0,1.0,1.0,1.0
1551,4230000.0,Bachupally Road,bachupallyroad,17.541673105765128,78.36649211721665,1175.0,2.0,0.0,0.0,0.0,0.0,0.0,0.0,0.0,0.0,0.0
1552,7800000.0,Kokapet,kokapet,17.39378245928407,78.33970720299747,1507.0,3.0,0.0,1.0,1.0,1.0,1.0,1.0,1.0,1.0,0.0
1553,8000000.0,Tellapur,tellapur,17.460288438271743,78.29110116751885,1412.0,3.0,0.0,1.0,1.0,1.0,1.0,1.0,1.0,1.0,1.0
1554,12500000.0,Other localities,Other,17.384393964633208,78.32823350707596,2160.0,3.0,0.0,1.0,1.0,1.0,1.0,1.0,1.0,1.0,1.0
1555,10000000.0,Appa Junction (Peerancheru),appajunctionpeerancheru,17.357199716666667,78.3769494,1500.0,3.0,1.0,1.0,1.0,1.0,1.0,1.0,1.0,0.0,0.0
1556,3500000.0,Other localities,Other,17.500768655559657,78.59544731385485,1050.0,2.0,1.0,0.0,1.0,0.0,1.0,1.0,1.0,1.0,1.0
1557,2310000.0,Other localities,Other,17.460458040982207,78.55861258891626,550.0,1.0,0.0,0.0,1.0,0.0,1.0,1.0,1.0,1.0,1.0
1558,7554000.0,Kondapur,kondapur,17.464952556653586,78.35742606325269,1220.0,2.0,0.0,1.0,1.0,1.0,1.0,1.0,1.0,1.0,1.0
1559,4542000.0,Gajularamaram,gajularamaram,17.526992791546135,78.41939042820735,1010.0,2.0,0.0,1.0,1.0,0.0,1.0,1.0,1.0,1.0,0.0
1560,7098999.0,Kukatpally,kukatpally,17.492910498045475,78.39886107029278,1090.0,2.0,0.0,0.0,0.0,0.0,1.0,1.0,1.0,1.0,0.0
1561,6931000.0,Gajularamaram,gajularamaram,17.526992791546135,78.41939042820735,1555.0,3.0,0.0,1.0,1.0,0.0,1.0,1.0,1.0,1.0,1.0
1562,11399999.0,Kondapur,kondapur,17.464952556653586,78.35742606325269,1885.0,3.0,0.0,1.0,1.0,1.0,1.0,1.0,1.0,1.0,1.0
1563,11100000.0,Kukatpally,kukatpally,17.492910498045475,78.39886107029278,1730.0,3.0,0.0,0.0,0.0,0.0,1.0,1.0,1.0,1.0,0.0
1564,4158000.0,Bachupally Road,bachupallyroad,17.541673105765128,78.36649211721665,1155.0,2.0,0.0,0.0,0.0,0.0,1.0,1.0,1.0,1.0,1.0
1565,8150000.0,Serilingampally,serilingampally,17.477587205115576,78.32105761867258,1650.0,3.0,0.0,0.0,0.0,0.0,1.0,1.0,1.0,1.0,1.0
1566,40000000.0,Other localities,Other,17.500905480087958,78.39524864195991,5000.0,3.0,1.0,0.0,0.0,0.0,1.0,1.0,1.0,1.0,1.0
1567,2500000.0,Other localities,Other,17.503473552989245,78.35121638270526,600.0,1.0,1.0,0.0,0.0,0.0,1.0,0.0,0.0,1.0,0.0
1568,10500000.0,Other localities,Other,17.432281391714795,78.40392796978166,1600.0,3.0,1.0,0.0,0.0,0.0,1.0,1.0,1.0,1.0,0.0
1569,19300000.0,Gachibowli,gachibowli,17.43818620463587,78.35192198714175,2800.0,3.0,0.0,1.0,1.0,0.0,1.0,0.0,1.0,0.0,0.0
1570,16500000.0,Gachibowli,gachibowli,17.43818620463587,78.35192198714175,2405.0,3.0,0.0,1.0,1.0,0.0,1.0,0.0,1.0,0.0,0.0
1571,2500000.0,Krishnareddypet,krishnareddypet,17.53497604917157,78.29046831794751,1000.0,2.0,0.0,0.0,0.0,0.0,0.0,0.0,0.0,0.0,0.0
1572,3500000.0,Beeramguda,beeramguda,17.518769497302298,78.30204857007145,1400.0,3.0,0.0,0.0,0.0,0.0,0.0,0.0,0.0,0.0,0.0
1573,5600000.0,Lbnagar,lbnagar,17.35158391547192,78.5535823129719,1330.0,3.0,0.0,0.0,0.0,0.0,0.0,0.0,0.0,0.0,0.0
1574,3500000.0,Miyapur,miyapur,17.503473552989245,78.35121638270526,1000.0,3.0,0.0,0.0,0.0,0.0,0.0,0.0,0.0,0.0,0.0
1575,27000000.0,Other localities,Other,17.399839563047717,78.476618264196,3350.0,4.0,1.0,0.0,0.0,0.0,1.0,1.0,1.0,1.0,0.0
1576,9291000.0,Kondapur,kondapur,17.464952556653586,78.35742606325269,1630.0,3.0,0.0,1.0,1.0,1.0,1.0,1.0,1.0,1.0,1.0
1577,8150000.0,Serilingampally,serilingampally,17.477587205115576,78.32105761867258,1650.0,3.0,0.0,0.0,0.0,0.0,1.0,1.0,1.0,1.0,1.0
1578,42900000.0,Banjara Hills,banjarahills,17.415356872116416,78.43933349579677,3350.0,4.0,0.0,1.0,1.0,1.0,1.0,1.0,1.0,1.0,1.0
1579,6000000.0,Other localities,Other,17.4828836,78.37668305,1250.0,2.0,0.0,0.0,0.0,0.0,1.0,1.0,1.0,1.0,1.0
1580,4700000.0,Other localities,Other,17.413785301357024,78.55627957729939,1055.0,2.0,0.0,1.0,1.0,0.0,1.0,1.0,1.0,0.0,0.0
1581,4403000.0,Other localities,Other,17.503473552989245,78.35121638270526,1190.0,2.0,0.0,0.0,0.0,0.0,0.0,0.0,1.0,1.0,1.0
1582,2200000.0,Other localities,Other,17.478218605000002,78.57203928999999,550.0,1.0,0.0,0.0,1.0,0.0,1.0,1.0,1.0,1.0,0.0
1583,4304000.0,Other localities,Other,17.480951744739194,78.5765012862506,1076.0,2.0,0.0,0.0,0.0,0.0,0.0,1.0,0.0,1.0,0.0
1584,3732000.0,Other localities,Other,17.480951744739194,78.5765012862506,933.0,2.0,0.0,0.0,0.0,0.0,0.0,1.0,0.0,1.0,0.0
1585,4104000.0,Other localities,Other,17.480951744739194,78.5765012862506,1026.0,2.0,0.0,0.0,0.0,0.0,0.0,1.0,0.0,1.0,0.0
1586,3928000.0,Other localities,Other,17.480951744739194,78.5765012862506,982.0,2.0,0.0,0.0,0.0,0.0,0.0,1.0,0.0,1.0,0.0
1587,9100000.0,Tellapur,tellapur,17.460288438271743,78.29110116751885,1792.0,3.0,0.0,1.0,1.0,1.0,1.0,1.0,1.0,1.0,1.0
1588,29000000.0,Hitech City,hitechcity,17.45333259937053,78.37437407077309,3498.0,4.0,0.0,1.0,1.0,1.0,1.0,1.0,1.0,1.0,1.0
1589,4389000.0,Bachupally Road,bachupallyroad,17.541673105765128,78.36649211721665,1155.0,2.0,0.0,0.0,0.0,0.0,0.0,0.0,0.0,0.0,0.0
1590,13700000.0,Bandlagudajagir,bandlagudajagir,17.3578764727295,78.39053678224889,2771.0,4.0,0.0,1.0,1.0,1.0,1.0,1.0,1.0,1.0,0.0
1591,9974000.0,Kokapet,kokapet,17.39378245928407,78.33970720299747,1480.0,3.0,0.0,1.0,1.0,1.0,1.0,1.0,1.0,1.0,1.0
1592,20000000.0,Other localities,Other,17.49627677991907,78.33088805401513,2250.0,3.0,1.0,0.0,0.0,0.0,1.0,1.0,1.0,1.0,0.0
1593,3000000.0,Sanathnagar,sanathnagar,17.4540288893428,78.4431068242532,700.0,2.0,1.0,0.0,0.0,0.0,1.0,0.0,0.0,0.0,0.0
1594,4158000.0,Bachupally Road,bachupallyroad,17.541673105765128,78.36649211721665,1155.0,2.0,0.0,0.0,0.0,0.0,0.0,0.0,0.0,0.0,0.0
1595,4158000.0,Bachupally Road,bachupallyroad,17.541673105765128,78.36649211721665,1155.0,2.0,0.0,0.0,0.0,0.0,0.0,0.0,0.0,0.0,0.0
1596,4239000.0,Bachupally Road,bachupallyroad,17.541673105765128,78.36649211721665,1175.0,2.0,0.0,0.0,0.0,0.0,0.0,0.0,0.0,0.0,0.0
1597,11000000.0,Other localities,Other,17.393768908462267,78.49610878665564,1715.0,3.0,1.0,0.0,0.0,0.0,1.0,1.0,1.0,1.0,0.0
1598,4950000.0,Manikonda,manikonda,17.404881913358253,78.37812983145022,1100.0,2.0,0.0,0.0,0.0,0.0,1.0,1.0,1.0,1.0,0.0
1599,21000000.0,Kondapur,kondapur,17.464952556653586,78.35742606325269,2380.0,3.0,0.0,1.0,1.0,0.0,1.0,1.0,1.0,1.0,0.0
1600,6006000.0,Other localities,Other,17.478218605000002,78.57203928999999,1430.0,3.0,0.0,0.0,1.0,0.0,1.0,1.0,1.0,1.0,1.0
1601,2116000.0,Beeramguda,beeramguda,17.518769497302298,78.30204857007145,1008.0,2.0,0.0,1.0,1.0,1.0,1.0,1.0,1.0,1.0,1.0
1602,4800000.0,Nizampet,nizampet,17.515834368956,78.38332726613078,1225.0,2.0,0.0,0.0,0.0,0.0,1.0,1.0,1.0,1.0,1.0
1603,4236000.0,Bachupally Road,bachupallyroad,17.541673105765128,78.36649211721665,1175.0,3.0,0.0,0.0,0.0,0.0,0.0,0.0,0.0,0.0,0.0
1604,9638000.0,Hitech City,hitechcity,17.45333259937053,78.37437407077309,1580.0,3.0,0.0,1.0,1.0,1.0,1.0,1.0,1.0,1.0,1.0
1605,7000000.0,Other localities,Other,17.495107751906488,78.3404559849364,1170.0,2.0,0.0,0.0,0.0,0.0,0.0,0.0,0.0,0.0,0.0
1606,4100000.0,Other localities,Other,17.514167851399282,78.48519360563621,1055.0,2.0,0.0,0.0,0.0,0.0,0.0,0.0,0.0,1.0,1.0
1607,8400000.0,Kukatpally,kukatpally,17.492910498045475,78.39886107029278,1216.0,2.0,0.0,1.0,1.0,1.0,1.0,1.0,1.0,1.0,0.0
1608,40700000.0,Gachibowli,gachibowli,17.43818620463587,78.35192198714175,4799.0,4.0,1.0,1.0,1.0,1.0,1.0,1.0,1.0,1.0,1.0
1609,14900000.0,Sanathnagar,sanathnagar,17.4540288893428,78.4431068242532,1780.0,3.0,0.0,1.0,1.0,1.0,0.0,1.0,1.0,1.0,1.0
1610,6800000.0,Pragathi Nagar,pragathinagarkukatpally,17.510961666666667,78.3961405,1515.0,3.0,0.0,0.0,0.0,0.0,0.0,0.0,1.0,1.0,1.0
1611,45000000.0,Gachibowli,gachibowli,17.43818620463587,78.35192198714175,4152.0,5.0,1.0,1.0,1.0,1.0,1.0,1.0,1.0,1.0,1.0
1612,15000000.0,Other localities,Other,17.397651348863857,78.51732966339205,2100.0,3.0,1.0,0.0,0.0,0.0,1.0,1.0,1.0,1.0,0.0
1613,4389000.0,Bachupally Road,bachupallyroad,17.541673105765128,78.36649211721665,1155.0,2.0,0.0,0.0,0.0,0.0,0.0,0.0,0.0,0.0,0.0
1614,8300000.0,Tellapur,tellapur,17.460288438271743,78.29110116751885,1597.0,3.0,0.0,1.0,1.0,1.0,1.0,1.0,1.0,1.0,1.0
1615,5200000.0,Other localities,Other,17.44755733055875,78.4452055482499,1200.0,2.0,1.0,0.0,0.0,0.0,1.0,1.0,1.0,1.0,0.0
1616,15000000.0,Hitech City,hitechcity,17.45333259937053,78.37437407077309,1000.0,1.0,0.0,1.0,1.0,1.0,1.0,1.0,1.0,1.0,1.0
1617,6340000.0,Other localities,Other,17.478218605000002,78.57203928999999,1585.0,3.0,0.0,0.0,1.0,0.0,1.0,1.0,1.0,1.0,1.0
1618,37000000.0,Banjara Hills,banjarahills,17.415356872116416,78.43933349579677,3025.0,4.0,0.0,1.0,0.0,0.0,1.0,1.0,1.0,1.0,0.0
1619,27000000.0,Banjara Hills,banjarahills,17.415356872116416,78.43933349579677,2166.0,3.0,1.0,1.0,0.0,0.0,1.0,1.0,1.0,1.0,0.0
1620,9200000.0,Gajularamaram,gajularamaram,17.526992791546135,78.41939042820735,1620.0,3.0,0.0,1.0,1.0,1.0,1.0,1.0,1.0,1.0,1.0
1621,10400000.0,Other localities,Other,17.506353435137598,78.54147630859552,2612.0,3.0,1.0,0.0,0.0,0.0,1.0,1.0,1.0,1.0,0.0
1622,9351000.0,Other localities,Other,17.492910498045475,78.39886107029278,1620.0,3.0,0.0,1.0,1.0,1.0,1.0,1.0,1.0,1.0,1.0
1623,9200000.0,Other localities,Other,17.492910498045475,78.39886107029278,1620.0,3.0,0.0,1.0,1.0,1.0,1.0,1.0,1.0,1.0,1.0
1624,7028000.0,Other localities,Other,17.495107751906488,78.3404559849364,1170.0,2.0,0.0,0.0,0.0,0.0,0.0,0.0,0.0,0.0,0.0
1625,12000000.0,Kokapet,kokapet,17.39378245928407,78.33970720299747,1680.0,3.0,0.0,1.0,1.0,1.0,1.0,1.0,1.0,1.0,1.0
1626,8000000.0,Other localities,Other,17.399036352612555,78.50564080285866,1400.0,2.0,1.0,0.0,0.0,0.0,1.0,1.0,1.0,1.0,0.0
1627,4198000.0,Gachibowli,gachibowli,17.43818620463587,78.35192198714175,1400.0,3.0,0.0,1.0,1.0,1.0,1.0,1.0,1.0,1.0,1.0
1628,6340000.0,Other localities,Other,17.478218605000002,78.57203928999999,1585.0,3.0,0.0,0.0,1.0,0.0,1.0,1.0,1.0,1.0,1.0
1629,9500000.0,Gajularamaram,gajularamaram,17.526992791546135,78.41939042820735,1620.0,3.0,0.0,1.0,1.0,1.0,1.0,1.0,1.0,1.0,1.0
1630,9500000.0,Gajularamaram,gajularamaram,17.526992791546135,78.41939042820735,1620.0,3.0,0.0,1.0,1.0,1.0,1.0,1.0,1.0,1.0,1.0
1631,9500000.0,Gajularamaram,gajularamaram,17.526992791546135,78.41939042820735,1620.0,3.0,0.0,1.0,1.0,1.0,1.0,1.0,1.0,1.0,1.0
1632,9500000.0,Gajularamaram,gajularamaram,17.526992791546135,78.41939042820735,1620.0,3.0,0.0,1.0,1.0,1.0,1.0,1.0,1.0,1.0,1.0
1633,4600000.0,Other localities,Other,17.489422698607296,78.30475283068846,1232.0,2.0,0.0,0.0,0.0,0.0,0.0,1.0,1.0,1.0,1.0
1634,5800000.0,Other localities,Other,17.36389157846474,78.40097985270958,1470.0,2.0,0.0,1.0,1.0,1.0,1.0,1.0,1.0,1.0,1.0
1635,6220000.0,Alwal,alwal,17.500221878894795,78.5029576694876,1555.0,3.0,0.0,0.0,1.0,1.0,1.0,1.0,1.0,1.0,0.0
1636,4230000.0,Bachupally Road,bachupallyroad,17.541673105765128,78.36649211721665,1175.0,2.0,0.0,0.0,0.0,0.0,0.0,0.0,0.0,0.0,0.0
1637,5800000.0,Other localities,Other,17.369093411116335,78.40165925579653,1470.0,2.0,0.0,1.0,1.0,1.0,1.0,1.0,1.0,1.0,1.0
1638,9400000.0,Kukatpally,kukatpally,17.492910498045475,78.39886107029278,1360.0,2.0,0.0,1.0,1.0,1.0,1.0,0.0,1.0,1.0,0.0
1639,4000000.0,Other localities,Other,17.398217434230894,78.50488834591364,1400.0,3.0,1.0,0.0,0.0,0.0,1.0,1.0,1.0,1.0,1.0
1640,4300000.0,Nizampet,nizampet,17.515834368956,78.38332726613078,1090.0,2.0,0.0,0.0,0.0,0.0,1.0,0.0,1.0,1.0,1.0
1641,5967000.0,Other localities,Other,17.495107751906488,78.3404559849364,1170.0,2.0,0.0,0.0,0.0,0.0,0.0,0.0,0.0,0.0,0.0
1642,8900000.0,Kukatpally,kukatpally,17.492910498045475,78.39886107029278,1441.0,2.0,0.0,1.0,1.0,1.0,1.0,1.0,1.0,1.0,0.0
1643,10500000.0,Kokapet,kokapet,17.39378245928407,78.33970720299747,1735.0,3.0,0.0,1.0,1.0,1.0,1.0,1.0,0.0,1.0,1.0
1644,22000000.0,Nanakramguda,nanakramguda,17.422396189571867,78.344593041929,3230.0,3.0,1.0,1.0,1.0,1.0,1.0,1.0,1.0,1.0,1.0
1645,7800000.0,Kokapet,kokapet,17.39378245928407,78.33970720299747,1271.0,2.0,0.0,1.0,1.0,1.0,1.0,1.0,1.0,1.0,1.0
1646,2700000.0,Other localities,Other,17.44755733055875,78.4452055482499,750.0,2.0,1.0,0.0,0.0,0.0,0.0,0.0,0.0,0.0,0.0
1647,12000000.0,Kukatpally,kukatpally,17.492910498045475,78.39886107029278,1740.0,3.0,0.0,1.0,1.0,1.0,1.0,1.0,1.0,1.0,0.0
1648,4158000.0,Bachupally Road,bachupallyroad,17.541673105765128,78.36649211721665,1155.0,2.0,0.0,0.0,0.0,0.0,0.0,0.0,0.0,0.0,0.0
1649,4158000.0,Bachupally Road,bachupallyroad,17.541673105765128,78.36649211721665,1155.0,2.0,0.0,0.0,0.0,0.0,0.0,0.0,0.0,0.0,0.0
1650,4500000.0,Bachupally Road,bachupallyroad,17.541673105765128,78.36649211721665,1175.0,2.0,0.0,0.0,0.0,0.0,0.0,0.0,0.0,0.0,0.0
1651,4500000.0,Bachupally Road,bachupallyroad,17.541673105765128,78.36649211721665,1175.0,2.0,0.0,0.0,0.0,0.0,0.0,0.0,0.0,0.0,0.0
1652,4389000.0,Bachupally Road,bachupallyroad,17.541673105765128,78.36649211721665,1155.0,2.0,0.0,0.0,0.0,0.0,1.0,1.0,1.0,1.0,1.0
1653,6500000.0,Other localities,Other,17.46904750639663,78.30890595548833,1220.0,2.0,0.0,0.0,0.0,0.0,1.0,1.0,1.0,1.0,1.0
1654,10500000.0,Kondapur,kondapur,17.464952556653586,78.35742606325269,1320.0,2.0,0.0,1.0,1.0,1.0,1.0,1.0,1.0,1.0,1.0
1655,21000000.0,Kokapet,kokapet,17.39378245928407,78.33970720299747,3380.0,4.0,0.0,1.0,1.0,1.0,1.0,1.0,1.0,1.0,1.0
1656,10000000.0,Appa Junction (Peerancheru),appajunctionpeerancheru,17.357199716666667,78.3769494,1482.0,2.0,1.0,0.0,0.0,0.0,1.0,1.0,1.0,0.0,0.0
1657,45000000.0,Nanakramguda,nanakramguda,17.422396189571867,78.344593041929,4395.0,4.0,0.0,1.0,1.0,1.0,1.0,1.0,1.0,1.0,0.0
1658,12000000.0,Nallagandla,nallagandlagachibowli,17.43818620463587,78.35192198714175,1860.0,3.0,0.0,1.0,1.0,1.0,1.0,1.0,1.0,1.0,1.0
1659,6200000.0,Other localities,Other,17.486508300593496,78.56780807245762,1500.0,3.0,0.0,0.0,0.0,0.0,1.0,1.0,1.0,0.0,0.0
1660,6800000.0,Other localities,Other,17.495107751906488,78.3404559849364,1170.0,2.0,0.0,0.0,0.0,0.0,0.0,0.0,0.0,0.0,0.0
1661,40000000.0,Madhapur,madhapur,17.447815297983848,78.39084241875916,2865.0,4.0,1.0,1.0,1.0,1.0,1.0,1.0,1.0,1.0,1.0
1662,45000000.0,Gachibowli,gachibowli,17.43818620463587,78.35192198714175,4152.0,5.0,1.0,1.0,1.0,1.0,1.0,1.0,1.0,1.0,1.0
1663,8522000.0,Kokapet,kokapet,17.39378245928407,78.33970720299747,1270.0,2.0,0.0,1.0,1.0,1.0,1.0,1.0,1.0,1.0,1.0
1664,11200000.0,Kokapet,kokapet,17.39378245928407,78.33970720299747,1735.0,3.0,0.0,1.0,1.0,1.0,1.0,1.0,0.0,1.0,1.0
1665,11000000.0,Kokapet,kokapet,17.39378245928407,78.33970720299747,1735.0,3.0,0.0,1.0,1.0,1.0,1.0,1.0,0.0,1.0,1.0
1666,11000000.0,Kukatpally,kukatpally,17.492910498045475,78.39886107029278,1216.0,2.0,0.0,1.0,1.0,1.0,1.0,1.0,1.0,1.0,1.0
1667,10900000.0,Other localities,Other,17.385,78.4867,1755.0,3.0,0.0,1.0,1.0,1.0,1.0,1.0,1.0,1.0,1.0
1668,10500000.0,Balanagar,balanagar,17.47485623141029,78.45058711838686,1665.0,3.0,0.0,1.0,1.0,1.0,1.0,1.0,1.0,1.0,0.0
1669,8259999.0,Other localities,Other,17.492910498045475,78.39886107029278,1620.0,3.0,0.0,1.0,1.0,1.0,1.0,1.0,1.0,1.0,0.0
1670,4600000.0,Other localities,Other,17.519199714696207,78.39570135314253,1130.0,2.0,0.0,0.0,0.0,0.0,1.0,1.0,1.0,1.0,0.0
1671,5700000.0,Kukatpally,kukatpally,17.492910498045475,78.39886107029278,1100.0,2.0,0.0,0.0,0.0,0.0,1.0,1.0,1.0,1.0,0.0
1672,4872000.0,Other localities,Other,17.478218605000002,78.57203928999999,1160.0,2.0,1.0,0.0,1.0,0.0,1.0,1.0,1.0,1.0,1.0
1673,11299999.0,Kondapur,kondapur,17.464952556653586,78.35742606325269,1490.0,3.0,0.0,1.0,1.0,1.0,1.0,1.0,1.0,1.0,1.0
1674,5000000.0,Other localities,Other,17.41236978430644,78.50861340411174,1300.0,3.0,0.0,0.0,0.0,0.0,1.0,1.0,1.0,1.0,1.0
1675,4500000.0,Other localities,Other,17.41236978430644,78.50861340411174,1280.0,3.0,0.0,0.0,0.0,0.0,1.0,1.0,1.0,1.0,1.0
1676,4500000.0,Other localities,Other,17.398217434230894,78.50488834591364,1000.0,2.0,1.0,0.0,0.0,0.0,1.0,0.0,1.0,1.0,0.0
1677,6800000.0,Pragathi Nagar,pragathinagarkukatpally,17.510961666666667,78.3961405,1515.0,3.0,0.0,0.0,0.0,0.0,0.0,0.0,1.0,1.0,1.0
1678,7000000.0,Other localities,Other,17.495107751906488,78.3404559849364,1170.0,2.0,0.0,0.0,0.0,0.0,0.0,0.0,0.0,0.0,0.0
1679,35200000.0,Gachibowli,gachibowli,17.43818620463587,78.35192198714175,4146.0,5.0,0.0,1.0,1.0,1.0,1.0,1.0,1.0,1.0,1.0
1680,35200000.0,Gachibowli,gachibowli,17.43818620463587,78.35192198714175,4146.0,5.0,0.0,1.0,1.0,1.0,0.0,1.0,1.0,1.0,1.0
1681,35200000.0,Gachibowli,gachibowli,17.43818620463587,78.35192198714175,4146.0,5.0,0.0,1.0,1.0,1.0,1.0,1.0,1.0,1.0,1.0
1682,35200000.0,Gachibowli,gachibowli,17.43818620463587,78.35192198714175,4146.0,5.0,0.0,1.0,1.0,1.0,1.0,1.0,1.0,1.0,1.0
1683,10900000.0,Attapur,attapur,17.366046499919246,78.42716799129866,2875.0,4.0,1.0,1.0,1.0,1.0,1.0,1.0,1.0,1.0,0.0
1684,22500000.0,Other localities,Other,17.42401223595547,78.50999297169851,2744.0,4.0,1.0,0.0,1.0,1.0,1.0,1.0,1.0,1.0,1.0
1685,10500000.0,Kondapur,kondapur,17.464952556653586,78.35742606325269,2192.0,3.0,0.0,1.0,1.0,1.0,1.0,1.0,1.0,1.0,1.0
1686,2310000.0,Other localities,Other,17.460458040982207,78.55861258891626,550.0,1.0,0.0,0.0,1.0,0.0,1.0,1.0,1.0,1.0,1.0
1687,27000000.0,Madhapur,madhapur,17.447815297983848,78.39084241875916,2595.0,4.0,1.0,1.0,1.0,1.0,1.0,1.0,1.0,1.0,1.0
1688,15000000.0,Shaikpet,shaikpet,17.406035256725136,78.39568502838843,1875.0,3.0,1.0,1.0,1.0,1.0,1.0,1.0,1.0,1.0,1.0
1689,7519000.0,Narsingi,narsingi,17.389011135333806,78.35934516389472,1460.0,3.0,0.0,1.0,1.0,1.0,1.0,1.0,1.0,1.0,1.0
1690,11200000.0,Kokapet,kokapet,17.39378245928407,78.33970720299747,1680.0,3.0,0.0,1.0,1.0,1.0,1.0,1.0,1.0,1.0,1.0
1691,4389000.0,Bachupally Road,bachupallyroad,17.541673105765128,78.36649211721665,1155.0,2.0,0.0,0.0,0.0,0.0,0.0,0.0,0.0,0.0,0.0
1692,4500000.0,Bachupally Road,bachupallyroad,17.541673105765128,78.36649211721665,1175.0,2.0,0.0,0.0,0.0,0.0,0.0,0.0,0.0,0.0,0.0
1693,8200000.0,Serilingampally,serilingampally,17.477587205115576,78.32105761867258,1650.0,3.0,0.0,0.0,0.0,0.0,1.0,1.0,1.0,1.0,1.0
1694,6363000.0,Other localities,Other,17.50394729089415,78.46719040643906,1515.0,3.0,0.0,0.0,0.0,0.0,1.0,0.0,1.0,1.0,0.0
1695,6500000.0,Other localities,Other,17.389967943916467,78.37018759966297,1500.0,5.0,0.0,0.0,0.0,0.0,1.0,1.0,1.0,1.0,0.0
1696,4500000.0,Kondapur,kondapur,17.464952556653586,78.35742606325269,1050.0,3.0,0.0,0.0,0.0,0.0,0.0,1.0,0.0,0.0,0.0
1697,7998000.0,Gachibowli,gachibowli,17.43818620463587,78.35192198714175,1600.0,3.0,0.0,1.0,1.0,1.0,1.0,1.0,1.0,1.0,1.0
1698,8811000.0,Nallagandla,nallagandlagachibowli,17.43818620463587,78.35192198714175,1511.0,2.0,0.0,1.0,1.0,1.0,1.0,1.0,1.0,1.0,1.0
1699,23000000.0,Other localities,Other,17.415356872116416,78.43933349579677,2141.0,3.0,1.0,0.0,0.0,0.0,1.0,1.0,1.0,1.0,0.0
1700,8624000.0,Narsingi,narsingi,17.389011135333806,78.35934516389472,1670.0,3.0,0.0,1.0,1.0,1.0,1.0,1.0,1.0,1.0,1.0
1701,4158000.0,Bachupally Road,bachupallyroad,17.541673105765128,78.36649211721665,1155.0,2.0,0.0,0.0,0.0,0.0,0.0,0.0,0.0,0.0,0.0
1702,4389000.0,Bachupally Road,bachupallyroad,17.541673105765128,78.36649211721665,1155.0,2.0,0.0,0.0,0.0,0.0,0.0,0.0,0.0,0.0,0.0
1703,4500000.0,Bachupally Road,bachupallyroad,17.541673105765128,78.36649211721665,1175.0,2.0,0.0,0.0,0.0,0.0,0.0,0.0,0.0,0.0,0.0
1704,13300000.0,Kukatpally,kukatpally,17.492910498045475,78.39886107029278,1931.0,3.0,0.0,1.0,1.0,1.0,1.0,1.0,1.0,1.0,1.0
1705,11500000.0,Kukatpally,kukatpally,17.492910498045475,78.39886107029278,1782.0,3.0,0.0,1.0,1.0,1.0,1.0,1.0,1.0,1.0,0.0
1706,9400000.0,Kukatpally,kukatpally,17.492910498045475,78.39886107029278,1441.0,2.0,0.0,1.0,1.0,1.0,1.0,1.0,1.0,1.0,0.0
1707,9400000.0,Kukatpally,kukatpally,17.492910498045475,78.39886107029278,1441.0,2.0,0.0,1.0,1.0,1.0,1.0,1.0,1.0,1.0,0.0
1708,6363000.0,Other localities,Other,17.50394729089415,78.46719040643906,1515.0,3.0,0.0,0.0,0.0,0.0,1.0,0.0,1.0,1.0,0.0
1709,5100000.0,Other localities,Other,17.478218605000002,78.57203928999999,1165.0,2.0,0.0,0.0,0.0,0.0,0.0,0.0,0.0,0.0,0.0
1710,12000000.0,Kukatpally,kukatpally,17.492910498045475,78.39886107029278,1740.0,3.0,0.0,1.0,1.0,1.0,1.0,1.0,1.0,1.0,1.0
1711,9382000.0,Kukatpally,kukatpally,17.492910498045475,78.39886107029278,1360.0,2.0,0.0,1.0,1.0,1.0,1.0,1.0,1.0,1.0,0.0
1712,4500000.0,Pragathi Nagar,pragathinagarkukatpally,17.510961666666667,78.3961405,1110.0,2.0,0.0,0.0,0.0,0.0,0.0,0.0,0.0,0.0,0.0
1713,11000000.0,Chandanagar,chandanagar,17.49522201744739,78.32650600129999,1675.0,3.0,1.0,1.0,1.0,0.0,1.0,1.0,1.0,1.0,0.0
1714,11000000.0,Other localities,Other,17.455469517055313,78.30264206871318,1725.0,3.0,0.0,1.0,1.0,1.0,1.0,1.0,1.0,1.0,1.0
1715,5647000.0,Nagole,nagole,17.372849336759185,78.56486212860278,1255.0,2.0,0.0,1.0,0.0,0.0,1.0,1.0,1.0,1.0,1.0
1716,6800000.0,Pragathi Nagar,pragathinagarkukatpally,17.510961666666667,78.3961405,1515.0,3.0,0.0,0.0,0.0,0.0,0.0,0.0,1.0,1.0,1.0
1717,6800000.0,Pragathi Nagar,pragathinagarkukatpally,17.510961666666667,78.3961405,1515.0,3.0,0.0,0.0,0.0,0.0,0.0,0.0,1.0,1.0,1.0
1718,14000000.0,Kondapur,kondapur,17.464952556653586,78.35742606325269,1505.0,3.0,1.0,1.0,1.0,1.0,1.0,1.0,1.0,1.0,1.0
1719,8150000.0,Serilingampally,serilingampally,17.477587205115576,78.32105761867258,1650.0,3.0,0.0,0.0,0.0,0.0,1.0,1.0,1.0,1.0,1.0
1720,7098999.0,Kukatpally,kukatpally,17.492910498045475,78.39886107029278,1090.0,2.0,0.0,0.0,0.0,0.0,1.0,1.0,1.0,1.0,1.0
1721,10900000.0,Kukatpally,kukatpally,17.492910498045475,78.39886107029278,1695.0,3.0,0.0,0.0,0.0,0.0,1.0,1.0,1.0,1.0,1.0
1722,8095000.0,Kondapur,kondapur,17.464952556653586,78.35742606325269,1315.0,2.0,0.0,1.0,1.0,1.0,1.0,1.0,1.0,1.0,1.0
1723,11399999.0,Kondapur,kondapur,17.464952556653586,78.35742606325269,1885.0,3.0,0.0,1.0,1.0,1.0,1.0,1.0,1.0,1.0,1.0
1724,5256000.0,Gajularamaram,gajularamaram,17.526992791546135,78.41939042820735,1180.0,2.0,0.0,1.0,1.0,0.0,1.0,1.0,1.0,1.0,0.0
1725,6931000.0,Gajularamaram,gajularamaram,17.526992791546135,78.41939042820735,1555.0,3.0,0.0,1.0,1.0,0.0,1.0,1.0,1.0,1.0,1.0
1726,13500000.0,Gachibowli,gachibowli,17.43818620463587,78.35192198714175,1728.0,3.0,1.0,1.0,1.0,1.0,1.0,1.0,1.0,1.0,1.0
1727,6000000.0,Other localities,Other,17.404881913358253,78.37812983145022,1189.0,2.0,1.0,0.0,0.0,0.0,1.0,1.0,1.0,0.0,0.0
1728,6000000.0,Manikonda,manikonda,17.404881913358253,78.37812983145022,1100.0,2.0,0.0,0.0,0.0,0.0,0.0,0.0,0.0,0.0,0.0
1729,11500000.0,Kukatpally,kukatpally,17.492910498045475,78.39886107029278,1782.0,3.0,0.0,1.0,1.0,1.0,1.0,1.0,1.0,1.0,0.0
1730,11500000.0,Kukatpally,kukatpally,17.492910498045475,78.39886107029278,1782.0,3.0,0.0,1.0,1.0,1.0,1.0,1.0,1.0,1.0,0.0
1731,11000000.0,Kukatpally,kukatpally,17.492910498045475,78.39886107029278,1735.0,3.0,0.0,1.0,1.0,1.0,1.0,1.0,1.0,1.0,0.0
1732,10500000.0,Kondapur,kondapur,17.464952556653586,78.35742606325269,2192.0,3.0,0.0,1.0,1.0,1.0,1.0,1.0,1.0,1.0,1.0
1733,4085000.0,Kompally,kompally,17.53598128028764,78.48216571304735,1075.0,2.0,0.0,0.0,0.0,0.0,0.0,0.0,0.0,0.0,0.0
1734,4427000.0,Kompally,kompally,17.53598128028764,78.48216571304735,1265.0,2.0,0.0,0.0,0.0,0.0,0.0,0.0,0.0,0.0,0.0
1735,15400000.0,Kukatpally,kukatpally,17.492910498045475,78.39886107029278,1782.0,3.0,0.0,1.0,1.0,1.0,1.0,1.0,1.0,1.0,1.0
1736,45000000.0,Other localities,Other,17.36389157846474,78.40097985270958,2700.0,3.0,0.0,0.0,0.0,0.0,0.0,0.0,0.0,0.0,0.0
1737,24500000.0,Gachibowli,gachibowli,17.43818620463587,78.35192198714175,4829.0,4.0,0.0,1.0,1.0,1.0,1.0,1.0,1.0,1.0,1.0
1738,8823000.0,Kukatpally,kukatpally,17.492910498045475,78.39886107029278,1279.0,2.0,0.0,1.0,1.0,1.0,1.0,1.0,1.0,1.0,1.0
1739,8389000.0,Kukatpally,kukatpally,17.492910498045475,78.39886107029278,1216.0,2.0,0.0,1.0,1.0,1.0,1.0,1.0,1.0,1.0,0.0
1740,9941000.0,Kukatpally,kukatpally,17.492910498045475,78.39886107029278,1441.0,2.0,0.0,1.0,1.0,1.0,1.0,1.0,1.0,1.0,1.0
1741,6180000.0,Narsingi,narsingi,17.389011135333806,78.35934516389472,1200.0,2.0,0.0,1.0,1.0,1.0,1.0,1.0,1.0,1.0,1.0
1742,4340000.0,Bachupally,bachupally,17.541673105765128,78.36649211721665,1150.0,2.0,0.0,0.0,0.0,0.0,0.0,1.0,1.0,1.0,0.0
1743,5510000.0,Bachupally,bachupally,17.541673105765128,78.36649211721665,1475.0,3.0,0.0,0.0,0.0,0.0,0.0,1.0,1.0,1.0,0.0
1744,5050000.0,Kompally,kompally,17.53598128028764,78.48216571304735,1100.0,2.0,0.0,0.0,0.0,0.0,1.0,1.0,1.0,1.0,1.0
1745,9300000.0,Chandanagar,chandanagar,17.49522201744739,78.32650600129999,1470.0,3.0,0.0,1.0,1.0,1.0,1.0,1.0,1.0,1.0,0.0
1746,13000000.0,Serilingampally,serilingampally,17.477587205115576,78.32105761867258,1780.0,3.0,0.0,1.0,1.0,1.0,1.0,1.0,1.0,1.0,1.0
1747,18500000.0,Manikonda,manikonda,17.404881913358253,78.37812983145022,2460.0,3.0,1.0,1.0,1.0,1.0,1.0,1.0,1.0,1.0,1.0
1748,17500000.0,Kokapet,kokapet,17.39378245928407,78.33970720299747,2540.0,3.0,1.0,1.0,1.0,1.0,1.0,1.0,1.0,1.0,1.0
1749,6102000.0,Nanakramguda,nanakramguda,17.422396189571867,78.344593041929,1130.0,2.0,0.0,1.0,1.0,1.0,1.0,1.0,1.0,1.0,1.0
1750,8070000.0,Nanakramguda,nanakramguda,17.422396189571867,78.344593041929,1495.0,3.0,0.0,1.0,1.0,1.0,1.0,1.0,1.0,1.0,1.0
1751,7533000.0,Nanakramguda,nanakramguda,17.422396189571867,78.344593041929,1395.0,2.0,0.0,1.0,1.0,1.0,1.0,1.0,1.0,1.0,1.0
1752,6884999.0,Nanakramguda,nanakramguda,17.422396189571867,78.344593041929,1275.0,2.0,0.0,1.0,1.0,1.0,1.0,1.0,1.0,1.0,1.0
1753,10800000.0,Kokapet,kokapet,17.39378245928407,78.33970720299747,1875.0,3.0,0.0,1.0,1.0,1.0,1.0,1.0,1.0,1.0,1.0
1754,17000000.0,Kokapet,kokapet,17.39378245928407,78.33970720299747,2630.0,4.0,0.0,1.0,1.0,1.0,1.0,1.0,1.0,1.0,1.0
1755,17000000.0,Kokapet,kokapet,17.39378245928407,78.33970720299747,2630.0,4.0,0.0,1.0,1.0,1.0,1.0,1.0,1.0,1.0,1.0
1756,61000000.0,Jubilee Hills,jubileehills,17.4321415472508,78.41327145544938,4700.0,4.0,0.0,1.0,1.0,1.0,1.0,1.0,1.0,1.0,1.0
1757,55800000.0,Jubilee Hills,jubileehills,17.4321415472508,78.41327145544938,4300.0,4.0,0.0,1.0,1.0,1.0,1.0,1.0,1.0,1.0,1.0
1758,8000000.0,Tellapur,tellapur,17.460288438271743,78.29110116751885,1700.0,3.0,1.0,1.0,1.0,1.0,1.0,0.0,1.0,1.0,1.0
1759,18400000.0,Kokapet,kokapet,17.39378245928407,78.33970720299747,2630.0,4.0,0.0,1.0,1.0,1.0,1.0,1.0,1.0,1.0,1.0
1760,4500000.0,Bachupally,bachupally,17.541673105765128,78.36649211721665,1230.0,2.0,0.0,0.0,0.0,0.0,0.0,0.0,0.0,0.0,0.0
1761,3600000.0,Other localities,Other,17.51993540785078,78.39725150964608,1000.0,2.0,0.0,0.0,0.0,0.0,1.0,1.0,1.0,1.0,0.0
1762,3500000.0,Bachupally Road,bachupallyroad,17.541673105765128,78.36649211721665,1150.0,2.0,0.0,0.0,0.0,0.0,1.0,1.0,1.0,0.0,0.0
1763,4000000.0,Other localities,Other,17.398217434230894,78.50488834591364,1195.0,3.0,0.0,0.0,0.0,0.0,0.0,0.0,1.0,1.0,0.0
1764,5200000.0,Other localities,Other,17.377101,78.5437251,1050.0,2.0,1.0,0.0,0.0,0.0,0.0,0.0,0.0,0.0,0.0
1765,5900000.0,Tarnaka,tarnaka,17.428136635178678,78.53931921817022,1122.0,2.0,0.0,0.0,0.0,0.0,0.0,0.0,0.0,0.0,0.0
1766,9400000.0,Kukatpally,kukatpally,17.492910498045475,78.39886107029278,1441.0,2.0,0.0,1.0,1.0,1.0,1.0,1.0,1.0,1.0,0.0
1767,13300000.0,Kondapur,kondapur,17.464952556653586,78.35742606325269,1710.0,3.0,0.0,1.0,1.0,1.0,1.0,1.0,1.0,1.0,1.0
1768,7998000.0,Nanakramguda,nanakramguda,17.422396189571867,78.344593041929,1600.0,3.0,0.0,1.0,1.0,1.0,1.0,1.0,1.0,1.0,1.0
1769,10500000.0,Kondapur,kondapur,17.464952556653586,78.35742606325269,2020.0,3.0,0.0,1.0,1.0,1.0,1.0,1.0,1.0,1.0,0.0
1770,32000000.0,Madhapur,madhapur,17.447815297983848,78.39084241875916,3190.0,4.0,1.0,1.0,1.0,1.0,1.0,1.0,1.0,1.0,1.0
1771,4236000.0,Bachupally Road,bachupallyroad,17.541673105765128,78.36649211721665,1175.0,2.0,0.0,0.0,0.0,0.0,0.0,0.0,0.0,0.0,0.0
1772,4236000.0,Bachupally Road,bachupallyroad,17.541673105765128,78.36649211721665,1175.0,2.0,0.0,0.0,0.0,0.0,0.0,0.0,0.0,0.0,0.0
1773,4158000.0,Bachupally Road,bachupallyroad,17.541673105765128,78.36649211721665,1155.0,2.0,0.0,0.0,0.0,0.0,0.0,0.0,0.0,0.0,0.0
1774,4158000.0,Bachupally Road,bachupallyroad,17.541673105765128,78.36649211721665,1155.0,2.0,0.0,0.0,0.0,0.0,0.0,0.0,0.0,0.0,0.0
1775,4158000.0,Bachupally Road,bachupallyroad,17.541673105765128,78.36649211721665,1155.0,2.0,0.0,0.0,0.0,0.0,0.0,0.0,0.0,0.0,0.0
1776,4236000.0,Bachupally Road,bachupallyroad,17.541673105765128,78.36649211721665,1175.0,2.0,0.0,0.0,0.0,0.0,0.0,0.0,0.0,0.0,0.0
1777,4158000.0,Bachupally Road,bachupallyroad,17.541673105765128,78.36649211721665,1220.0,2.0,0.0,0.0,0.0,0.0,0.0,0.0,0.0,0.0,0.0
1778,4158000.0,Bachupally Road,bachupallyroad,17.541673105765128,78.36649211721665,1155.0,2.0,0.0,0.0,0.0,0.0,0.0,0.0,0.0,0.0,0.0
1779,4158000.0,Bachupally Road,bachupallyroad,17.541673105765128,78.36649211721665,1155.0,2.0,0.0,0.0,0.0,0.0,0.0,0.0,0.0,0.0,0.0
1780,4158000.0,Bachupally Road,bachupallyroad,17.541673105765128,78.36649211721665,1155.0,2.0,0.0,0.0,0.0,0.0,0.0,0.0,0.0,0.0,0.0
1781,4389000.0,Bachupally Road,bachupallyroad,17.541673105765128,78.36649211721665,1155.0,2.0,0.0,0.0,0.0,0.0,0.0,0.0,0.0,0.0,0.0
1782,4236000.0,Bachupally Road,bachupallyroad,17.541673105765128,78.36649211721665,1175.0,2.0,0.0,0.0,0.0,0.0,0.0,0.0,0.0,0.0,0.0
1783,4158000.0,Bachupally Road,bachupallyroad,17.541673105765128,78.36649211721665,1155.0,2.0,0.0,0.0,0.0,0.0,0.0,0.0,0.0,0.0,0.0
1784,6640000.0,Kondapur,kondapur,17.464952556653586,78.35742606325269,1165.0,2.0,0.0,1.0,1.0,1.0,1.0,1.0,1.0,1.0,1.0
1785,6000000.0,Bandlagudajagir,bandlagudajagir,17.3578764727295,78.39053678224889,1775.0,3.0,0.0,1.0,1.0,1.0,1.0,1.0,1.0,1.0,1.0
1786,16000000.0,Gachibowli,gachibowli,17.43818620463587,78.35192198714175,1662.0,3.0,0.0,1.0,1.0,1.0,1.0,1.0,1.0,1.0,1.0
1787,9558000.0,Nanakramguda,nanakramguda,17.422396189571867,78.344593041929,1770.0,3.0,0.0,1.0,1.0,1.0,1.0,1.0,1.0,1.0,1.0
1788,29000000.0,Hitech City,hitechcity,17.45333259937053,78.37437407077309,3493.0,4.0,0.0,1.0,1.0,1.0,1.0,1.0,1.0,1.0,1.0
1789,5500000.0,Kukatpally,kukatpally,17.492910498045475,78.39886107029278,1050.0,2.0,1.0,0.0,0.0,0.0,0.0,1.0,0.0,1.0,0.0
1790,6363000.0,Other localities,Other,17.50394729089415,78.46719040643906,1515.0,3.0,0.0,0.0,0.0,0.0,1.0,0.0,1.0,0.0,0.0
1791,13500000.0,Kondapur,kondapur,17.464952556653586,78.35742606325269,2815.0,3.0,0.0,1.0,1.0,1.0,1.0,1.0,1.0,1.0,1.0
1792,10500000.0,Kondapur,kondapur,17.464952556653586,78.35742606325269,2191.0,3.0,0.0,1.0,1.0,1.0,1.0,1.0,1.0,1.0,1.0
1793,13500000.0,Kondapur,kondapur,17.464952556653586,78.35742606325269,2813.0,3.0,0.0,1.0,1.0,1.0,1.0,1.0,1.0,1.0,1.0
1794,9517000.0,Kokapet,kokapet,17.39378245928407,78.33970720299747,1535.0,3.0,0.0,1.0,1.0,1.0,1.0,1.0,1.0,1.0,1.0
1795,9517000.0,Kokapet,kokapet,17.39378245928407,78.33970720299747,1535.0,3.0,0.0,1.0,1.0,1.0,1.0,1.0,1.0,1.0,1.0
1796,8903000.0,Kokapet,kokapet,17.39378245928407,78.33970720299747,1535.0,3.0,0.0,1.0,1.0,1.0,1.0,1.0,1.0,1.0,1.0
1797,16299999.0,Kokapet,kokapet,17.39378245928407,78.33970720299747,2630.0,4.0,0.0,1.0,1.0,1.0,1.0,1.0,1.0,1.0,1.0
1798,16299999.0,Kokapet,kokapet,17.39378245928407,78.33970720299747,2630.0,4.0,0.0,1.0,1.0,1.0,1.0,1.0,1.0,1.0,1.0
1799,16299999.0,Kokapet,kokapet,17.39378245928407,78.33970720299747,2630.0,4.0,0.0,1.0,1.0,1.0,1.0,1.0,1.0,1.0,1.0
1800,16299999.0,Kokapet,kokapet,17.39378245928407,78.33970720299747,2630.0,4.0,0.0,1.0,1.0,1.0,1.0,1.0,1.0,1.0,1.0
1801,15200000.0,Kokapet,kokapet,17.39378245928407,78.33970720299747,2630.0,4.0,0.0,1.0,1.0,1.0,1.0,1.0,1.0,1.0,1.0
1802,15200000.0,Kokapet,kokapet,17.39378245928407,78.33970720299747,2630.0,4.0,0.0,1.0,1.0,1.0,1.0,1.0,1.0,1.0,1.0
1803,15200000.0,Kokapet,kokapet,17.39378245928407,78.33970720299747,2630.0,4.0,0.0,1.0,1.0,1.0,1.0,1.0,1.0,1.0,1.0
1804,15200000.0,Kokapet,kokapet,17.39378245928407,78.33970720299747,2630.0,4.0,0.0,1.0,1.0,1.0,1.0,1.0,1.0,1.0,1.0
1805,15200000.0,Kokapet,kokapet,17.39378245928407,78.33970720299747,2630.0,4.0,0.0,1.0,1.0,1.0,1.0,1.0,1.0,1.0,1.0
1806,15200000.0,Kokapet,kokapet,17.39378245928407,78.33970720299747,2630.0,4.0,0.0,1.0,1.0,1.0,1.0,1.0,1.0,1.0,1.0
1807,15200000.0,Kokapet,kokapet,17.39378245928407,78.33970720299747,2630.0,4.0,0.0,1.0,1.0,1.0,1.0,1.0,1.0,1.0,1.0
1808,15200000.0,Kokapet,kokapet,17.39378245928407,78.33970720299747,2630.0,4.0,0.0,1.0,1.0,1.0,1.0,1.0,1.0,1.0,1.0
1809,35200000.0,Gachibowli,gachibowli,17.43818620463587,78.35192198714175,4146.0,5.0,0.0,1.0,1.0,1.0,1.0,1.0,1.0,1.0,1.0
1810,35200000.0,Gachibowli,gachibowli,17.43818620463587,78.35192198714175,4146.0,5.0,0.0,1.0,1.0,1.0,1.0,1.0,1.0,1.0,1.0
1811,35200000.0,Gachibowli,gachibowli,17.43818620463587,78.35192198714175,4146.0,5.0,0.0,1.0,1.0,1.0,1.0,1.0,1.0,1.0,1.0
1812,35200000.0,Gachibowli,gachibowli,17.43818620463587,78.35192198714175,4146.0,5.0,0.0,1.0,1.0,1.0,1.0,1.0,1.0,1.0,1.0
1813,4500000.0,Other localities,Other,17.4989841,78.4176358,1050.0,2.0,0.0,0.0,0.0,0.0,0.0,0.0,0.0,0.0,0.0
1814,62300000.0,Jubilee Hills,jubileehills,17.4321415472508,78.41327145544938,4800.0,4.0,0.0,1.0,1.0,1.0,1.0,1.0,1.0,1.0,1.0
1815,12500000.0,Kondapur,kondapur,17.464952556653586,78.35742606325269,2607.0,3.0,0.0,1.0,1.0,1.0,1.0,1.0,1.0,1.0,1.0
1816,12000000.0,Kokapet,kokapet,17.39378245928407,78.33970720299747,1535.0,3.0,0.0,1.0,1.0,1.0,1.0,1.0,1.0,1.0,1.0
1817,2962000.0,Other localities,Other,17.492910498045475,78.39886107029278,1185.0,2.0,0.0,1.0,1.0,1.0,1.0,1.0,1.0,1.0,1.0
1818,14500000.0,Nanakramguda,nanakramguda,17.422396189571867,78.344593041929,1730.0,3.0,1.0,1.0,1.0,1.0,1.0,1.0,1.0,1.0,1.0
1819,34000000.0,Madhapur,madhapur,17.447815297983848,78.39084241875916,3490.0,4.0,1.0,1.0,1.0,1.0,1.0,1.0,1.0,1.0,1.0
1820,15000000.0,Manikonda,manikonda,17.404881913358253,78.37812983145022,1834.0,3.0,1.0,1.0,1.0,1.0,1.0,1.0,1.0,1.0,0.0
1821,7200000.0,Other localities,Other,17.503473552989245,78.35121638270526,2025.0,4.0,1.0,0.0,0.0,0.0,1.0,0.0,1.0,1.0,0.0
1822,3700000.0,Other localities,Other,17.5302114,78.3940212,1000.0,2.0,0.0,0.0,0.0,0.0,1.0,1.0,1.0,0.0,0.0
1823,9800000.0,Hitech City,hitechcity,17.45333259937053,78.37437407077309,1580.0,3.0,0.0,1.0,1.0,1.0,1.0,1.0,1.0,1.0,1.0
1824,13000000.0,Gachibowli,gachibowli,17.43818620463587,78.35192198714175,2615.0,3.0,0.0,1.0,1.0,0.0,1.0,1.0,1.0,1.0,1.0
1825,15800000.0,Kondapur,kondapur,17.464952556653586,78.35742606325269,2191.0,3.0,1.0,1.0,1.0,1.0,1.0,1.0,1.0,1.0,1.0
1826,4600000.0,Other localities,Other,17.506574199999996,78.38346219999998,1190.0,2.0,0.0,0.0,0.0,0.0,0.0,0.0,0.0,0.0,0.0
1827,30000000.0,Kukatpally,kukatpally,17.492910498045475,78.39886107029278,4400.0,4.0,1.0,1.0,1.0,1.0,1.0,1.0,1.0,1.0,1.0
1828,7438000.0,Nallagandla,nallagandlagachibowli,17.43818620463587,78.35192198714175,1270.0,2.0,0.0,1.0,1.0,1.0,1.0,1.0,1.0,1.0,1.0
1829,13400000.0,Other localities,Other,17.39378245928407,78.33970720299747,2100.0,3.0,1.0,1.0,1.0,1.0,1.0,1.0,1.0,0.0,0.0
1830,4800000.0,Kompally,kompally,17.53598128028764,78.48216571304735,1100.0,2.0,0.0,0.0,0.0,0.0,0.0,0.0,0.0,0.0,0.0
1831,29000000.0,Lbnagar,lbnagar,17.35158391547192,78.5535823129719,8500.0,6.0,0.0,0.0,0.0,0.0,0.0,0.0,0.0,0.0,0.0
1832,3800000.0,Other localities,Other,17.398217434230894,78.50488834591364,900.0,2.0,1.0,0.0,0.0,0.0,0.0,0.0,1.0,0.0,0.0
1833,27000000.0,Gachibowli,gachibowli,17.43818620463587,78.35192198714175,3448.0,4.0,0.0,1.0,1.0,1.0,1.0,1.0,1.0,1.0,1.0
1834,12100000.0,Hitech City,hitechcity,17.45333259937053,78.37437407077309,1865.0,3.0,1.0,1.0,1.0,1.0,1.0,1.0,1.0,1.0,1.0
1835,7950000.0,Alwal,alwal,17.500221878894795,78.5029576694876,1589.0,3.0,0.0,1.0,1.0,0.0,1.0,1.0,1.0,1.0,0.0
1836,10500000.0,Other localities,Other,17.424647471170314,78.45839552082218,2025.0,3.0,1.0,0.0,0.0,0.0,0.0,0.0,1.0,1.0,0.0
1837,10500000.0,Kondapur,kondapur,17.464952556653586,78.35742606325269,2191.0,3.0,0.0,1.0,1.0,1.0,1.0,1.0,1.0,1.0,1.0
1838,14500000.0,Nanakramguda,nanakramguda,17.422396189571867,78.344593041929,2270.0,3.0,0.0,1.0,1.0,1.0,1.0,1.0,1.0,1.0,1.0
1839,14000000.0,Kondapur,kondapur,17.464952556653586,78.35742606325269,1615.0,3.0,1.0,1.0,1.0,1.0,1.0,1.0,1.0,1.0,1.0
1840,11200000.0,Nanakramguda,nanakramguda,17.422396189571867,78.344593041929,1745.0,3.0,0.0,1.0,1.0,1.0,1.0,1.0,1.0,1.0,1.0
1841,7500000.0,Nanakramguda,nanakramguda,17.422396189571867,78.344593041929,960.0,2.0,1.0,1.0,1.0,1.0,1.0,1.0,0.0,0.0,0.0
1842,4641000.0,Bachupally,bachupally,17.541673105765128,78.36649211721665,1190.0,2.0,0.0,0.0,0.0,0.0,0.0,0.0,0.0,0.0,0.0
1843,16600000.0,Nanakramguda,nanakramguda,17.422396189571867,78.344593041929,2615.0,3.0,0.0,1.0,1.0,1.0,1.0,1.0,1.0,1.0,1.0
1844,13500000.0,Kondapur,kondapur,17.464952556653586,78.35742606325269,2815.0,3.0,0.0,1.0,1.0,1.0,1.0,1.0,1.0,1.0,1.0
1845,13400000.0,Kondapur,kondapur,17.464952556653586,78.35742606325269,2800.0,3.0,0.0,1.0,1.0,1.0,1.0,1.0,1.0,1.0,1.0
1846,12400000.0,Kondapur,kondapur,17.464952556653586,78.35742606325269,2600.0,3.0,0.0,1.0,1.0,1.0,1.0,1.0,1.0,1.0,1.0
1847,11700000.0,Kondapur,kondapur,17.464952556653586,78.35742606325269,2452.0,3.0,0.0,1.0,1.0,1.0,1.0,1.0,1.0,1.0,1.0
1848,13500000.0,Kondapur,kondapur,17.464952556653586,78.35742606325269,2815.0,3.0,0.0,1.0,1.0,1.0,1.0,1.0,1.0,1.0,1.0
1849,5500000.0,Other localities,Other,17.495107751906488,78.3404559849364,1604.0,3.0,0.0,0.0,0.0,0.0,0.0,0.0,0.0,0.0,0.0
1850,5500000.0,Other localities,Other,17.50356155,78.39629875,1050.0,2.0,1.0,0.0,0.0,0.0,1.0,1.0,1.0,1.0,0.0
1851,8000000.0,Gajularamaram,gajularamaram,17.526992791546135,78.41939042820735,1620.0,3.0,0.0,0.0,0.0,0.0,0.0,0.0,0.0,0.0,0.0
1852,16000000.0,Kokapet,kokapet,17.39378245928407,78.33970720299747,2540.0,3.0,0.0,1.0,1.0,1.0,1.0,1.0,1.0,1.0,1.0
1853,15000000.0,Hitech City,hitechcity,17.45333259937053,78.37437407077309,2160.0,3.0,1.0,1.0,1.0,1.0,1.0,1.0,1.0,1.0,1.0
1854,7000000.0,Tolichowki,tolichowki,17.400576920967552,78.41095095845739,1630.0,3.0,0.0,0.0,0.0,0.0,1.0,1.0,1.0,1.0,0.0
1855,5400000.0,Other localities,Other,17.393402117390494,78.50934169397813,1050.0,2.0,1.0,0.0,0.0,0.0,0.0,0.0,1.0,0.0,0.0
1856,3900000.0,Hitech City,hitechcity,17.45333259937053,78.37437407077309,1150.0,2.0,0.0,1.0,1.0,0.0,1.0,1.0,1.0,1.0,0.0
1857,14800000.0,Hitech City,hitechcity,17.45333259937053,78.37437407077309,2265.0,3.0,1.0,1.0,1.0,1.0,1.0,1.0,1.0,1.0,1.0
1858,5000000.0,Other localities,Other,17.514167851399282,78.48519360563621,1035.0,2.0,1.0,0.0,0.0,0.0,0.0,0.0,0.0,0.0,0.0
1859,8000000.0,Madhapur,madhapur,17.447815297983848,78.39084241875916,1500.0,3.0,1.0,1.0,1.0,1.0,1.0,1.0,1.0,1.0,1.0
1860,9800000.0,Other localities,Other,17.424647471170314,78.45839552082218,1688.0,3.0,1.0,0.0,0.0,0.0,0.0,0.0,1.0,1.0,0.0
1861,4600000.0,Other localities,Other,17.519199714696207,78.39570135314253,1100.0,2.0,0.0,0.0,0.0,0.0,1.0,1.0,1.0,1.0,0.0
1862,12100000.0,Kokapet,kokapet,17.39378245928407,78.33970720299747,1875.0,3.0,0.0,1.0,1.0,1.0,1.0,1.0,1.0,1.0,1.0
1863,4200000.0,Other localities,Other,17.44755733055875,78.4452055482499,1050.0,2.0,1.0,0.0,0.0,0.0,0.0,0.0,0.0,0.0,0.0
1864,10000000.0,Appa Junction (Peerancheru),appajunctionpeerancheru,17.357199716666667,78.3769494,1800.0,3.0,1.0,1.0,1.0,1.0,1.0,1.0,1.0,1.0,1.0
1865,27000000.0,Madhapur,madhapur,17.447815297983848,78.39084241875916,2625.0,3.0,1.0,1.0,1.0,1.0,1.0,1.0,1.0,1.0,1.0
1866,27000000.0,Gachibowli,gachibowli,17.43818620463587,78.35192198714175,3448.0,4.0,0.0,1.0,1.0,1.0,0.0,1.0,1.0,1.0,1.0
1867,15000000.0,Shaikpet,shaikpet,17.406035256725136,78.39568502838843,2385.0,3.0,1.0,1.0,1.0,1.0,1.0,1.0,1.0,1.0,1.0
1868,11200000.0,Nanakramguda,nanakramguda,17.422396189571867,78.344593041929,1800.0,3.0,1.0,1.0,1.0,1.0,1.0,1.0,1.0,1.0,1.0
1869,20000000.0,Kondapur,kondapur,17.464952556653586,78.35742606325269,2607.0,3.0,1.0,1.0,1.0,1.0,1.0,1.0,1.0,1.0,1.0
1870,29200000.0,Madhapur,madhapur,17.447815297983848,78.39084241875916,3240.0,4.0,1.0,1.0,1.0,1.0,1.0,1.0,1.0,1.0,1.0
1871,25800000.0,Madhapur,madhapur,17.447815297983848,78.39084241875916,2865.0,4.0,1.0,1.0,1.0,1.0,1.0,1.0,1.0,1.0,1.0
1872,4060000.0,Pragathi Nagar,pragathinagarkukatpally,17.510961666666667,78.3961405,1125.0,2.0,0.0,0.0,0.0,0.0,1.0,1.0,1.0,0.0,0.0
1873,14000000.0,Serilingampally,serilingampally,17.477587205115576,78.32105761867258,2050.0,3.0,0.0,0.0,0.0,0.0,0.0,0.0,0.0,0.0,0.0
1874,29700000.0,Banjara Hills,banjarahills,17.415356872116416,78.43933349579677,3300.0,4.0,0.0,0.0,0.0,0.0,1.0,1.0,1.0,1.0,0.0
1875,3250000.0,Other localities,Other,17.542152680887217,78.22759572572556,1300.0,3.0,0.0,0.0,0.0,0.0,0.0,0.0,0.0,0.0,0.0
1876,3450000.0,Other localities,Other,17.495107751906488,78.3404559849364,1240.0,2.0,0.0,0.0,0.0,0.0,0.0,0.0,0.0,0.0,0.0
1877,9855000.0,Nallagandla,nallagandlagachibowli,17.43818620463587,78.35192198714175,1665.0,3.0,0.0,1.0,1.0,1.0,1.0,1.0,1.0,1.0,1.0
1878,7536000.0,Nallagandla,nallagandlagachibowli,17.43818620463587,78.35192198714175,1265.0,2.0,0.0,1.0,1.0,1.0,1.0,1.0,1.0,1.0,1.0
1879,9782000.0,Nanakramguda,nanakramguda,17.422396189571867,78.344593041929,2644.0,3.0,0.0,1.0,1.0,1.0,1.0,1.0,1.0,1.0,0.0
1880,2500000.0,Beeramguda,beeramguda,17.518769497302298,78.30204857007145,1000.0,2.0,0.0,0.0,0.0,0.0,0.0,0.0,0.0,0.0,0.0
1881,6500000.0,Other localities,Other,17.432281391714795,78.40392796978166,1550.0,3.0,1.0,0.0,0.0,0.0,0.0,0.0,1.0,1.0,0.0
1882,18000000.0,Miyapur,miyapur,17.503473552989245,78.35121638270526,4500.0,5.0,1.0,0.0,0.0,0.0,1.0,1.0,0.0,0.0,0.0
1883,5300000.0,Other localities,Other,17.495107751906488,78.3404559849364,1640.0,3.0,0.0,0.0,0.0,0.0,0.0,0.0,0.0,0.0,0.0
1884,55000000.0,Other localities,Other,17.424647471170314,78.45839552082218,3450.0,4.0,1.0,1.0,1.0,1.0,1.0,1.0,1.0,1.0,1.0
1885,3900000.0,Madhapur,madhapur,17.447815297983848,78.39084241875916,1150.0,2.0,0.0,1.0,1.0,1.0,1.0,1.0,1.0,1.0,1.0
1886,3900000.0,Beeramguda,beeramguda,17.518769497302298,78.30204857007145,1150.0,2.0,0.0,1.0,1.0,1.0,1.0,1.0,1.0,1.0,1.0
1887,10700000.0,Kondapur,kondapur,17.464952556653586,78.35742606325269,1770.0,3.0,0.0,1.0,1.0,1.0,1.0,1.0,1.0,1.0,1.0
1888,12000000.0,Other localities,Other,17.404326894309648,78.48588952177145,1960.0,3.0,1.0,0.0,0.0,0.0,0.0,0.0,0.0,0.0,0.0
1889,3800000.0,Other localities,Other,17.46782097017879,78.48157128650438,980.0,2.0,1.0,0.0,0.0,0.0,1.0,1.0,1.0,1.0,1.0
1890,7500000.0,Kondapur,kondapur,17.464952556653586,78.35742606325269,1195.0,2.0,0.0,1.0,1.0,1.0,1.0,1.0,1.0,1.0,1.0
1891,9000000.0,Other localities,Other,17.49627677991907,78.33088805401513,1200.0,2.0,0.0,0.0,0.0,0.0,0.0,0.0,0.0,0.0,0.0
1892,12000000.0,Other localities,Other,17.49627677991907,78.33088805401513,1590.0,3.0,0.0,0.0,0.0,0.0,0.0,0.0,0.0,0.0,0.0
1893,15000000.0,Nanakramguda,nanakramguda,17.422396189571867,78.344593041929,2220.0,3.0,1.0,1.0,1.0,1.0,1.0,1.0,1.0,1.0,1.0
1894,12600000.0,Kukatpally,kukatpally,17.492910498045475,78.39886107029278,1592.0,3.0,0.0,1.0,1.0,1.0,1.0,0.0,1.0,1.0,0.0
1895,6500000.0,Other localities,Other,17.393768908462267,78.49610878665564,1380.0,3.0,1.0,0.0,0.0,0.0,0.0,0.0,1.0,1.0,0.0
1896,32799999.0,Madhapur,madhapur,17.447815297983848,78.39084241875916,4375.0,5.0,1.0,1.0,1.0,1.0,1.0,1.0,1.0,1.0,1.0
1897,5500000.0,Other localities,Other,17.495107751906488,78.3404559849364,1640.0,3.0,0.0,0.0,0.0,0.0,0.0,0.0,0.0,0.0,0.0
1898,3720000.0,Other localities,Other,17.495107751906488,78.3404559849364,1240.0,2.0,0.0,0.0,0.0,0.0,0.0,0.0,0.0,0.0,0.0
1899,3200000.0,Other localities,Other,17.543436938609307,78.21169802210089,1300.0,3.0,0.0,0.0,0.0,0.0,0.0,0.0,0.0,0.0,0.0
1900,3720000.0,Other localities,Other,17.495107751906488,78.3404559849364,1240.0,2.0,0.0,0.0,0.0,0.0,0.0,0.0,0.0,0.0,0.0
1901,5600000.0,Nacharam,nacharam,17.427714853795678,78.55289423440898,1160.0,2.0,0.0,1.0,1.0,1.0,1.0,1.0,1.0,1.0,1.0
1902,11200000.0,Kukatpally,kukatpally,17.492910498045475,78.39886107029278,1695.0,3.0,0.0,0.0,0.0,0.0,1.0,1.0,1.0,1.0,0.0
1903,7317000.0,Kukatpally,kukatpally,17.492910498045475,78.39886107029278,1090.0,2.0,0.0,0.0,0.0,0.0,1.0,1.0,1.0,1.0,0.0
1904,11500000.0,Gachibowli,gachibowli,17.43818620463587,78.35192198714175,1275.0,2.0,1.0,1.0,1.0,1.0,1.0,1.0,1.0,1.0,0.0
1905,10200000.0,Kokapet,kokapet,17.39378245928407,78.33970720299747,1350.0,2.0,1.0,0.0,1.0,0.0,1.0,1.0,1.0,1.0,0.0
1906,6300000.0,Other localities,Other,17.4015693,78.5199399,1250.0,3.0,1.0,0.0,0.0,0.0,0.0,0.0,1.0,1.0,0.0
1907,13500000.0,Other localities,Other,17.4015693,78.5199399,2500.0,3.0,1.0,0.0,0.0,0.0,0.0,0.0,0.0,0.0,0.0
1908,22700000.0,Nanakramguda,nanakramguda,17.422396189571867,78.344593041929,3258.0,4.0,1.0,1.0,1.0,1.0,1.0,1.0,1.0,1.0,1.0
1909,5242000.0,Miyapur,miyapur,17.503473552989245,78.35121638270526,1165.0,2.0,0.0,0.0,0.0,0.0,1.0,1.0,1.0,1.0,0.0
1910,5200000.0,Other localities,Other,17.41236978430644,78.50861340411174,1250.0,3.0,1.0,0.0,0.0,0.0,0.0,0.0,0.0,0.0,0.0
1911,4000000.0,Other localities,Other,17.531797199113548,78.27282419319374,1300.0,3.0,0.0,0.0,0.0,0.0,0.0,0.0,0.0,0.0,0.0
1912,2400000.0,Patancheru,patancheru,17.531797199113548,78.27282419319374,950.0,2.0,0.0,0.0,0.0,0.0,0.0,0.0,0.0,0.0,0.0
1913,3100000.0,Other localities,Other,17.489422698607296,78.30475283068846,1100.0,3.0,0.0,0.0,0.0,0.0,0.0,0.0,0.0,0.0,0.0
1914,2014000.0,Other localities,Other,17.385,78.4867,1007.0,2.0,0.0,0.0,0.0,0.0,0.0,0.0,0.0,0.0,0.0
1915,3936000.0,Other localities,Other,17.492910498045475,78.39886107029278,1640.0,3.0,0.0,1.0,1.0,1.0,1.0,1.0,1.0,1.0,1.0
1916,14600000.0,Serilingampally,serilingampally,17.477587205115576,78.32105761867258,2925.0,4.0,0.0,1.0,1.0,1.0,1.0,1.0,0.0,0.0,0.0
1917,13000000.0,Kondapur,kondapur,17.464952556653586,78.35742606325269,1710.0,3.0,1.0,1.0,1.0,1.0,1.0,1.0,1.0,1.0,1.0
1918,9782000.0,Nanakramguda,nanakramguda,17.422396189571867,78.344593041929,2664.0,3.0,0.0,1.0,1.0,1.0,1.0,1.0,1.0,1.0,0.0
1919,7400000.0,Nanakramguda,nanakramguda,17.422396189571867,78.344593041929,2000.0,3.0,0.0,1.0,1.0,1.0,1.0,1.0,1.0,1.0,0.0
1920,4800000.0,Other localities,Other,17.31081071921158,78.53583135097284,1150.0,2.0,0.0,0.0,0.0,0.0,0.0,1.0,1.0,0.0,0.0
1921,4140000.0,Other localities,Other,17.519199714696207,78.39570135314253,1150.0,2.0,0.0,0.0,0.0,0.0,1.0,1.0,1.0,1.0,1.0
1922,8500000.0,Other localities,Other,17.49627677991907,78.33088805401513,1145.0,2.0,0.0,0.0,0.0,0.0,0.0,0.0,0.0,0.0,0.0
1923,16500000.0,Kondapur,kondapur,17.464952556653586,78.35742606325269,1900.0,3.0,1.0,1.0,1.0,1.0,1.0,1.0,1.0,1.0,1.0
1924,10000000.0,Hitech City,hitechcity,17.45333259937053,78.37437407077309,1580.0,3.0,1.0,1.0,1.0,1.0,1.0,1.0,1.0,1.0,1.0
1925,10500000.0,Kondapur,kondapur,17.464952556653586,78.35742606325269,2192.0,3.0,0.0,1.0,1.0,1.0,1.0,1.0,1.0,1.0,1.0
1926,20500000.0,Hitech City,hitechcity,17.45333259937053,78.37437407077309,2595.0,3.0,1.0,1.0,1.0,1.0,1.0,1.0,1.0,1.0,1.0
1927,5760000.0,Other localities,Other,17.404326894309648,78.48588952177145,960.0,2.0,1.0,0.0,0.0,0.0,1.0,0.0,1.0,1.0,0.0
1928,5500000.0,Other localities,Other,17.495107751906488,78.3404559849364,1665.0,3.0,0.0,0.0,0.0,0.0,0.0,0.0,0.0,0.0,0.0
1929,2400000.0,Patancheru,patancheru,17.531797199113548,78.27282419319374,950.0,2.0,0.0,0.0,0.0,0.0,0.0,0.0,0.0,0.0,0.0
1930,12200000.0,Kukatpally,kukatpally,17.492910498045475,78.39886107029278,1735.0,3.0,0.0,1.0,1.0,1.0,1.0,1.0,1.0,1.0,0.0
1931,9600000.0,Kukatpally,kukatpally,17.492910498045475,78.39886107029278,1360.0,2.0,0.0,1.0,1.0,1.0,1.0,1.0,1.0,1.0,0.0
1932,8500000.0,Kukatpally,kukatpally,17.492910498045475,78.39886107029278,1208.0,2.0,0.0,1.0,1.0,1.0,1.0,1.0,1.0,1.0,0.0
1933,12200000.0,Kukatpally,kukatpally,17.492910498045475,78.39886107029278,1740.0,3.0,0.0,1.0,1.0,1.0,1.0,1.0,1.0,1.0,0.0
1934,4680000.0,Bachupally,bachupally,17.541673105765128,78.36649211721665,1200.0,2.0,0.0,0.0,0.0,0.0,0.0,0.0,0.0,0.0,0.0
1935,4836000.0,Bachupally,bachupally,17.541673105765128,78.36649211721665,1240.0,2.0,0.0,0.0,0.0,0.0,0.0,0.0,0.0,0.0,0.0
1936,4836000.0,Bachupally,bachupally,17.541673105765128,78.36649211721665,1240.0,2.0,0.0,0.0,0.0,0.0,0.0,0.0,0.0,0.0,0.0
1937,4680000.0,Bachupally,bachupally,17.541673105765128,78.36649211721665,1200.0,2.0,0.0,0.0,0.0,0.0,0.0,0.0,0.0,0.0,0.0
1938,6240000.0,Bachupally,bachupally,17.541673105765128,78.36649211721665,1600.0,3.0,0.0,0.0,0.0,0.0,0.0,0.0,0.0,0.0,0.0
1939,4953000.0,Bachupally,bachupally,17.541673105765128,78.36649211721665,1270.0,2.0,0.0,0.0,0.0,0.0,0.0,0.0,0.0,0.0,0.0
1940,4320000.0,Alwal,alwal,17.500221878894795,78.5029576694876,1080.0,2.0,0.0,0.0,1.0,1.0,1.0,1.0,1.0,1.0,1.0
1941,4850000.0,Other localities,Other,17.505260584522514,78.41245308570313,1020.0,2.0,0.0,0.0,0.0,0.0,1.0,1.0,1.0,1.0,0.0
1942,4800000.0,Other localities,Other,17.503473552989245,78.35121638270526,1145.0,2.0,0.0,0.0,0.0,0.0,1.0,1.0,1.0,1.0,0.0
1943,8031999.0,Chandanagar,chandanagar,17.49522201744739,78.32650600129999,1575.0,3.0,0.0,0.0,0.0,0.0,1.0,0.0,1.0,1.0,0.0
1944,10300000.0,Kukatpally,kukatpally,17.492910498045475,78.39886107029278,1700.0,3.0,0.0,0.0,0.0,0.0,1.0,1.0,1.0,1.0,0.0
1945,10500000.0,Kukatpally,kukatpally,17.492910498045475,78.39886107029278,1730.0,2.0,0.0,0.0,0.0,0.0,1.0,1.0,1.0,1.0,0.0
1946,6648999.0,Kukatpally,kukatpally,17.492910498045475,78.39886107029278,1090.0,2.0,0.0,0.0,0.0,0.0,1.0,1.0,1.0,1.0,0.0
1947,17000000.0,Other localities,Other,17.44755733055875,78.4452055482499,2300.0,3.0,0.0,1.0,1.0,0.0,1.0,0.0,1.0,0.0,0.0
1948,4500000.0,Adibatla,adibatla,17.23166334809472,78.56172179517655,1147.0,2.0,0.0,0.0,0.0,0.0,0.0,0.0,0.0,0.0,0.0
1949,41500000.0,Banjara Hills,banjarahills,17.415356872116416,78.43933349579677,3900.0,4.0,0.0,0.0,1.0,0.0,1.0,1.0,1.0,1.0,1.0
1950,45100000.0,Banjara Hills,banjarahills,17.415356872116416,78.43933349579677,3765.0,4.0,0.0,1.0,1.0,0.0,1.0,1.0,1.0,1.0,1.0
1951,12700000.0,Other localities,Other,17.49627677991907,78.33088805401513,2021.0,3.0,0.0,1.0,1.0,1.0,1.0,1.0,1.0,1.0,1.0
1952,7400000.0,Nanakramguda,nanakramguda,17.422396189571867,78.344593041929,2000.0,3.0,0.0,1.0,1.0,1.0,1.0,1.0,1.0,1.0,0.0
1953,3210000.0,Other localities,Other,17.492910498045475,78.39886107029278,1125.0,2.0,0.0,1.0,1.0,1.0,1.0,1.0,1.0,1.0,0.0
1954,15000000.0,Nanakramguda,nanakramguda,17.422396189571867,78.344593041929,2220.0,3.0,1.0,1.0,1.0,1.0,1.0,1.0,1.0,1.0,1.0
1955,15000000.0,Nanakramguda,nanakramguda,17.422396189571867,78.344593041929,2230.0,3.0,1.0,1.0,1.0,1.0,1.0,1.0,1.0,1.0,1.0
1956,16200000.0,Manikonda,manikonda,17.404881913358253,78.37812983145022,1834.0,3.0,1.0,1.0,1.0,1.0,1.0,1.0,1.0,1.0,0.0
1957,42500000.0,Madhapur,madhapur,17.447815297983848,78.39084241875916,4070.0,4.0,1.0,1.0,1.0,1.0,1.0,1.0,1.0,1.0,0.0
1958,16000000.0,Manikonda,manikonda,17.404881913358253,78.37812983145022,1834.0,3.0,1.0,1.0,1.0,1.0,1.0,1.0,1.0,1.0,0.0
1959,41000000.0,Kukatpally,kukatpally,17.492910498045475,78.39886107029278,4700.0,4.0,1.0,1.0,1.0,1.0,1.0,1.0,1.0,1.0,1.0
1960,10000000.0,Manikonda,manikonda,17.404881913358253,78.37812983145022,1314.0,2.0,1.0,1.0,1.0,1.0,1.0,1.0,1.0,1.0,0.0
1961,26800000.0,Gachibowli,gachibowli,17.43818620463587,78.35192198714175,3355.0,4.0,1.0,1.0,1.0,1.0,1.0,1.0,1.0,1.0,1.0
1962,33100000.0,Gachibowli,gachibowli,17.43818620463587,78.35192198714175,4146.0,5.0,1.0,1.0,1.0,1.0,1.0,1.0,1.0,1.0,1.0
1963,27500000.0,Gachibowli,gachibowli,17.43818620463587,78.35192198714175,3448.0,4.0,1.0,1.0,1.0,1.0,1.0,1.0,1.0,1.0,1.0
1964,3200000.0,Patancheru,patancheru,17.531797199113548,78.27282419319374,1200.0,3.0,0.0,0.0,0.0,0.0,0.0,0.0,0.0,0.0,0.0
1965,3250000.0,Patancheru,patancheru,17.531797199113548,78.27282419319374,1300.0,3.0,0.0,0.0,0.0,0.0,0.0,0.0,0.0,0.0,0.0
1966,9000000.0,Other localities,Other,17.4015693,78.5199399,1600.0,3.0,1.0,0.0,0.0,0.0,0.0,1.0,1.0,1.0,0.0
1967,35000000.0,Kukatpally,kukatpally,17.492910498045475,78.39886107029278,7600.0,8.0,1.0,0.0,0.0,0.0,0.0,0.0,0.0,0.0,0.0
1968,6800000.0,Pragathi Nagar,pragathinagarkukatpally,17.510961666666667,78.3961405,1515.0,3.0,0.0,0.0,0.0,0.0,0.0,0.0,1.0,1.0,1.0
1969,6800000.0,Pragathi Nagar,pragathinagarkukatpally,17.510961666666667,78.3961405,1515.0,3.0,0.0,0.0,0.0,0.0,0.0,0.0,1.0,1.0,1.0
1970,6800000.0,Pragathi Nagar,pragathinagarkukatpally,17.510961666666667,78.3961405,1515.0,3.0,0.0,0.0,0.0,0.0,0.0,0.0,1.0,1.0,1.0
1971,6800000.0,Pragathi Nagar,pragathinagarkukatpally,17.510961666666667,78.3961405,1515.0,3.0,0.0,0.0,0.0,0.0,0.0,0.0,1.0,1.0,1.0
1972,6800000.0,Pragathi Nagar,pragathinagarkukatpally,17.510961666666667,78.3961405,1515.0,3.0,0.0,0.0,0.0,0.0,0.0,0.0,1.0,1.0,1.0
1973,6800000.0,Pragathi Nagar,pragathinagarkukatpally,17.510961666666667,78.3961405,1515.0,3.0,0.0,0.0,0.0,0.0,0.0,0.0,1.0,1.0,1.0
1974,6800000.0,Pragathi Nagar,pragathinagarkukatpally,17.510961666666667,78.3961405,1515.0,3.0,0.0,0.0,0.0,0.0,0.0,0.0,1.0,1.0,1.0
1975,6800000.0,Pragathi Nagar,pragathinagarkukatpally,17.510961666666667,78.3961405,1515.0,3.0,0.0,0.0,0.0,0.0,0.0,0.0,1.0,1.0,1.0
1976,6800000.0,Pragathi Nagar,pragathinagarkukatpally,17.510961666666667,78.3961405,1515.0,3.0,0.0,0.0,0.0,0.0,0.0,0.0,1.0,1.0,1.0
1977,6800000.0,Pragathi Nagar,pragathinagarkukatpally,17.510961666666667,78.3961405,1515.0,3.0,0.0,0.0,0.0,0.0,0.0,0.0,1.0,1.0,1.0
1978,6800000.0,Pragathi Nagar,pragathinagarkukatpally,17.510961666666667,78.3961405,1515.0,3.0,0.0,0.0,0.0,0.0,0.0,0.0,1.0,1.0,1.0
1979,6800000.0,Pragathi Nagar,pragathinagarkukatpally,17.510961666666667,78.3961405,1515.0,3.0,0.0,0.0,0.0,0.0,0.0,0.0,1.0,1.0,1.0
1980,6800000.0,Pragathi Nagar,pragathinagarkukatpally,17.510961666666667,78.3961405,1515.0,3.0,0.0,0.0,0.0,0.0,0.0,0.0,1.0,1.0,1.0
1981,6800000.0,Pragathi Nagar,pragathinagarkukatpally,17.510961666666667,78.3961405,1515.0,3.0,0.0,0.0,0.0,0.0,0.0,0.0,1.0,1.0,1.0
1982,6800000.0,Pragathi Nagar,pragathinagarkukatpally,17.510961666666667,78.3961405,1515.0,3.0,0.0,0.0,0.0,0.0,0.0,0.0,1.0,1.0,1.0
1983,6800000.0,Pragathi Nagar,pragathinagarkukatpally,17.510961666666667,78.3961405,1515.0,3.0,0.0,0.0,0.0,0.0,0.0,0.0,1.0,1.0,1.0
1984,6800000.0,Pragathi Nagar,pragathinagarkukatpally,17.510961666666667,78.3961405,1515.0,3.0,0.0,0.0,0.0,0.0,0.0,0.0,1.0,1.0,1.0
1985,6800000.0,Pragathi Nagar,pragathinagarkukatpally,17.510961666666667,78.3961405,1515.0,3.0,0.0,0.0,0.0,0.0,0.0,0.0,1.0,1.0,1.0
1986,6800000.0,Pragathi Nagar,pragathinagarkukatpally,17.510961666666667,78.3961405,1513.0,3.0,0.0,0.0,0.0,0.0,0.0,0.0,1.0,1.0,1.0
1987,6800000.0,Pragathi Nagar,pragathinagarkukatpally,17.510961666666667,78.3961405,1515.0,3.0,0.0,0.0,0.0,0.0,0.0,0.0,1.0,1.0,1.0
1988,11000000.0,Sanathnagar,sanathnagar,17.4540288893428,78.4431068242532,1557.0,3.0,1.0,0.0,0.0,0.0,1.0,1.0,1.0,1.0,1.0
1989,3100000.0,Patancheru,patancheru,17.531797199113548,78.27282419319374,1300.0,3.0,0.0,0.0,0.0,0.0,0.0,0.0,0.0,0.0,0.0
1990,12500000.0,Other localities,Other,17.43038818,78.44193104,2025.0,3.0,1.0,1.0,1.0,0.0,1.0,1.0,1.0,1.0,0.0
1991,7800000.0,Other localities,Other,17.43038818,78.44193104,1260.0,2.0,1.0,1.0,1.0,0.0,1.0,1.0,1.0,1.0,0.0
1992,14500000.0,Manikonda,manikonda,17.404881913358253,78.37812983145022,1834.0,3.0,1.0,1.0,1.0,1.0,1.0,1.0,1.0,1.0,0.0
1993,7200000.0,Tellapur,tellapur,17.460288438271743,78.29110116751885,1580.0,3.0,1.0,1.0,1.0,0.0,1.0,1.0,1.0,1.0,0.0
1994,14000000.0,Nanakramguda,nanakramguda,17.422396189571867,78.344593041929,1860.0,3.0,0.0,1.0,1.0,1.0,1.0,1.0,1.0,1.0,0.0
1995,2211000.0,Other localities,Other,17.41882852572662,78.34573567987059,1005.0,2.0,0.0,0.0,0.0,0.0,0.0,0.0,0.0,0.0,0.0
1996,3500000.0,Other localities,Other,17.518769497302298,78.30204857007145,1200.0,2.0,0.0,0.0,0.0,0.0,1.0,1.0,1.0,1.0,0.0
1997,3000000.0,Bandlagudajagir,bandlagudajagir,17.3578764727295,78.39053678224889,1057.0,2.0,1.0,1.0,1.0,1.0,1.0,1.0,1.0,1.0,1.0
1998,13300000.0,Other localities,Other,17.49627677991907,78.33088805401513,2122.0,3.0,0.0,1.0,1.0,1.0,1.0,1.0,1.0,1.0,1.0
1999,3200000.0,Patancheru,patancheru,17.531797199113548,78.27282419319374,910.0,2.0,0.0,0.0,0.0,0.0,0.0,0.0,0.0,0.0,0.0
2000,4000000.0,Other localities,Other,17.4728382,78.387187,1375.0,3.0,0.0,0.0,0.0,0.0,0.0,0.0,0.0,0.0,0.0
2001,2002000.0,Nagole,nagole,17.372849336759185,78.56486212860278,1001.0,2.0,0.0,0.0,0.0,0.0,0.0,0.0,0.0,0.0,0.0
2002,10000000.0,Kondapur,kondapur,17.464952556653586,78.35742606325269,2000.0,3.0,0.0,1.0,1.0,1.0,1.0,1.0,1.0,1.0,0.0
2003,14000000.0,Kondapur,kondapur,17.464952556653586,78.35742606325269,1615.0,3.0,1.0,1.0,1.0,1.0,1.0,1.0,1.0,1.0,1.0
2004,40000000.0,Jubilee Hills,jubileehills,17.4321415472508,78.41327145544938,3085.0,3.0,1.0,1.0,1.0,1.0,1.0,1.0,1.0,1.0,0.0
2005,17000000.0,Hitech City,hitechcity,17.45333259937053,78.37437407077309,2250.0,4.0,0.0,0.0,0.0,0.0,0.0,0.0,0.0,0.0,0.0
2006,21500000.0,Kondapur,kondapur,17.464952556653586,78.35742606325269,3195.0,3.0,0.0,0.0,0.0,0.0,0.0,0.0,0.0,0.0,0.0
2007,9542000.0,Kokapet,kokapet,17.39378245928407,78.33970720299747,1735.0,3.0,0.0,1.0,1.0,1.0,1.0,1.0,0.0,1.0,1.0
2008,33500000.0,Madhapur,madhapur,17.447815297983848,78.39084241875916,3450.0,4.0,1.0,1.0,1.0,1.0,1.0,1.0,1.0,1.0,1.0
2009,8200000.0,Kondapur,kondapur,17.464952556653586,78.35742606325269,1500.0,3.0,0.0,0.0,0.0,0.0,0.0,0.0,0.0,0.0,0.0
2010,4230000.0,Bachupally Road,bachupallyroad,17.541673105765128,78.36649211721665,1175.0,2.0,0.0,0.0,0.0,0.0,0.0,0.0,0.0,0.0,0.0
2011,4158000.0,Bachupally Road,bachupallyroad,17.541673105765128,78.36649211721665,1155.0,2.0,0.0,0.0,0.0,0.0,0.0,0.0,0.0,0.0,0.0
2012,3300000.0,Patancheru,patancheru,17.531797199113548,78.27282419319374,910.0,2.0,0.0,1.0,1.0,0.0,0.0,1.0,1.0,1.0,0.0
2013,3500000.0,Other localities,Other,17.49314289684469,78.60684983425077,1005.0,2.0,0.0,0.0,0.0,0.0,0.0,0.0,1.0,1.0,0.0
2014,5500000.0,Other localities,Other,17.397651348863857,78.51732966339205,1150.0,2.0,1.0,0.0,0.0,0.0,0.0,0.0,0.0,1.0,0.0
2015,3507000.0,Miyapur,miyapur,17.503473552989245,78.35121638270526,1002.0,2.0,0.0,0.0,0.0,0.0,0.0,0.0,0.0,0.0,0.0
2016,3545000.0,Miyapur,miyapur,17.503473552989245,78.35121638270526,1013.0,2.0,0.0,0.0,0.0,0.0,0.0,0.0,0.0,0.0,0.0
2017,3517000.0,Miyapur,miyapur,17.503473552989245,78.35121638270526,1005.0,2.0,0.0,0.0,0.0,0.0,0.0,0.0,0.0,0.0,0.0
2018,3524000.0,Miyapur,miyapur,17.503473552989245,78.35121638270526,1007.0,2.0,0.0,0.0,0.0,0.0,0.0,0.0,0.0,0.0,0.0
2019,3542000.0,Miyapur,miyapur,17.503473552989245,78.35121638270526,1012.0,2.0,0.0,0.0,0.0,0.0,0.0,0.0,0.0,0.0,0.0
2020,2022000.0,Adibatla,adibatla,17.23166334809472,78.56172179517655,1010.0,2.0,0.0,0.0,0.0,0.0,0.0,0.0,0.0,0.0,0.0
2021,2020000.0,Nagole,nagole,17.372849336759185,78.56486212860278,1010.0,2.0,0.0,0.0,0.0,0.0,0.0,0.0,0.0,0.0,0.0
2022,2800000.0,Nagole,nagole,17.372849336759185,78.56486212860278,1400.0,3.0,0.0,0.0,0.0,0.0,0.0,0.0,0.0,0.0,0.0
2023,5700000.0,Kollurroad,kollurroad,17.44139289738286,78.25988430444247,1665.0,3.0,0.0,0.0,0.0,0.0,0.0,0.0,0.0,0.0,0.0
2024,4008000.0,Other localities,Other,17.514167851399282,78.48519360563621,1002.0,2.0,0.0,0.0,0.0,0.0,0.0,0.0,0.0,0.0,0.0
2025,2200000.0,Adibatla,adibatla,17.23166334809472,78.56172179517655,1050.0,2.0,0.0,0.0,0.0,0.0,0.0,0.0,0.0,0.0,0.0
2026,5500000.0,Other localities,Other,17.36389157846474,78.40097985270958,1350.0,3.0,0.0,0.0,0.0,0.0,0.0,0.0,0.0,0.0,0.0
2027,9300000.0,Other localities,Other,17.371588478956607,78.530216,2200.0,3.0,1.0,1.0,1.0,0.0,1.0,1.0,1.0,1.0,0.0
2028,9200000.0,Other localities,Other,17.371588478956607,78.530216,2000.0,3.0,1.0,1.0,1.0,0.0,1.0,1.0,1.0,1.0,0.0
2029,9300000.0,Other localities,Other,17.371588478956607,78.530216,1600.0,3.0,1.0,1.0,1.0,0.0,1.0,1.0,1.0,1.0,0.0
2030,9300000.0,Other localities,Other,17.371588478956607,78.530216,1691.0,3.0,1.0,1.0,1.0,0.0,1.0,1.0,1.0,1.0,0.0
2031,9300000.0,Other localities,Other,17.371588478956607,78.530216,1500.0,3.0,1.0,1.0,1.0,0.0,1.0,1.0,1.0,1.0,0.0
2032,3600000.0,Pragathi Nagar,pragathinagarkukatpally,17.510961666666667,78.3961405,1175.0,2.0,0.0,0.0,0.0,0.0,0.0,1.0,1.0,1.0,0.0
2033,8460000.0,Chandanagar,chandanagar,17.49522201744739,78.32650600129999,1600.0,3.0,0.0,0.0,0.0,0.0,1.0,0.0,1.0,1.0,0.0
2034,6165000.0,Chandanagar,chandanagar,17.49522201744739,78.32650600129999,1150.0,2.0,0.0,0.0,0.0,0.0,1.0,0.0,1.0,1.0,0.0
2035,6895999.0,Kukatpally,kukatpally,17.492910498045475,78.39886107029278,1230.0,2.0,0.0,1.0,1.0,1.0,1.0,1.0,1.0,1.0,0.0
2036,6168000.0,Kukatpally,kukatpally,17.492910498045475,78.39886107029278,1090.0,2.0,0.0,0.0,1.0,1.0,1.0,1.0,1.0,1.0,0.0
2037,8692000.0,Miyapur,miyapur,17.503473552989245,78.35121638270526,1190.0,2.0,0.0,1.0,1.0,1.0,1.0,1.0,1.0,1.0,1.0
2038,10700000.0,Miyapur,miyapur,17.503473552989245,78.35121638270526,1920.0,3.0,0.0,1.0,1.0,1.0,1.0,1.0,1.0,1.0,1.0
2039,10700000.0,Miyapur,miyapur,17.503473552989245,78.35121638270526,1905.0,3.0,0.0,1.0,1.0,1.0,1.0,1.0,1.0,1.0,1.0
2040,11200000.0,Kondapur,kondapur,17.464952556653586,78.35742606325269,1295.0,2.0,0.0,1.0,1.0,1.0,1.0,1.0,1.0,1.0,1.0
2041,22500000.0,Kokapet,kokapet,17.39378245928407,78.33970720299747,3380.0,4.0,1.0,1.0,1.0,1.0,1.0,1.0,1.0,1.0,1.0
2042,27100000.0,Other localities,Other,17.424647471170314,78.45839552082218,3615.0,4.0,0.0,1.0,1.0,1.0,1.0,1.0,1.0,1.0,1.0
2043,22100000.0,Other localities,Other,17.385,78.4867,2600.0,3.0,1.0,1.0,1.0,1.0,1.0,1.0,1.0,1.0,0.0
2044,10900000.0,Other localities,Other,17.456425,78.369714,2100.0,3.0,0.0,1.0,1.0,1.0,1.0,1.0,1.0,1.0,1.0
2045,28700000.0,Other localities,Other,17.413818128743614,78.40892461871968,3025.0,3.0,0.0,1.0,1.0,1.0,1.0,1.0,1.0,1.0,1.0
2046,22100000.0,Other localities,Other,17.385,78.4867,2600.0,3.0,0.0,1.0,1.0,1.0,1.0,1.0,1.0,1.0,1.0
2047,39400000.0,Other localities,Other,17.43038818,78.44193104,3590.0,3.0,0.0,1.0,1.0,1.0,1.0,1.0,1.0,1.0,1.0
2048,39400000.0,Other localities,Other,17.43038818,78.44193104,3590.0,3.0,0.0,1.0,1.0,1.0,1.0,1.0,1.0,1.0,1.0
2049,29000000.0,Other localities,Other,17.424647471170314,78.45839552082218,3875.0,3.0,0.0,1.0,1.0,1.0,1.0,1.0,1.0,1.0,1.0
2050,32100000.0,Other localities,Other,17.424647471170314,78.45839552082218,4290.0,3.0,0.0,1.0,1.0,1.0,1.0,1.0,1.0,1.0,1.0
2051,6354000.0,Balanagar,balanagar,17.47485623141029,78.45058711838686,1765.0,3.0,0.0,1.0,1.0,1.0,1.0,1.0,1.0,1.0,1.0
2052,6984000.0,Balanagar,balanagar,17.47485623141029,78.45058711838686,1940.0,3.0,0.0,1.0,1.0,1.0,1.0,1.0,1.0,1.0,1.0
2053,16500000.0,Jubilee Hills,jubileehills,17.4321415472508,78.41327145544938,2445.0,3.0,0.0,0.0,1.0,0.0,1.0,1.0,1.0,1.0,1.0
2054,12000000.0,Kokapet,kokapet,17.39378245928407,78.33970720299747,1830.0,3.0,1.0,0.0,0.0,0.0,0.0,0.0,0.0,0.0,0.0
2055,5000000.0,Other localities,Other,17.338499096991903,78.3830973062259,1125.0,4.0,1.0,1.0,1.0,0.0,1.0,1.0,0.0,0.0,0.0
2056,3200000.0,Patancheru,patancheru,17.531797199113548,78.27282419319374,1300.0,3.0,0.0,0.0,0.0,0.0,0.0,0.0,0.0,0.0,0.0
2057,3250000.0,Patancheru,patancheru,17.531797199113548,78.27282419319374,910.0,2.0,0.0,0.0,0.0,0.0,0.0,0.0,0.0,0.0,0.0
2058,4750000.0,Other localities,Other,17.4728382,78.387187,1550.0,3.0,0.0,0.0,0.0,0.0,0.0,0.0,0.0,0.0,0.0
2059,4800000.0,Patancheru,patancheru,17.531797199113548,78.27282419319374,1650.0,3.0,0.0,0.0,0.0,0.0,0.0,0.0,0.0,0.0,0.0
2060,4800000.0,Patancheru,patancheru,17.531797199113548,78.27282419319374,1650.0,3.0,0.0,0.0,0.0,0.0,0.0,0.0,0.0,0.0,0.0
2061,4550000.0,Other localities,Other,17.4728382,78.387187,1475.0,3.0,0.0,0.0,0.0,0.0,0.0,0.0,0.0,0.0,0.0
2062,4150000.0,Other localities,Other,17.4728382,78.387187,1475.0,3.0,0.0,0.0,0.0,0.0,0.0,0.0,0.0,0.0,0.0
2063,3550000.0,Patancheru,patancheru,17.531797199113548,78.27282419319374,1500.0,2.0,0.0,0.0,0.0,0.0,0.0,0.0,0.0,0.0,0.0
2064,4450000.0,Other localities,Other,17.4728382,78.387187,1550.0,3.0,0.0,0.0,0.0,0.0,0.0,0.0,0.0,0.0,0.0
2065,3900000.0,Other localities,Other,17.4728382,78.387187,1400.0,3.0,0.0,0.0,0.0,0.0,0.0,0.0,0.0,0.0,0.0
2066,3800000.0,Patancheru,patancheru,17.531797199113548,78.27282419319374,1350.0,2.0,0.0,0.0,0.0,0.0,0.0,0.0,0.0,0.0,0.0
2067,4250000.0,Other localities,Other,17.4728382,78.387187,1475.0,3.0,0.0,0.0,0.0,0.0,0.0,0.0,0.0,0.0,0.0
2068,4850000.0,Other localities,Other,17.4728382,78.387187,1650.0,3.0,0.0,0.0,0.0,0.0,0.0,0.0,0.0,0.0,0.0
2069,4050000.0,Patancheru,patancheru,17.531797199113548,78.27282419319374,1375.0,2.0,0.0,0.0,0.0,0.0,0.0,0.0,0.0,0.0,0.0
2070,4500000.0,Other localities,Other,17.4728382,78.387187,1475.0,3.0,0.0,0.0,0.0,0.0,0.0,0.0,0.0,0.0,0.0
2071,4800000.0,Other localities,Other,17.475350371266842,78.5509627444464,1000.0,2.0,0.0,0.0,0.0,0.0,0.0,0.0,0.0,0.0,0.0
2072,8600000.0,Tellapur,tellapur,17.460288438271743,78.29110116751885,1950.0,3.0,1.0,0.0,1.0,0.0,1.0,1.0,1.0,1.0,0.0
2073,3675000.0,Other localities,Other,17.54616663637559,78.46766508465576,1050.0,2.0,0.0,1.0,1.0,1.0,1.0,1.0,1.0,1.0,0.0
2074,8749000.0,Kondapur,kondapur,17.464952556653586,78.35742606325269,1535.0,3.0,0.0,1.0,1.0,1.0,1.0,1.0,1.0,1.0,1.0
2075,8300000.0,Other localities,Other,17.480723638806815,78.39024906595864,1550.0,3.0,0.0,0.0,0.0,0.0,0.0,1.0,1.0,0.0,0.0
2076,8700000.0,Other localities,Other,17.474285797406523,78.41034414058676,1510.0,3.0,0.0,0.0,0.0,0.0,1.0,1.0,1.0,0.0,0.0
2077,4000000.0,Other localities,Other,17.414714449893516,78.58427170565938,920.0,3.0,1.0,0.0,0.0,0.0,0.0,0.0,0.0,0.0,0.0
2078,13700000.0,Gachibowli,gachibowli,17.43818620463587,78.35192198714175,1742.0,3.0,1.0,1.0,1.0,0.0,1.0,1.0,1.0,1.0,1.0
2079,57500000.0,Banjara Hills,banjarahills,17.415356872116416,78.43933349579677,3765.0,4.0,1.0,1.0,1.0,1.0,1.0,1.0,1.0,1.0,0.0
2080,16500000.0,Gachibowli,gachibowli,17.43818620463587,78.35192198714175,2750.0,3.0,1.0,0.0,0.0,1.0,1.0,1.0,1.0,1.0,0.0
2081,4582000.0,Other localities,Other,17.519326387351636,78.3164623284999,1160.0,2.0,0.0,0.0,0.0,0.0,0.0,1.0,1.0,1.0,1.0
2082,11200000.0,Manikonda,manikonda,17.404881913358253,78.37812983145022,2450.0,4.0,0.0,0.0,0.0,0.0,1.0,0.0,1.0,1.0,0.0
2083,55000000.0,Jubilee Hills,jubileehills,17.4321415472508,78.41327145544938,4700.0,4.0,0.0,0.0,0.0,0.0,1.0,1.0,1.0,1.0,0.0
2084,4600000.0,Lbnagar,lbnagar,17.35158391547192,78.5535823129719,1100.0,2.0,0.0,0.0,0.0,0.0,0.0,0.0,0.0,0.0,0.0
2085,3375000.0,Other localities,Other,17.41882852572662,78.34573567987059,1250.0,2.0,0.0,0.0,0.0,0.0,0.0,0.0,0.0,0.0,0.0
2086,4300000.0,Kollurroad,kollurroad,17.44139289738286,78.25988430444247,1250.0,2.0,0.0,0.0,0.0,0.0,0.0,0.0,0.0,0.0,0.0
2087,2800000.0,Adibatla,adibatla,17.23166334809472,78.56172179517655,1200.0,2.0,0.0,0.0,0.0,0.0,0.0,0.0,0.0,0.0,0.0
2088,3521000.0,Miyapur,miyapur,17.503473552989245,78.35121638270526,1006.0,2.0,0.0,0.0,0.0,0.0,0.0,0.0,0.0,0.0,0.0
2089,4500000.0,Kollurroad,kollurroad,17.44139289738286,78.25988430444247,1200.0,2.0,0.0,0.0,0.0,0.0,0.0,0.0,0.0,0.0,0.0
2090,4250000.0,Kollurroad,kollurroad,17.44139289738286,78.25988430444247,1250.0,2.0,0.0,0.0,0.0,0.0,0.0,0.0,0.0,0.0,0.0
2091,4600000.0,Kollurroad,kollurroad,17.44139289738286,78.25988430444247,1250.0,2.0,0.0,0.0,0.0,0.0,0.0,0.0,0.0,0.0,0.0
2092,4217000.0,Kollurroad,kollurroad,17.44139289738286,78.25988430444247,1205.0,2.0,0.0,0.0,0.0,0.0,0.0,0.0,0.0,0.0,0.0
2093,4221000.0,Kollurroad,kollurroad,17.44139289738286,78.25988430444247,1206.0,2.0,0.0,0.0,0.0,0.0,0.0,0.0,0.0,0.0,0.0
2094,4228000.0,Other localities,Other,17.44139289738286,78.25988430444247,1208.0,2.0,0.0,0.0,0.0,0.0,0.0,0.0,0.0,0.0,0.0
2095,4207000.0,Kollurroad,kollurroad,17.44139289738286,78.25988430444247,1202.0,2.0,0.0,0.0,0.0,0.0,0.0,0.0,0.0,0.0,0.0
2096,4210000.0,Kollurroad,kollurroad,17.44139289738286,78.25988430444247,1203.0,2.0,0.0,0.0,0.0,0.0,0.0,0.0,0.0,0.0,0.0
2097,4968000.0,Kondapur,kondapur,17.464952556653586,78.35742606325269,1104.0,2.0,0.0,0.0,0.0,0.0,0.0,0.0,0.0,0.0,0.0
2098,7200000.0,Kondapur,kondapur,17.464952556653586,78.35742606325269,1600.0,3.0,0.0,0.0,0.0,0.0,0.0,0.0,0.0,0.0,0.0
2099,4469000.0,Kollurroad,kollurroad,17.44139289738286,78.25988430444247,1242.0,2.0,0.0,0.0,0.0,0.0,0.0,0.0,0.0,0.0,0.0
2100,3600000.0,Aminpur,aminpur,17.52735,78.3246769,1210.0,2.0,1.0,0.0,0.0,0.0,0.0,0.0,0.0,0.0,0.0
2101,5200000.0,Other localities,Other,17.500768655559657,78.59544731385485,1630.0,3.0,1.0,0.0,0.0,0.0,1.0,1.0,1.0,1.0,1.0
2102,3200000.0,Other localities,Other,17.500768655559657,78.59544731385485,990.0,2.0,1.0,0.0,0.0,0.0,1.0,1.0,1.0,1.0,1.0
2103,6500000.0,Bachupally,bachupally,17.541673105765128,78.36649211721665,1450.0,3.0,0.0,0.0,0.0,0.0,0.0,0.0,0.0,0.0,0.0
2104,3800000.0,Other localities,Other,17.385,78.4867,1000.0,2.0,0.0,0.0,0.0,0.0,0.0,0.0,0.0,0.0,0.0
2105,2900000.0,Other localities,Other,17.339165290922548,78.54795254766941,950.0,2.0,1.0,0.0,0.0,0.0,1.0,0.0,0.0,0.0,0.0
2106,4830000.0,Other localities,Other,17.50030578974761,78.38290121139761,1050.0,2.0,0.0,0.0,0.0,0.0,0.0,0.0,0.0,0.0,0.0
2107,19500000.0,Other localities,Other,17.493438,78.5771585,1400.0,2.0,1.0,0.0,0.0,0.0,0.0,0.0,0.0,0.0,0.0
2108,5200000.0,Other localities,Other,17.50030578974761,78.38290121139761,1050.0,2.0,0.0,0.0,0.0,0.0,0.0,0.0,0.0,0.0,0.0
2109,7800000.0,Begumpet,begumpet,17.440835274566783,78.46346947189383,1200.0,2.0,1.0,1.0,1.0,0.0,1.0,1.0,1.0,1.0,0.0
2110,26000000.0,Other localities,Other,17.439911441496193,78.39440521202424,4150.0,4.0,0.0,0.0,1.0,0.0,1.0,1.0,1.0,1.0,1.0
2111,3700000.0,Other localities,Other,17.36389157846474,78.40097985270958,1500.0,5.0,1.0,0.0,0.0,0.0,1.0,1.0,1.0,1.0,0.0
2112,9800000.0,Madhapur,madhapur,17.447815297983848,78.39084241875916,1530.0,3.0,1.0,1.0,1.0,1.0,1.0,1.0,1.0,1.0,1.0
2113,10500000.0,Other localities,Other,17.49627677991907,78.33088805401513,1250.0,3.0,0.0,0.0,0.0,0.0,1.0,1.0,1.0,0.0,0.0
2114,4276000.0,Other localities,Other,17.256106111814354,78.58515627799468,1296.0,2.0,1.0,0.0,0.0,0.0,1.0,1.0,1.0,1.0,0.0
2115,3400000.0,Shaikpet,shaikpet,17.406035256725136,78.39568502838843,998.0,2.0,1.0,1.0,1.0,0.0,1.0,1.0,1.0,1.0,0.0
2116,9800000.0,Other localities,Other,17.45228195171919,78.41954494773441,1850.0,4.0,0.0,1.0,1.0,1.0,1.0,0.0,1.0,1.0,0.0
2117,9500000.0,Miyapur,miyapur,17.503473552989245,78.35121638270526,1115.0,2.0,0.0,1.0,1.0,0.0,1.0,1.0,1.0,1.0,0.0
2118,21000000.0,Hitech City,hitechcity,17.45333259937053,78.37437407077309,2630.0,3.0,1.0,1.0,1.0,1.0,1.0,1.0,1.0,1.0,0.0
2119,2800000.0,Sanathnagar,sanathnagar,17.4540288893428,78.4431068242532,500.0,2.0,1.0,0.0,0.0,0.0,0.0,0.0,0.0,0.0,0.0
2120,6300000.0,Other localities,Other,17.482239444725955,78.36180867165479,1085.0,2.0,0.0,0.0,1.0,0.0,1.0,1.0,1.0,1.0,0.0
2121,5100000.0,Gachibowli,gachibowli,17.43818620463587,78.35192198714175,1325.0,2.0,0.0,1.0,1.0,0.0,1.0,1.0,1.0,0.0,0.0
2122,4200000.0,Kollurroad,kollurroad,17.44139289738286,78.25988430444247,1200.0,2.0,0.0,0.0,0.0,0.0,0.0,0.0,0.0,0.0,0.0
2123,4203000.0,Kollurroad,kollurroad,17.44139289738286,78.25988430444247,1201.0,2.0,0.0,0.0,0.0,0.0,0.0,0.0,0.0,0.0,0.0
2124,4600000.0,Kollurroad,kollurroad,17.44139289738286,78.25988430444247,1260.0,2.0,0.0,0.0,0.0,0.0,0.0,0.0,0.0,0.0,0.0
2125,4963000.0,Kondapur,kondapur,17.464952556653586,78.35742606325269,1103.0,2.0,0.0,0.0,0.0,0.0,0.0,0.0,0.0,0.0,0.0
2126,4977000.0,Kondapur,kondapur,17.464952556653586,78.35742606325269,1106.0,2.0,0.0,0.0,0.0,0.0,0.0,0.0,0.0,0.0,0.0
2127,2200000.0,Adibatla,adibatla,17.23166334809472,78.56172179517655,1000.0,2.0,0.0,0.0,0.0,0.0,0.0,0.0,0.0,0.0,0.0
2128,9500000.0,Kukatpally,kukatpally,17.492910498045475,78.39886107029278,1360.0,2.0,0.0,1.0,1.0,1.0,1.0,1.0,1.0,1.0,0.0
2129,12200000.0,Kukatpally,kukatpally,17.492910498045475,78.39886107029278,1740.0,3.0,0.0,1.0,1.0,1.0,1.0,1.0,1.0,1.0,0.0
2130,4000000.0,Other localities,Other,17.414714449893516,78.58427170565938,920.0,3.0,1.0,0.0,0.0,0.0,0.0,0.0,0.0,0.0,0.0
2131,6000000.0,Other localities,Other,17.475350371266842,78.5509627444464,1200.0,2.0,1.0,0.0,0.0,0.0,1.0,1.0,1.0,1.0,1.0
2132,5200000.0,Other localities,Other,17.475350371266842,78.5509627444464,1440.0,3.0,1.0,0.0,0.0,0.0,1.0,1.0,1.0,1.0,1.0
2133,5500000.0,Other localities,Other,17.491100648379927,78.54404478575385,1010.0,2.0,1.0,0.0,1.0,0.0,1.0,1.0,1.0,1.0,0.0
2134,4500000.0,Other localities,Other,17.491100648379927,78.54404478575385,1080.0,2.0,1.0,0.0,1.0,0.0,1.0,1.0,1.0,1.0,0.0
2135,6500000.0,Kompally,kompally,17.53598128028764,78.48216571304735,1950.0,3.0,0.0,1.0,1.0,1.0,1.0,1.0,1.0,1.0,0.0
2136,15000000.0,Manikonda,manikonda,17.404881913358253,78.37812983145022,1834.0,3.0,1.0,1.0,1.0,1.0,1.0,1.0,1.0,1.0,0.0
2137,13500000.0,Shaikpet,shaikpet,17.406035256725136,78.39568502838843,2200.0,3.0,1.0,1.0,1.0,0.0,1.0,1.0,1.0,1.0,0.0
2138,6900000.0,Shaikpet,shaikpet,17.406035256725136,78.39568502838843,1133.0,2.0,1.0,1.0,1.0,0.0,1.0,1.0,1.0,1.0,0.0
2139,8200000.0,Serilingampally,serilingampally,17.477587205115576,78.32105761867258,1650.0,3.0,1.0,0.0,0.0,0.0,0.0,1.0,0.0,1.0,0.0
2140,17500000.0,Jubilee Hills,jubileehills,17.4321415472508,78.41327145544938,2600.0,3.0,0.0,0.0,0.0,0.0,1.0,1.0,1.0,1.0,0.0
2141,2500000.0,Adibatla,adibatla,17.23166334809472,78.56172179517655,1100.0,2.0,0.0,0.0,0.0,0.0,0.0,0.0,0.0,0.0,0.0
2142,2304000.0,Adibatla,adibatla,17.23166334809472,78.56172179517655,1002.0,2.0,0.0,0.0,0.0,0.0,0.0,0.0,0.0,0.0,0.0
2143,2750000.0,Kokapet,kokapet,17.39378245928407,78.33970720299747,500.0,2.0,0.0,0.0,0.0,0.0,0.0,0.0,0.0,0.0,0.0
2144,2300000.0,Adibatla,adibatla,17.23166334809472,78.56172179517655,1000.0,2.0,0.0,0.0,0.0,0.0,0.0,0.0,0.0,0.0,0.0
2145,4000000.0,Other localities,Other,17.49314289684469,78.60684983425077,1075.0,2.0,0.0,0.0,0.0,0.0,0.0,0.0,0.0,0.0,0.0
2146,5000000.0,Other localities,Other,17.399036352612555,78.50564080285866,1100.0,2.0,1.0,0.0,0.0,0.0,0.0,1.0,1.0,1.0,0.0
2147,9500000.0,Gachibowli,gachibowli,17.43818620463587,78.35192198714175,1120.0,2.0,1.0,1.0,1.0,0.0,1.0,1.0,1.0,1.0,0.0
2148,3800000.0,Other localities,Other,17.077173,78.192512,1200.0,2.0,1.0,1.0,1.0,0.0,1.0,1.0,1.0,1.0,0.0
2149,4000000.0,Other localities,Other,17.077173,78.192512,1200.0,2.0,1.0,1.0,1.0,0.0,1.0,1.0,1.0,1.0,0.0
2150,3900000.0,Other localities,Other,17.077173,78.192512,1120.0,2.0,1.0,1.0,1.0,0.0,1.0,1.0,1.0,1.0,0.0
2151,10000000.0,Kondapur,kondapur,17.464952556653586,78.35742606325269,1295.0,2.0,0.0,1.0,1.0,1.0,1.0,1.0,1.0,1.0,1.0
2152,12000000.0,Kondapur,kondapur,17.464952556653586,78.35742606325269,1490.0,3.0,1.0,1.0,1.0,1.0,1.0,1.0,1.0,1.0,1.0
2153,8255000.0,Kokapet,kokapet,17.39378245928407,78.33970720299747,1270.0,2.0,0.0,1.0,1.0,1.0,1.0,1.0,0.0,0.0,0.0
2154,3900000.0,Other localities,Other,17.506574199999996,78.38346219999998,1100.0,2.0,0.0,0.0,0.0,0.0,1.0,1.0,1.0,1.0,0.0
2155,3742000.0,Adibatla,adibatla,17.23166334809472,78.56172179517655,1134.0,2.0,1.0,0.0,0.0,0.0,1.0,1.0,1.0,1.0,0.0
2156,3927000.0,Other localities,Other,17.23063446013334,78.58307211634136,1190.0,2.0,1.0,0.0,0.0,0.0,1.0,1.0,1.0,1.0,0.0
2157,4216000.0,Other localities,Other,17.40499710457858,78.56754575350816,1050.0,2.0,1.0,0.0,0.0,0.0,1.0,1.0,1.0,1.0,0.0
2158,2536000.0,Adibatla,adibatla,17.23166334809472,78.56172179517655,710.0,1.0,1.0,0.0,0.0,0.0,1.0,1.0,1.0,1.0,0.0
2159,5004000.0,Adibatla,adibatla,17.23166334809472,78.56172179517655,1390.0,3.0,1.0,0.0,0.0,0.0,1.0,1.0,1.0,1.0,0.0
2160,7912000.0,Other localities,Other,17.40499710457858,78.56754575350816,1978.0,3.0,1.0,0.0,0.0,0.0,1.0,1.0,1.0,1.0,0.0
2161,5900000.0,Other localities,Other,17.31560074275966,78.44832164064574,1360.0,3.0,0.0,0.0,1.0,0.0,1.0,1.0,1.0,1.0,0.0
2162,9500000.0,Kukatpally,kukatpally,17.492910498045475,78.39886107029278,2000.0,3.0,1.0,1.0,1.0,1.0,1.0,1.0,1.0,1.0,1.0
2163,45000000.0,Jubilee Hills,jubileehills,17.4321415472508,78.41327145544938,3537.0,3.0,1.0,1.0,1.0,1.0,1.0,1.0,1.0,1.0,0.0
2164,4900000.0,Other localities,Other,17.50394729089415,78.46719040643906,1100.0,2.0,0.0,0.0,0.0,0.0,0.0,0.0,0.0,0.0,0.0
2165,5082000.0,Other localities,Other,17.40499710457858,78.56754575350816,1210.0,2.0,0.0,0.0,0.0,0.0,0.0,0.0,0.0,0.0,0.0
2166,9500000.0,Narsingi,narsingi,17.389011135333806,78.35934516389472,1935.0,3.0,1.0,1.0,1.0,0.0,1.0,1.0,1.0,1.0,0.0
2167,5700000.0,Other localities,Other,17.385,78.4867,1080.0,2.0,1.0,0.0,1.0,0.0,1.0,1.0,1.0,1.0,0.0
2168,6000000.0,Other localities,Other,17.385,78.4867,1200.0,2.0,1.0,1.0,1.0,0.0,1.0,1.0,1.0,1.0,0.0
2169,15400000.0,Other localities,Other,17.402715383526903,78.49546596585296,1905.0,3.0,0.0,0.0,0.0,0.0,1.0,1.0,1.0,1.0,0.0
2170,11299999.0,Begumpet,begumpet,17.440835274566783,78.46346947189383,1570.0,3.0,1.0,1.0,0.0,0.0,1.0,1.0,1.0,1.0,0.0
2171,11299999.0,Begumpet,begumpet,17.440835274566783,78.46346947189383,1570.0,3.0,1.0,0.0,0.0,1.0,1.0,0.0,1.0,1.0,1.0
2172,10500000.0,Gachibowli,gachibowli,17.43818620463587,78.35192198714175,1800.0,3.0,1.0,1.0,1.0,0.0,1.0,1.0,1.0,1.0,0.0
2173,10000000.0,Gachibowli,gachibowli,17.43818620463587,78.35192198714175,1700.0,3.0,1.0,1.0,1.0,0.0,1.0,1.0,1.0,1.0,0.0
2174,11500000.0,Narsingi,narsingi,17.389011135333806,78.35934516389472,1600.0,3.0,1.0,1.0,1.0,0.0,1.0,1.0,1.0,1.0,0.0
2175,10000000.0,Narsingi,narsingi,17.389011135333806,78.35934516389472,1655.0,3.0,1.0,1.0,1.0,0.0,1.0,1.0,1.0,1.0,0.0
2176,9800000.0,Manikonda,manikonda,17.404881913358253,78.37812983145022,1800.0,3.0,1.0,1.0,1.0,0.0,1.0,1.0,1.0,1.0,0.0
2177,6500000.0,Manikonda,manikonda,17.404881913358253,78.37812983145022,1300.0,2.0,1.0,1.0,1.0,0.0,1.0,1.0,1.0,1.0,0.0
2178,4224000.0,Kollurroad,kollurroad,17.44139289738286,78.25988430444247,1207.0,2.0,0.0,0.0,0.0,0.0,0.0,0.0,0.0,0.0,0.0
2179,35800000.0,Hitech City,hitechcity,17.45333259937053,78.37437407077309,3430.0,4.0,1.0,0.0,0.0,0.0,0.0,0.0,0.0,0.0,0.0
2180,19500000.0,Gachibowli,gachibowli,17.43818620463587,78.35192198714175,2160.0,3.0,1.0,0.0,0.0,0.0,0.0,0.0,0.0,0.0,0.0
2181,36000000.0,Hitech City,hitechcity,17.45333259937053,78.37437407077309,3430.0,3.0,1.0,0.0,0.0,0.0,0.0,0.0,0.0,0.0,0.0
2182,35800000.0,Hitech City,hitechcity,17.45333259937053,78.37437407077309,3430.0,4.0,1.0,0.0,0.0,0.0,0.0,0.0,0.0,0.0,0.0
2183,27500000.0,Madhapur,madhapur,17.447815297983848,78.39084241875916,2655.0,3.0,1.0,0.0,0.0,0.0,0.0,0.0,0.0,0.0,0.0
2184,4500000.0,Other localities,Other,17.50030578974761,78.38290121139761,861.0,2.0,1.0,0.0,0.0,0.0,0.0,0.0,0.0,0.0,0.0
2185,17300000.0,Miyapur,miyapur,17.503473552989245,78.35121638270526,3152.0,4.0,0.0,1.0,1.0,1.0,1.0,1.0,0.0,1.0,1.0
2186,8200000.0,Serilingampally,serilingampally,17.477587205115576,78.32105761867258,1650.0,3.0,1.0,0.0,0.0,0.0,0.0,1.0,0.0,1.0,0.0
2187,8525000.0,Other localities,Other,17.485236,78.390563,1550.0,3.0,0.0,0.0,0.0,0.0,1.0,0.0,1.0,1.0,0.0
2188,5200000.0,Other localities,Other,17.432281391714795,78.40392796978166,1030.0,2.0,1.0,0.0,0.0,0.0,1.0,1.0,1.0,1.0,0.0
2189,17500000.0,Other localities,Other,17.2624375578865,78.3891969050944,3550.0,3.0,1.0,0.0,0.0,0.0,1.0,1.0,1.0,1.0,0.0
2190,18000000.0,Other localities,Other,17.32100786812486,78.48222635686399,2983.0,4.0,1.0,0.0,0.0,0.0,1.0,1.0,1.0,1.0,0.0
2191,19300000.0,Kondapur,kondapur,17.464952556653586,78.35742606325269,2225.0,3.0,1.0,1.0,1.0,1.0,1.0,1.0,1.0,1.0,1.0
2192,35000000.0,Shaikpet,shaikpet,17.406035256725136,78.39568502838843,4160.0,4.0,1.0,1.0,1.0,1.0,1.0,1.0,1.0,1.0,1.0
2193,12500000.0,Other localities,Other,17.405722384957496,78.4836147643961,1900.0,3.0,0.0,0.0,0.0,0.0,1.0,1.0,1.0,0.0,0.0
2194,7200000.0,Other localities,Other,17.405722384957496,78.4836147643961,1105.0,2.0,0.0,0.0,0.0,0.0,1.0,1.0,1.0,0.0,0.0
2195,3900000.0,Other localities,Other,17.455574241624767,78.37768563834004,1150.0,2.0,0.0,1.0,1.0,1.0,1.0,1.0,1.0,1.0,1.0
2196,6500000.0,Other localities,Other,17.51699988309614,78.29881773909739,1625.0,3.0,1.0,0.0,0.0,0.0,1.0,0.0,0.0,1.0,1.0
2197,46000000.0,Other localities,Other,17.413818128743614,78.40892461871968,4600.0,4.0,1.0,0.0,0.0,0.0,1.0,1.0,1.0,1.0,1.0
2198,15000000.0,Hitech City,hitechcity,17.45333259937053,78.37437407077309,2120.0,3.0,1.0,1.0,1.0,1.0,1.0,1.0,1.0,1.0,1.0
2199,12000000.0,Kondapur,kondapur,17.464952556653586,78.35742606325269,2103.0,3.0,1.0,1.0,1.0,1.0,1.0,1.0,1.0,1.0,1.0
2200,11000000.0,Narsingi,narsingi,17.389011135333806,78.35934516389472,1760.0,3.0,1.0,1.0,1.0,1.0,1.0,1.0,1.0,1.0,1.0
2201,3900000.0,Other localities,Other,17.505260584522514,78.41245308570313,1150.0,2.0,0.0,1.0,1.0,1.0,1.0,1.0,1.0,1.0,1.0
2202,3900000.0,Other localities,Other,17.455574241624767,78.37768563834004,1150.0,2.0,0.0,1.0,1.0,1.0,1.0,1.0,1.0,1.0,1.0
2203,11000000.0,Jubilee Hills,jubileehills,17.4321415472508,78.41327145544938,1700.0,3.0,0.0,1.0,1.0,0.0,1.0,1.0,1.0,1.0,1.0
2204,16500000.0,Kukatpally,kukatpally,17.492910498045475,78.39886107029278,2232.0,3.0,1.0,1.0,1.0,1.0,1.0,1.0,1.0,1.0,1.0
2205,12200000.0,Kukatpally,kukatpally,17.492910498045475,78.39886107029278,1740.0,3.0,0.0,1.0,1.0,1.0,1.0,1.0,1.0,1.0,0.0
2206,11500000.0,Kukatpally,kukatpally,17.492910498045475,78.39886107029278,1592.0,3.0,0.0,1.0,1.0,1.0,1.0,1.0,1.0,1.0,0.0
2207,9500000.0,Kukatpally,kukatpally,17.492910498045475,78.39886107029278,1360.0,2.0,0.0,1.0,1.0,1.0,1.0,1.0,1.0,1.0,0.0
2208,8400000.0,Kukatpally,kukatpally,17.492910498045475,78.39886107029278,1208.0,2.0,0.0,1.0,1.0,1.0,1.0,1.0,1.0,1.0,0.0
2209,3500000.0,Bandlagudajagir,bandlagudajagir,17.3578764727295,78.39053678224889,1200.0,2.0,1.0,1.0,1.0,1.0,1.0,1.0,1.0,1.0,1.0
2210,15200000.0,Hitech City,hitechcity,17.45333259937053,78.37437407077309,2160.0,3.0,1.0,1.0,1.0,1.0,1.0,1.0,1.0,1.0,1.0
2211,14800000.0,Manikonda,manikonda,17.404881913358253,78.37812983145022,1834.0,3.0,1.0,1.0,1.0,1.0,1.0,1.0,1.0,1.0,0.0
2212,7500000.0,Other localities,Other,17.414714449893516,78.58427170565938,1650.0,3.0,0.0,0.0,0.0,0.0,0.0,1.0,0.0,1.0,0.0
2213,4567000.0,Other localities,Other,17.528370036969672,78.380750954379,1180.0,2.0,1.0,0.0,0.0,0.0,0.0,0.0,0.0,1.0,1.0
2214,4650000.0,Other localities,Other,17.528370036969672,78.380750954379,1200.0,2.0,1.0,0.0,0.0,0.0,0.0,0.0,0.0,1.0,1.0
2215,4700000.0,Other localities,Other,17.528370036969672,78.380750954379,1220.0,2.0,1.0,0.0,0.0,0.0,0.0,0.0,0.0,1.0,1.0
2216,4567000.0,Other localities,Other,17.528370036969672,78.380750954379,1180.0,2.0,1.0,0.0,0.0,0.0,0.0,0.0,0.0,1.0,1.0
2217,4650000.0,Other localities,Other,17.528370036969672,78.380750954379,1200.0,2.0,1.0,0.0,0.0,0.0,0.0,0.0,0.0,1.0,1.0
2218,2848000.0,Other localities,Other,17.323657724478934,78.5653429850936,1140.0,2.0,1.0,0.0,0.0,0.0,0.0,0.0,0.0,0.0,0.0
2219,2850000.0,Other localities,Other,17.323657724478934,78.5653429850936,1140.0,2.0,0.0,0.0,0.0,0.0,0.0,0.0,0.0,0.0,0.0
2220,39800000.0,Madhapur,madhapur,17.447815297983848,78.39084241875916,3975.0,5.0,0.0,1.0,1.0,1.0,1.0,1.0,1.0,1.0,1.0
2221,27000000.0,Madhapur,madhapur,17.447815297983848,78.39084241875916,2655.0,3.0,0.0,1.0,1.0,1.0,1.0,1.0,1.0,1.0,1.0
2222,4700000.0,Other localities,Other,17.347147983095976,78.50897962727313,1160.0,3.0,1.0,0.0,0.0,0.0,0.0,0.0,0.0,0.0,0.0
2223,7065000.0,Tolichowki,tolichowki,17.400576920967552,78.41095095845739,1570.0,2.0,1.0,0.0,0.0,0.0,0.0,0.0,0.0,0.0,0.0
2224,12400000.0,Begumpet,begumpet,17.440835274566783,78.46346947189383,1725.0,3.0,0.0,0.0,0.0,0.0,1.0,1.0,1.0,1.0,0.0
2225,12400000.0,Begumpet,begumpet,17.440835274566783,78.46346947189383,1725.0,3.0,1.0,0.0,0.0,0.0,1.0,1.0,1.0,1.0,0.0
2226,12400000.0,Begumpet,begumpet,17.440835274566783,78.46346947189383,1725.0,3.0,0.0,0.0,0.0,0.0,1.0,1.0,1.0,0.0,0.0
2227,12400000.0,Begumpet,begumpet,17.440835274566783,78.46346947189383,1725.0,3.0,1.0,0.0,0.0,1.0,1.0,1.0,1.0,0.0,0.0
2228,11299999.0,Begumpet,begumpet,17.440835274566783,78.46346947189383,1570.0,3.0,0.0,0.0,0.0,1.0,1.0,1.0,1.0,0.0,0.0
2229,9782000.0,Gachibowli,gachibowli,17.43818620463587,78.35192198714175,2644.0,3.0,0.0,0.0,0.0,0.0,0.0,0.0,0.0,0.0,0.0
2230,4400000.0,Other localities,Other,17.413785301357024,78.55627957729939,965.0,2.0,0.0,0.0,0.0,0.0,0.0,0.0,0.0,0.0,0.0
2231,8510000.0,Manikonda,manikonda,17.404881913358253,78.37812983145022,1850.0,4.0,0.0,0.0,0.0,0.0,0.0,0.0,1.0,1.0,0.0
2232,5500000.0,Kokapet,kokapet,17.39378245928407,78.33970720299747,1000.0,2.0,0.0,0.0,0.0,0.0,0.0,0.0,0.0,0.0,0.0
2233,5700000.0,Lbnagar,lbnagar,17.35158391547192,78.5535823129719,1310.0,3.0,0.0,0.0,0.0,0.0,0.0,0.0,0.0,0.0,0.0
2234,15000000.0,Other localities,Other,17.405722384957496,78.4836147643961,2150.0,3.0,0.0,0.0,0.0,0.0,0.0,0.0,0.0,0.0,0.0
2235,3900000.0,Balanagar,balanagar,17.47485623141029,78.45058711838686,1150.0,2.0,0.0,1.0,1.0,1.0,1.0,1.0,1.0,1.0,1.0
2236,3900000.0,Gachibowli,gachibowli,17.43818620463587,78.35192198714175,1150.0,2.0,0.0,1.0,1.0,1.0,1.0,1.0,1.0,1.0,1.0
2237,3900000.0,Kondapur,kondapur,17.464952556653586,78.35742606325269,1150.0,2.0,0.0,1.0,1.0,1.0,1.0,1.0,1.0,1.0,1.0
2238,3900000.0,Kukatpally,kukatpally,17.492910498045475,78.39886107029278,1150.0,2.0,0.0,1.0,1.0,1.0,1.0,1.0,1.0,1.0,1.0
2239,3900000.0,Other localities,Other,17.480723638806815,78.39024906595864,1150.0,2.0,0.0,1.0,1.0,1.0,1.0,1.0,1.0,1.0,1.0
2240,12500000.0,Narsingi,narsingi,17.389011135333806,78.35934516389472,1945.0,3.0,1.0,1.0,1.0,1.0,1.0,1.0,0.0,0.0,0.0
2241,10500000.0,Kukatpally,kukatpally,17.492910498045475,78.39886107029278,1360.0,2.0,1.0,1.0,1.0,1.0,1.0,1.0,1.0,1.0,0.0
2242,3900000.0,Balanagar,balanagar,17.47485623141029,78.45058711838686,1150.0,2.0,0.0,1.0,1.0,1.0,1.0,1.0,1.0,1.0,1.0
2243,3900000.0,Gachibowli,gachibowli,17.43818620463587,78.35192198714175,1150.0,2.0,0.0,1.0,1.0,1.0,1.0,1.0,1.0,1.0,1.0
2244,3900000.0,Kondapur,kondapur,17.464952556653586,78.35742606325269,1150.0,2.0,0.0,1.0,1.0,1.0,1.0,1.0,1.0,1.0,1.0
2245,3900000.0,Kukatpally,kukatpally,17.492910498045475,78.39886107029278,1150.0,2.0,0.0,1.0,1.0,1.0,1.0,1.0,1.0,1.0,1.0
2246,3900000.0,Other localities,Other,17.480723638806815,78.39024906595864,1150.0,2.0,0.0,1.0,1.0,1.0,1.0,1.0,1.0,1.0,1.0
2247,3900000.0,Other localities,Other,17.480723638806815,78.39024906595864,1150.0,2.0,0.0,1.0,1.0,1.0,1.0,1.0,1.0,1.0,1.0
2248,3900000.0,Nizampet,nizampet,17.515834368956,78.38332726613078,1150.0,2.0,0.0,1.0,1.0,1.0,1.0,1.0,1.0,0.0,0.0
2249,3900000.0,Other localities,Other,17.505260584522514,78.41245308570313,1150.0,2.0,0.0,1.0,1.0,1.0,1.0,1.0,1.0,1.0,1.0
2250,3900000.0,Aminpur,aminpur,17.52735,78.3246769,1150.0,2.0,0.0,1.0,1.0,1.0,1.0,1.0,1.0,1.0,1.0
2251,3900000.0,Bachupally,bachupally,17.541673105765128,78.36649211721665,1150.0,2.0,0.0,1.0,1.0,1.0,1.0,1.0,1.0,1.0,0.0
2252,3900000.0,Miyapur,miyapur,17.503473552989245,78.35121638270526,1150.0,2.0,0.0,1.0,1.0,1.0,1.0,1.0,1.0,1.0,0.0
2253,3900000.0,Chandanagar,chandanagar,17.49522201744739,78.32650600129999,1150.0,2.0,0.0,1.0,1.0,1.0,1.0,1.0,1.0,1.0,1.0
2254,3900000.0,Patancheru,patancheru,17.531797199113548,78.27282419319374,1150.0,2.0,0.0,1.0,1.0,1.0,1.0,1.0,1.0,1.0,1.0
2255,3900000.0,Other localities,Other,17.385,78.4867,1150.0,2.0,0.0,1.0,1.0,1.0,1.0,1.0,1.0,1.0,1.0
2256,3900000.0,Mallampet,mallampet,17.554356668027488,78.35349841623915,1150.0,2.0,0.0,1.0,1.0,1.0,1.0,1.0,1.0,1.0,1.0
2257,6000000.0,Other localities,Other,17.47972201502337,78.48056242902659,1269.0,2.0,1.0,0.0,0.0,0.0,1.0,1.0,1.0,1.0,0.0
2258,4876000.0,Narsingi,narsingi,17.389011135333806,78.35934516389472,1200.0,2.0,0.0,1.0,0.0,0.0,1.0,1.0,1.0,1.0,0.0
2259,4367000.0,Narsingi,narsingi,17.389011135333806,78.35934516389472,1100.0,2.0,0.0,1.0,0.0,0.0,1.0,1.0,1.0,1.0,0.0
2260,3900000.0,Chandanagar,chandanagar,17.49522201744739,78.32650600129999,1150.0,2.0,0.0,1.0,1.0,1.0,1.0,1.0,1.0,1.0,0.0
2261,3900000.0,Aminpur,aminpur,17.52735,78.3246769,1150.0,2.0,0.0,1.0,1.0,1.0,1.0,1.0,1.0,1.0,1.0
2262,3900000.0,Miyapur,miyapur,17.503473552989245,78.35121638270526,1150.0,2.0,0.0,1.0,1.0,1.0,1.0,1.0,1.0,1.0,0.0
2263,3900000.0,Balanagar,balanagar,17.47485623141029,78.45058711838686,1150.0,2.0,0.0,1.0,1.0,1.0,1.0,1.0,1.0,1.0,1.0
2264,3900000.0,Gachibowli,gachibowli,17.43818620463587,78.35192198714175,1150.0,2.0,0.0,1.0,1.0,1.0,1.0,1.0,1.0,1.0,1.0
2265,3900000.0,Hitech City,hitechcity,17.45333259937053,78.37437407077309,1150.0,2.0,0.0,1.0,1.0,1.0,1.0,1.0,1.0,1.0,1.0
2266,3900000.0,Madhapur,madhapur,17.447815297983848,78.39084241875916,1150.0,2.0,0.0,1.0,1.0,1.0,1.0,1.0,1.0,1.0,1.0
2267,3900000.0,Kondapur,kondapur,17.464952556653586,78.35742606325269,1150.0,2.0,0.0,1.0,0.0,0.0,1.0,1.0,1.0,1.0,0.0
2268,3900000.0,Other localities,Other,17.480723638806815,78.39024906595864,1150.0,2.0,0.0,1.0,1.0,1.0,1.0,1.0,1.0,1.0,1.0
2269,4876000.0,Narsingi,narsingi,17.389011135333806,78.35934516389472,1200.0,2.0,0.0,1.0,0.0,0.0,1.0,1.0,1.0,1.0,0.0
2270,4367000.0,Narsingi,narsingi,17.389011135333806,78.35934516389472,1100.0,2.0,0.0,1.0,0.0,0.0,1.0,1.0,1.0,1.0,0.0
2271,7600000.0,Other localities,Other,17.455469517055313,78.30264206871318,1600.0,3.0,1.0,1.0,1.0,0.0,1.0,1.0,1.0,1.0,0.0
2272,5587000.0,Other localities,Other,17.521818794398804,78.51088799930999,1510.0,3.0,0.0,1.0,1.0,1.0,1.0,1.0,1.0,1.0,1.0
2273,5050000.0,Other localities,Other,17.521818794398804,78.51088799930999,1365.0,3.0,0.0,1.0,1.0,1.0,1.0,1.0,1.0,1.0,1.0
2274,9300000.0,Other localities,Other,17.371588478956607,78.530216,1691.0,3.0,0.0,0.0,0.0,0.0,1.0,1.0,1.0,1.0,0.0
2275,12400000.0,Begumpet,begumpet,17.440835274566783,78.46346947189383,1725.0,3.0,0.0,0.0,0.0,0.0,1.0,0.0,1.0,1.0,0.0
2276,43500000.0,Madhapur,madhapur,17.447815297983848,78.39084241875916,4070.0,4.0,1.0,1.0,1.0,1.0,1.0,1.0,1.0,1.0,0.0
2277,35000000.0,Madhapur,madhapur,17.447815297983848,78.39084241875916,3430.0,3.0,1.0,1.0,1.0,1.0,1.0,1.0,1.0,1.0,0.0
2278,6300000.0,Manikonda,manikonda,17.404881913358253,78.37812983145022,1100.0,2.0,0.0,0.0,0.0,0.0,1.0,1.0,1.0,0.0,0.0
2279,7000000.0,Tarnaka,tarnaka,17.428136635178678,78.53931921817022,1450.0,3.0,1.0,0.0,0.0,0.0,1.0,1.0,1.0,1.0,0.0
2280,26500000.0,Gachibowli,gachibowli,17.43818620463587,78.35192198714175,3434.0,4.0,1.0,1.0,1.0,1.0,1.0,1.0,1.0,1.0,1.0
2281,9900000.0,Manikonda,manikonda,17.404881913358253,78.37812983145022,1314.0,2.0,1.0,1.0,1.0,1.0,1.0,1.0,1.0,1.0,0.0
2282,24000000.0,Banjara Hills,banjarahills,17.415356872116416,78.43933349579677,3474.0,4.0,0.0,0.0,0.0,0.0,1.0,1.0,1.0,1.0,0.0
2283,31000000.0,Jubilee Hills,jubileehills,17.4321415472508,78.41327145544938,4600.0,4.0,1.0,0.0,0.0,0.0,1.0,0.0,1.0,1.0,0.0
2284,6000000.0,Other localities,Other,17.37158956847865,78.54478766858719,1250.0,2.0,1.0,1.0,1.0,0.0,0.0,1.0,0.0,1.0,0.0
2285,12500000.0,Other localities,Other,17.404326894309648,78.48588952177145,2100.0,3.0,1.0,0.0,0.0,0.0,0.0,0.0,0.0,1.0,0.0
2286,5500000.0,Other localities,Other,17.401160525513312,78.49964699874191,1150.0,2.0,1.0,0.0,0.0,0.0,0.0,0.0,1.0,0.0,0.0
2287,42000000.0,Madhapur,madhapur,17.447815297983848,78.39084241875916,4070.0,4.0,1.0,1.0,1.0,1.0,1.0,1.0,1.0,1.0,0.0
2288,9000000.0,Kukatpally,kukatpally,17.492910498045475,78.39886107029278,1695.0,3.0,1.0,1.0,1.0,1.0,1.0,1.0,1.0,1.0,1.0
2289,15500000.0,Nanakramguda,nanakramguda,17.422396189571867,78.344593041929,2460.0,3.0,1.0,1.0,1.0,1.0,1.0,1.0,1.0,1.0,1.0
2290,11000000.0,Kondapur,kondapur,17.464952556653586,78.35742606325269,2000.0,3.0,1.0,1.0,1.0,1.0,1.0,1.0,1.0,1.0,1.0
2291,50000000.0,Banjara Hills,banjarahills,17.415356872116416,78.43933349579677,3695.0,4.0,1.0,1.0,1.0,1.0,1.0,1.0,1.0,1.0,0.0
2292,15000000.0,Nanakramguda,nanakramguda,17.422396189571867,78.344593041929,2220.0,3.0,1.0,1.0,1.0,1.0,1.0,1.0,1.0,1.0,1.0
2293,8500000.0,Other localities,Other,17.385,78.4867,1822.0,3.0,1.0,0.0,0.0,0.0,1.0,1.0,1.0,1.0,0.0
2294,5000000.0,Other localities,Other,17.491100648379927,78.54404478575385,1595.0,3.0,1.0,0.0,0.0,0.0,1.0,1.0,1.0,1.0,0.0
2295,12600000.0,Eastmarredpally,eastmarredpally,17.446890707880414,78.5137535050642,1535.0,3.0,0.0,0.0,0.0,0.0,1.0,1.0,1.0,1.0,0.0
2296,5000000.0,Other localities,Other,17.44139289738286,78.25988430444247,1665.0,3.0,0.0,1.0,1.0,1.0,1.0,1.0,1.0,1.0,1.0
2297,11000000.0,Kukatpally,kukatpally,17.492910498045475,78.39886107029278,1278.0,2.0,1.0,1.0,1.0,1.0,1.0,1.0,1.0,1.0,1.0
2298,18500000.0,Kukatpally,kukatpally,17.492910498045475,78.39886107029278,2600.0,4.0,1.0,1.0,1.0,1.0,1.0,1.0,1.0,1.0,0.0
2299,20000000.0,Hitech City,hitechcity,17.45333259937053,78.37437407077309,2500.0,3.0,0.0,1.0,1.0,1.0,1.0,1.0,1.0,1.0,1.0
2300,12600000.0,Eastmarredpally,eastmarredpally,17.446890707880414,78.5137535050642,1535.0,3.0,0.0,0.0,0.0,0.0,1.0,1.0,1.0,1.0,0.0
2301,15500000.0,Nanakramguda,nanakramguda,17.422396189571867,78.344593041929,2460.0,3.0,1.0,1.0,1.0,1.0,1.0,1.0,1.0,1.0,1.0
2302,18000000.0,Nanakramguda,nanakramguda,17.422396189571867,78.344593041929,2270.0,3.0,0.0,1.0,1.0,1.0,1.0,1.0,1.0,1.0,1.0
2303,12000000.0,Nanakramguda,nanakramguda,17.422396189571867,78.344593041929,1600.0,3.0,0.0,1.0,1.0,1.0,1.0,1.0,1.0,1.0,1.0
2304,4000000.0,Other localities,Other,17.46439249045413,78.54195823929135,1000.0,2.0,1.0,0.0,0.0,0.0,0.0,1.0,1.0,1.0,0.0
2305,4566000.0,Nizampet,nizampet,17.515834368956,78.38332726613078,1180.0,2.0,0.0,0.0,0.0,0.0,0.0,1.0,0.0,1.0,0.0
2306,3829999.0,Bachupally,bachupally,17.541673105765128,78.36649211721665,1100.0,2.0,1.0,0.0,0.0,0.0,0.0,0.0,0.0,1.0,0.0
2307,32000000.0,Gachibowli,gachibowli,17.43818620463587,78.35192198714175,3180.0,3.0,1.0,1.0,1.0,1.0,1.0,1.0,1.0,1.0,1.0
2308,9300000.0,Other localities,Other,17.371588478956607,78.530216,1691.0,3.0,0.0,0.0,0.0,0.0,1.0,0.0,1.0,1.0,0.0
2309,9300000.0,Other localities,Other,17.371588478956607,78.530216,1691.0,3.0,1.0,0.0,0.0,0.0,1.0,0.0,1.0,1.0,0.0
2310,9300000.0,Other localities,Other,17.371588478956607,78.530216,1691.0,3.0,1.0,0.0,0.0,0.0,1.0,0.0,1.0,1.0,0.0
2311,60000000.0,Nanakramguda,nanakramguda,17.422396189571867,78.344593041929,5440.0,4.0,1.0,1.0,1.0,1.0,1.0,1.0,1.0,1.0,1.0
2312,19800000.0,Jubilee Hills,jubileehills,17.4321415472508,78.41327145544938,2850.0,3.0,0.0,0.0,0.0,0.0,1.0,0.0,1.0,1.0,0.0
2313,27500000.0,Banjara Hills,banjarahills,17.415356872116416,78.43933349579677,3556.0,4.0,1.0,0.0,0.0,0.0,0.0,0.0,1.0,1.0,0.0
2314,5500000.0,Other localities,Other,17.49627677991907,78.33088805401513,1300.0,3.0,1.0,0.0,0.0,0.0,0.0,0.0,1.0,1.0,0.0
2315,4500000.0,Other localities,Other,17.385,78.4867,1050.0,2.0,1.0,0.0,0.0,0.0,0.0,1.0,1.0,1.0,0.0
2316,15000000.0,Manikonda,manikonda,17.404881913358253,78.37812983145022,2566.0,4.0,1.0,1.0,1.0,1.0,1.0,1.0,1.0,1.0,1.0
2317,4000000.0,Other localities,Other,17.385,78.4867,1100.0,2.0,1.0,0.0,0.0,0.0,0.0,1.0,1.0,1.0,0.0
2318,9000000.0,Other localities,Other,17.45845174023456,78.4884067204474,1980.0,3.0,1.0,0.0,0.0,0.0,0.0,1.0,1.0,1.0,0.0
2319,3500000.0,Other localities,Other,17.47972201502337,78.48056242902659,1436.0,3.0,1.0,0.0,0.0,0.0,0.0,1.0,1.0,1.0,0.0
2320,22000000.0,West Marredpally,westmarredpally,17.45078209501182,78.50513277521213,4000.0,4.0,1.0,0.0,0.0,0.0,1.0,1.0,1.0,1.0,0.0
2321,3500000.0,Other localities,Other,17.468482504305893,78.53787518197723,1000.0,2.0,1.0,0.0,0.0,0.0,0.0,1.0,1.0,1.0,0.0
2322,4500000.0,Other localities,Other,17.385,78.4867,1050.0,2.0,1.0,0.0,0.0,0.0,0.0,1.0,1.0,1.0,0.0
2323,9782000.0,Gachibowli,gachibowli,17.43818620463587,78.35192198714175,2644.0,3.0,0.0,1.0,1.0,0.0,1.0,1.0,1.0,1.0,0.0
2324,13500000.0,Other localities,Other,17.465236164896645,78.37133116459383,2813.0,3.0,0.0,0.0,1.0,1.0,0.0,0.0,0.0,0.0,0.0
2325,13500000.0,Other localities,Other,17.465236164896645,78.37133116459383,2815.0,3.0,0.0,0.0,1.0,1.0,0.0,0.0,0.0,0.0,0.0
2326,4800000.0,Other localities,Other,17.521818794398804,78.51088799930999,1300.0,2.0,1.0,0.0,0.0,0.0,0.0,1.0,1.0,1.0,0.0
2327,40000000.0,Other localities,Other,17.455469517055313,78.30264206871318,4320.0,4.0,0.0,1.0,1.0,1.0,1.0,1.0,1.0,0.0,1.0
2328,9300000.0,Kukatpally,kukatpally,17.492910498045475,78.39886107029278,1450.0,3.0,0.0,1.0,1.0,1.0,1.0,1.0,1.0,1.0,1.0
2329,7200000.0,Other localities,Other,17.389967943916467,78.37018759966297,1331.0,2.0,1.0,0.0,0.0,0.0,0.0,1.0,1.0,1.0,0.0
2330,17000000.0,Other localities,Other,17.465236164896645,78.37133116459383,2650.0,3.0,1.0,0.0,0.0,0.0,0.0,0.0,0.0,0.0,0.0
2331,11299999.0,Begumpet,begumpet,17.440835274566783,78.46346947189383,1570.0,3.0,0.0,0.0,0.0,0.0,1.0,1.0,1.0,1.0,0.0
2332,14000000.0,Hitech City,hitechcity,17.45333259937053,78.37437407077309,2160.0,3.0,1.0,1.0,1.0,1.0,1.0,1.0,1.0,1.0,1.0
2333,11200000.0,Hitech City,hitechcity,17.45333259937053,78.37437407077309,1580.0,3.0,1.0,1.0,1.0,1.0,1.0,1.0,1.0,1.0,1.0
2334,15500000.0,Hitech City,hitechcity,17.45333259937053,78.37437407077309,2160.0,3.0,1.0,1.0,1.0,1.0,1.0,1.0,1.0,1.0,1.0
2335,5000000.0,Manikonda,manikonda,17.404881913358253,78.37812983145022,970.0,2.0,1.0,0.0,0.0,0.0,0.0,1.0,0.0,1.0,0.0
2336,4000000.0,Other localities,Other,17.389113287023832,78.49385086343706,800.0,2.0,1.0,0.0,0.0,0.0,0.0,0.0,0.0,0.0,0.0
2337,10000000.0,Other localities,Other,17.404326894309648,78.48588952177145,1358.0,3.0,0.0,0.0,0.0,0.0,0.0,0.0,0.0,0.0,0.0
2338,3800000.0,Nizampet,nizampet,17.515834368956,78.38332726613078,1145.0,2.0,0.0,0.0,0.0,0.0,0.0,1.0,1.0,0.0,0.0
2339,14000000.0,Other localities,Other,17.405722384957496,78.4836147643961,2000.0,3.0,0.0,0.0,0.0,0.0,0.0,0.0,0.0,0.0,0.0
2340,13400000.0,Eastmarredpally,eastmarredpally,17.446890707880414,78.5137535050642,2075.0,3.0,0.0,0.0,0.0,0.0,0.0,1.0,1.0,1.0,0.0
2341,7500000.0,Malkajgiri,malkajgiri,17.450858656897257,78.53212012652476,1600.0,3.0,0.0,0.0,0.0,0.0,0.0,1.0,1.0,1.0,0.0
2342,4000000.0,Other localities,Other,17.385,78.4867,1230.0,2.0,1.0,0.0,0.0,0.0,0.0,1.0,1.0,1.0,0.0
2343,7200000.0,Eastmarredpally,eastmarredpally,17.446890707880414,78.5137535050642,1060.0,2.0,1.0,0.0,0.0,0.0,0.0,1.0,1.0,1.0,0.0
2344,37500000.0,Gachibowli,gachibowli,17.43818620463587,78.35192198714175,3325.0,3.0,1.0,1.0,1.0,1.0,1.0,1.0,1.0,1.0,1.0
2345,8500000.0,West Marredpally,westmarredpally,17.45078209501182,78.50513277521213,1822.0,3.0,1.0,0.0,0.0,0.0,0.0,1.0,1.0,1.0,0.0
2346,14000000.0,West Marredpally,westmarredpally,17.45078209501182,78.50513277521213,2115.0,3.0,1.0,0.0,0.0,0.0,0.0,1.0,1.0,1.0,0.0
2347,4000000.0,Other localities,Other,17.46439249045413,78.54195823929135,880.0,2.0,1.0,0.0,0.0,0.0,0.0,1.0,1.0,1.0,0.0
2348,4600000.0,Malkajgiri,malkajgiri,17.450858656897257,78.53212012652476,925.0,2.0,1.0,0.0,0.0,0.0,0.0,1.0,1.0,1.0,0.0
2349,6200000.0,Other localities,Other,17.506353435137598,78.54147630859552,1554.0,3.0,0.0,0.0,0.0,0.0,0.0,1.0,1.0,1.0,0.0
2350,2400000.0,Other localities,Other,17.531797199113548,78.27282419319374,1000.0,2.0,0.0,0.0,0.0,0.0,0.0,0.0,0.0,0.0,0.0
2351,4750000.0,Other localities,Other,17.531797199113548,78.27282419319374,1650.0,3.0,0.0,0.0,0.0,0.0,0.0,0.0,0.0,0.0,0.0
2352,4750000.0,Other localities,Other,17.531797199113548,78.27282419319374,1475.0,3.0,0.0,0.0,0.0,0.0,0.0,0.0,0.0,0.0,0.0
2353,4650000.0,Other localities,Other,17.531797199113548,78.27282419319374,1450.0,3.0,0.0,0.0,0.0,0.0,0.0,0.0,0.0,0.0,0.0
2354,61400000.0,Banjara Hills,banjarahills,17.415356872116416,78.43933349579677,4730.0,4.0,1.0,0.0,0.0,0.0,0.0,0.0,0.0,0.0,0.0
2355,7567000.0,Other localities,Other,17.40499710457858,78.56754575350816,1645.0,3.0,1.0,0.0,0.0,0.0,0.0,0.0,0.0,0.0,0.0
2356,7222000.0,Other localities,Other,17.40499710457858,78.56754575350816,1605.0,3.0,1.0,0.0,0.0,0.0,0.0,0.0,0.0,0.0,0.0
2357,12400000.0,Begumpet,begumpet,17.440835274566783,78.46346947189383,1725.0,3.0,0.0,0.0,0.0,0.0,1.0,0.0,1.0,1.0,0.0
2358,11000000.0,Begumpet,begumpet,17.440835274566783,78.46346947189383,1525.0,3.0,0.0,0.0,0.0,0.0,1.0,0.0,1.0,1.0,0.0
2359,11000000.0,Begumpet,begumpet,17.440835274566783,78.46346947189383,1525.0,3.0,0.0,0.0,0.0,0.0,1.0,1.0,1.0,1.0,0.0
2360,29500000.0,Other localities,Other,17.465236164896645,78.37133116459383,3883.0,4.0,1.0,0.0,0.0,0.0,0.0,0.0,0.0,0.0,0.0
2361,57500000.0,Nanakramguda,nanakramguda,17.422396189571867,78.344593041929,5440.0,4.0,1.0,1.0,1.0,1.0,0.0,1.0,0.0,1.0,0.0
2362,24000000.0,Hitech City,hitechcity,17.45333259937053,78.37437407077309,3031.0,4.0,0.0,1.0,1.0,1.0,1.0,1.0,1.0,1.0,1.0
2363,15500000.0,Nallagandla,nallagandlagachibowli,17.43818620463587,78.35192198714175,1860.0,3.0,1.0,1.0,1.0,1.0,1.0,1.0,1.0,1.0,1.0
2364,7875000.0,Puppalaguda,puppalaguda,17.398543308160374,78.37822984533346,1875.0,3.0,0.0,1.0,1.0,1.0,1.0,1.0,0.0,1.0,1.0
2365,7429000.0,Gachibowli,gachibowli,17.43818620463587,78.35192198714175,2008.0,3.0,0.0,0.0,0.0,0.0,0.0,0.0,0.0,0.0,0.0
2366,8500000.0,Other localities,Other,17.455469517055313,78.30264206871318,1290.0,2.0,1.0,1.0,1.0,1.0,1.0,1.0,1.0,1.0,1.0
2367,14000000.0,Hitech City,hitechcity,17.45333259937053,78.37437407077309,2160.0,3.0,1.0,1.0,1.0,1.0,1.0,1.0,1.0,1.0,1.0
2368,3500000.0,Other localities,Other,17.337288234213013,78.49269166810554,1000.0,3.0,1.0,0.0,0.0,0.0,0.0,0.0,0.0,0.0,0.0
2369,4140000.0,Bachupally,bachupally,17.541673105765128,78.36649211721665,1150.0,2.0,0.0,0.0,0.0,0.0,1.0,1.0,1.0,0.0,0.0
2370,4680000.0,Nizampet,nizampet,17.515834368956,78.38332726613078,1170.0,2.0,0.0,0.0,0.0,0.0,1.0,1.0,1.0,1.0,1.0
2371,33000000.0,Madhapur,madhapur,17.447815297983848,78.39084241875916,4305.0,4.0,0.0,1.0,1.0,1.0,1.0,1.0,1.0,1.0,1.0
2372,13400000.0,Kondapur,kondapur,17.464952556653586,78.35742606325269,2800.0,3.0,0.0,1.0,1.0,0.0,0.0,0.0,1.0,0.0,0.0
2373,5700000.0,Other localities,Other,17.45465076745733,78.50225637268348,1500.0,3.0,0.0,0.0,0.0,0.0,0.0,0.0,1.0,0.0,0.0
2374,4620000.0,Other localities,Other,17.492910498045475,78.39886107029278,1620.0,3.0,0.0,1.0,1.0,1.0,1.0,1.0,1.0,1.0,0.0
2375,3900000.0,Other localities,Other,17.492910498045475,78.39886107029278,1368.0,3.0,0.0,1.0,1.0,1.0,1.0,1.0,1.0,1.0,0.0
2376,6277000.0,Kukatpally,kukatpally,17.492910498045475,78.39886107029278,1090.0,2.0,0.0,1.0,1.0,1.0,1.0,1.0,1.0,1.0,0.0
2377,7019000.0,Kukatpally,kukatpally,17.492910498045475,78.39886107029278,1230.0,2.0,0.0,1.0,1.0,1.0,1.0,1.0,1.0,1.0,1.0
2378,8105000.0,Kukatpally,kukatpally,17.492910498045475,78.39886107029278,1435.0,3.0,0.0,1.0,1.0,1.0,1.0,1.0,1.0,1.0,0.0
2379,8181999.0,Miyapur,miyapur,17.503473552989245,78.35121638270526,1115.0,2.0,0.0,1.0,1.0,1.0,1.0,1.0,1.0,1.0,1.0
2380,10900000.0,Miyapur,miyapur,17.503473552989245,78.35121638270526,1945.0,3.0,0.0,1.0,1.0,1.0,1.0,1.0,1.0,1.0,1.0
2381,14000000.0,Other localities,Other,17.407026280159073,78.5114213594436,1616.0,3.0,1.0,1.0,1.0,1.0,1.0,1.0,1.0,1.0,1.0
2382,4400000.0,Other localities,Other,17.50394729089415,78.46719040643906,1100.0,2.0,0.0,0.0,0.0,0.0,0.0,0.0,0.0,0.0,0.0
2383,5200000.0,Miyapur,miyapur,17.503473552989245,78.35121638270526,1300.0,2.0,1.0,0.0,0.0,0.0,1.0,1.0,1.0,1.0,0.0
2384,20000000.0,Gachibowli,gachibowli,17.43818620463587,78.35192198714175,2690.0,3.0,0.0,0.0,0.0,0.0,0.0,0.0,0.0,0.0,0.0
2385,165000000.0,Gachibowli,gachibowli,17.43818620463587,78.35192198714175,2750.0,3.0,0.0,0.0,0.0,0.0,0.0,0.0,0.0,0.0,0.0
2386,14500000.0,Manikonda,manikonda,17.404881913358253,78.37812983145022,1834.0,3.0,1.0,1.0,1.0,1.0,1.0,1.0,1.0,1.0,0.0
2387,3500000.0,Puppalaguda,puppalaguda,17.398543308160374,78.37822984533346,1091.0,2.0,1.0,0.0,0.0,0.0,0.0,0.0,0.0,1.0,0.0
2388,7500000.0,Other localities,Other,17.385,78.4867,1500.0,3.0,1.0,0.0,0.0,0.0,0.0,0.0,0.0,0.0,0.0
2389,7500000.0,Other localities,Other,17.385,78.4867,1500.0,3.0,0.0,0.0,0.0,0.0,0.0,0.0,0.0,0.0,0.0
2390,15500000.0,Manikonda,manikonda,17.404881913358253,78.37812983145022,1834.0,3.0,1.0,1.0,1.0,1.0,1.0,1.0,1.0,1.0,1.0
2391,10700000.0,Miyapur,miyapur,17.503473552989245,78.35121638270526,1920.0,3.0,0.0,1.0,1.0,1.0,1.0,1.0,1.0,1.0,1.0
2392,10200000.0,Miyapur,miyapur,17.503473552989245,78.35121638270526,1425.0,2.0,0.0,1.0,1.0,1.0,1.0,1.0,1.0,1.0,1.0
2393,4700000.0,Nizampet,nizampet,17.515834368956,78.38332726613078,1220.0,2.0,0.0,0.0,0.0,0.0,0.0,0.0,0.0,0.0,0.0
2394,7400000.0,Other localities,Other,17.414714449893516,78.58427170565938,1615.0,3.0,0.0,0.0,0.0,0.0,0.0,0.0,0.0,0.0,0.0
2395,8500000.0,Other localities,Other,17.393768908462267,78.49610878665564,1540.0,3.0,1.0,0.0,0.0,0.0,0.0,0.0,0.0,0.0,0.0
2396,6000000.0,Eastmarredpally,eastmarredpally,17.446890707880414,78.5137535050642,1400.0,2.0,1.0,0.0,0.0,0.0,0.0,1.0,1.0,1.0,0.0
2397,5200000.0,Other localities,Other,17.50394729089415,78.46719040643906,1200.0,2.0,0.0,0.0,0.0,0.0,0.0,1.0,1.0,1.0,0.0
2398,5500000.0,Other localities,Other,17.514064622137763,78.50238849419748,1425.0,3.0,1.0,0.0,0.0,0.0,0.0,1.0,1.0,1.0,0.0
2399,6500000.0,Other localities,Other,17.446024101569048,78.52200987735985,1580.0,2.0,1.0,0.0,0.0,0.0,0.0,1.0,1.0,1.0,0.0
2400,9293000.0,Nallagandla,nallagandlagachibowli,17.43818620463587,78.35192198714175,1844.0,3.0,0.0,1.0,1.0,1.0,1.0,1.0,1.0,1.0,1.0
2401,10600000.0,Nallagandla,nallagandlagachibowli,17.43818620463587,78.35192198714175,2120.0,3.0,0.0,1.0,1.0,1.0,1.0,1.0,1.0,1.0,1.0
2402,6500000.0,Other localities,Other,17.480723638806815,78.39024906595864,1000.0,2.0,0.0,0.0,0.0,0.0,0.0,0.0,1.0,1.0,0.0
2403,6000000.0,Other localities,Other,17.480723638806815,78.39024906595864,965.0,2.0,0.0,0.0,0.0,0.0,1.0,0.0,0.0,1.0,0.0
2404,19500000.0,Other localities,Other,17.36207923287518,78.40747556516669,2500.0,4.0,1.0,1.0,1.0,1.0,1.0,1.0,1.0,1.0,0.0
2405,4200000.0,Other localities,Other,17.30751674931101,78.50992936346337,1100.0,2.0,1.0,0.0,0.0,0.0,0.0,0.0,0.0,0.0,0.0
2406,4000000.0,Other localities,Other,17.342403866180586,78.53243168202744,875.0,2.0,1.0,0.0,0.0,0.0,0.0,0.0,0.0,0.0,0.0
2407,8000000.0,Other localities,Other,17.3291218570546,78.55011520503577,1610.0,3.0,0.0,0.0,0.0,0.0,0.0,0.0,0.0,0.0,0.0
2408,8520000.0,Other localities,Other,17.399036352612555,78.50564080285866,1420.0,3.0,0.0,0.0,0.0,0.0,0.0,0.0,1.0,1.0,0.0
2409,17300000.0,Nanakramguda,nanakramguda,17.422396189571867,78.344593041929,2460.0,3.0,1.0,1.0,1.0,1.0,1.0,1.0,1.0,1.0,1.0
2410,32500000.0,Hitech City,hitechcity,17.45333259937053,78.37437407077309,3250.0,4.0,1.0,1.0,1.0,1.0,1.0,1.0,1.0,1.0,1.0
2411,4070000.0,Other localities,Other,17.506353435137598,78.54147630859552,1100.0,2.0,1.0,0.0,0.0,0.0,0.0,0.0,0.0,0.0,0.0
2412,4070000.0,Other localities,Other,17.506353435137598,78.54147630859552,1100.0,2.0,1.0,0.0,0.0,0.0,0.0,1.0,0.0,1.0,0.0
2413,11200000.0,Kokapet,kokapet,17.39378245928407,78.33970720299747,1735.0,3.0,1.0,1.0,1.0,1.0,1.0,1.0,0.0,1.0,1.0
2414,6342000.0,Puppalaguda,puppalaguda,17.398543308160374,78.37822984533346,1510.0,2.0,0.0,1.0,1.0,1.0,1.0,1.0,0.0,1.0,1.0
2415,5544000.0,Puppalaguda,puppalaguda,17.398543308160374,78.37822984533346,1320.0,2.0,0.0,1.0,1.0,1.0,1.0,1.0,0.0,1.0,1.0
2416,9135000.0,Puppalaguda,puppalaguda,17.398543308160374,78.37822984533346,2175.0,3.0,0.0,1.0,1.0,1.0,1.0,1.0,0.0,1.0,1.0
2417,8316000.0,Puppalaguda,puppalaguda,17.398543308160374,78.37822984533346,1980.0,3.0,0.0,1.0,1.0,1.0,1.0,1.0,0.0,1.0,1.0
2418,6552000.0,Puppalaguda,puppalaguda,17.398543308160374,78.37822984533346,1560.0,3.0,0.0,1.0,1.0,1.0,1.0,1.0,0.0,1.0,1.0
2419,8400000.0,Puppalaguda,puppalaguda,17.398543308160374,78.37822984533346,2000.0,3.0,0.0,1.0,1.0,1.0,1.0,1.0,0.0,1.0,1.0
2420,8421000.0,Puppalaguda,puppalaguda,17.398543308160374,78.37822984533346,2005.0,3.0,0.0,1.0,1.0,1.0,1.0,1.0,0.0,1.0,1.0
2421,5628000.0,Puppalaguda,puppalaguda,17.398543308160374,78.37822984533346,1340.0,2.0,0.0,1.0,1.0,1.0,1.0,1.0,0.0,1.0,1.0
2422,7895999.0,Puppalaguda,puppalaguda,17.398543308160374,78.37822984533346,1880.0,3.0,0.0,1.0,1.0,1.0,1.0,1.0,0.0,1.0,1.0
2423,5943000.0,Puppalaguda,puppalaguda,17.398543308160374,78.37822984533346,1415.0,2.0,0.0,1.0,1.0,1.0,1.0,1.0,0.0,1.0,1.0
2424,9156000.0,Puppalaguda,puppalaguda,17.398543308160374,78.37822984533346,2180.0,3.0,0.0,1.0,1.0,1.0,1.0,1.0,0.0,1.0,1.0
2425,9198000.0,Puppalaguda,puppalaguda,17.398543308160374,78.37822984533346,2190.0,3.0,0.0,1.0,1.0,1.0,1.0,1.0,0.0,1.0,1.0
2426,6720000.0,Puppalaguda,puppalaguda,17.398543308160374,78.37822984533346,1600.0,3.0,0.0,1.0,1.0,1.0,1.0,1.0,0.0,1.0,1.0
2427,17000000.0,Hitech City,hitechcity,17.45333259937053,78.37437407077309,2260.0,3.0,0.0,1.0,1.0,1.0,1.0,1.0,1.0,1.0,1.0
2428,15000000.0,Hitech City,hitechcity,17.45333259937053,78.37437407077309,2015.0,3.0,0.0,1.0,1.0,1.0,1.0,1.0,1.0,1.0,1.0
2429,4500000.0,Kollurroad,kollurroad,17.44139289738286,78.25988430444247,1250.0,2.0,0.0,0.0,0.0,0.0,0.0,0.0,0.0,0.0,0.0
2430,3503000.0,Miyapur,miyapur,17.503473552989245,78.35121638270526,1001.0,2.0,0.0,0.0,0.0,0.0,0.0,0.0,0.0,0.0,0.0
2431,5600000.0,Other localities,Other,17.317393238095686,78.47599417943,1551.0,3.0,0.0,0.0,0.0,0.0,0.0,0.0,0.0,0.0,0.0
2432,7500000.0,Jubilee Hills,jubileehills,17.4321415472508,78.41327145544938,3000.0,3.0,1.0,0.0,0.0,0.0,0.0,0.0,1.0,0.0,1.0
2433,4600000.0,Kollurroad,kollurroad,17.44139289738286,78.25988430444247,1245.0,2.0,0.0,0.0,0.0,0.0,0.0,0.0,0.0,0.0,0.0
2434,7500000.0,Attapur,attapur,17.366046499919246,78.42716799129866,1100.0,2.0,0.0,1.0,1.0,1.0,1.0,1.0,1.0,1.0,1.0
2435,8105000.0,Kompally,kompally,17.53598128028764,78.48216571304735,1725.0,3.0,0.0,1.0,1.0,1.0,1.0,1.0,1.0,1.0,1.0
2436,6277000.0,Kukatpally,kukatpally,17.492910498045475,78.39886107029278,1435.0,3.0,0.0,1.0,1.0,1.0,1.0,1.0,1.0,1.0,1.0
2437,7019000.0,Kukatpally,kukatpally,17.492910498045475,78.39886107029278,1090.0,2.0,0.0,1.0,1.0,1.0,1.0,1.0,1.0,1.0,1.0
2438,4800000.0,Kukatpally,kukatpally,17.492910498045475,78.39886107029278,1230.0,2.0,0.0,1.0,1.0,1.0,1.0,1.0,1.0,1.0,1.0
2439,4600000.0,Other localities,Other,17.49314289684469,78.60684983425077,1200.0,2.0,0.0,1.0,1.0,1.0,1.0,1.0,1.0,1.0,1.0
2440,8460000.0,Nizampet,nizampet,17.515834368956,78.38332726613078,1150.0,2.0,0.0,1.0,1.0,1.0,1.0,1.0,1.0,1.0,1.0
2441,6675000.0,Chandanagar,chandanagar,17.49522201744739,78.32650600129999,1600.0,3.0,0.0,1.0,1.0,1.0,1.0,1.0,1.0,1.0,1.0
2442,10700000.0,Chandanagar,chandanagar,17.49522201744739,78.32650600129999,1250.0,2.0,0.0,1.0,1.0,1.0,1.0,1.0,1.0,1.0,1.0
2443,10800000.0,Miyapur,miyapur,17.503473552989245,78.35121638270526,1905.0,3.0,0.0,1.0,1.0,1.0,1.0,1.0,1.0,1.0,1.0
2444,7800000.0,Miyapur,miyapur,17.503473552989245,78.35121638270526,1925.0,3.0,0.0,1.0,1.0,1.0,1.0,1.0,1.0,1.0,1.0
2445,3000000.0,Manikonda,manikonda,17.404881913358253,78.37812983145022,2300.0,4.0,1.0,1.0,1.0,1.0,1.0,1.0,1.0,1.0,1.0
2446,32000000.0,Chandanagar,chandanagar,17.49522201744739,78.32650600129999,1045.0,2.0,0.0,1.0,1.0,1.0,1.0,1.0,1.0,1.0,1.0
2447,3690000.0,Madhapur,madhapur,17.447815297983848,78.39084241875916,3190.0,3.0,1.0,1.0,1.0,1.0,1.0,1.0,1.0,1.0,1.0
2448,5700000.0,Beeramguda,beeramguda,17.518769497302298,78.30204857007145,1800.0,2.0,0.0,1.0,1.0,1.0,1.0,1.0,1.0,1.0,1.0
2449,4200000.0,Kollurroad,kollurroad,17.44139289738286,78.25988430444247,1665.0,3.0,0.0,1.0,1.0,1.0,1.0,1.0,1.0,1.0,1.0
2450,2110000.0,Beeramguda,beeramguda,17.518769497302298,78.30204857007145,2000.0,3.0,0.0,1.0,1.0,1.0,1.0,1.0,1.0,1.0,1.0
2451,2114000.0,Beeramguda,beeramguda,17.518769497302298,78.30204857007145,1005.0,3.0,0.0,1.0,1.0,1.0,1.0,1.0,1.0,1.0,1.0
2452,2102000.0,Beeramguda,beeramguda,17.518769497302298,78.30204857007145,1007.0,2.0,0.0,1.0,1.0,1.0,1.0,1.0,1.0,1.0,1.0
2453,2104000.0,Beeramguda,beeramguda,17.518769497302298,78.30204857007145,1001.0,2.0,0.0,1.0,1.0,1.0,1.0,1.0,1.0,1.0,1.0
2454,6500000.0,Beeramguda,beeramguda,17.518769497302298,78.30204857007145,1002.0,2.0,0.0,1.0,1.0,1.0,1.0,1.0,1.0,1.0,1.0
2455,6240000.0,Kollurroad,kollurroad,17.44139289738286,78.25988430444247,1655.0,3.0,0.0,1.0,1.0,1.0,1.0,1.0,1.0,1.0,1.0
2456,8779000.0,Kollurroad,kollurroad,17.44139289738286,78.25988430444247,1650.0,3.0,0.0,1.0,1.0,1.0,1.0,1.0,1.0,1.0,1.0
2457,10100000.0,Nallagandla,nallagandlagachibowli,17.43818620463587,78.35192198714175,1742.0,3.0,0.0,1.0,1.0,1.0,1.0,1.0,1.0,1.0,1.0
2458,11900000.0,Nallagandla,nallagandlagachibowli,17.43818620463587,78.35192198714175,2010.0,3.0,0.0,1.0,1.0,1.0,1.0,1.0,1.0,1.0,1.0
2459,6000000.0,Nallagandla,nallagandlagachibowli,17.43818620463587,78.35192198714175,2380.0,3.0,0.0,1.0,1.0,1.0,1.0,1.0,1.0,1.0,1.0
2460,9991000.0,Other localities,Other,17.3692977315379,78.5278824536924,1045.0,2.0,1.0,1.0,1.0,1.0,1.0,1.0,1.0,1.0,1.0
2461,11399999.0,Kondapur,kondapur,17.464952556653586,78.35742606325269,1630.0,3.0,0.0,1.0,1.0,1.0,1.0,1.0,1.0,1.0,1.0
2462,7240000.0,Kondapur,kondapur,17.464952556653586,78.35742606325269,1885.0,3.0,0.0,1.0,1.0,1.0,1.0,1.0,1.0,1.0,1.0
2463,36000000.0,Kondapur,kondapur,17.464952556653586,78.35742606325269,1165.0,2.0,0.0,1.0,1.0,1.0,1.0,1.0,1.0,1.0,1.0
2464,12600000.0,Gachibowli,gachibowli,17.43818620463587,78.35192198714175,4320.0,5.0,1.0,1.0,1.0,1.0,1.0,1.0,1.0,1.0,1.0
2465,7000000.0,Kondapur,kondapur,17.464952556653586,78.35742606325269,1900.0,3.0,0.0,1.0,1.0,1.0,1.0,1.0,1.0,1.0,1.0
2466,6500000.0,Tolichowki,tolichowki,17.400576920967552,78.41095095845739,3600.0,4.0,1.0,1.0,1.0,1.0,1.0,1.0,1.0,1.0,1.0
2467,5900000.0,Nizampet,nizampet,17.515834368956,78.38332726613078,1700.0,2.0,1.0,1.0,1.0,1.0,1.0,1.0,1.0,1.0,1.0
2468,3200000.0,Lbnagar,lbnagar,17.35158391547192,78.5535823129719,1060.0,2.0,0.0,1.0,1.0,1.0,1.0,1.0,1.0,1.0,1.0
2469,8000000.0,Other localities,Other,17.398454233830904,78.3935680289995,1100.0,2.0,1.0,1.0,1.0,1.0,1.0,1.0,1.0,1.0,1.0
2470,22000000.0,Other localities,Other,17.402424084889383,78.45105142765695,1450.0,3.0,0.0,1.0,1.0,1.0,1.0,1.0,1.0,1.0,1.0
2471,9057000.0,Other localities,Other,17.404326894309648,78.48588952177145,4000.0,5.0,1.0,1.0,1.0,1.0,1.0,1.0,1.0,1.0,1.0
2472,3650000.0,Narsingi,narsingi,17.389011135333806,78.35934516389472,1460.0,2.0,0.0,1.0,1.0,1.0,1.0,1.0,1.0,1.0,1.0
2473,2200000.0,Pragathi Nagar,pragathinagarkukatpally,17.510961666666667,78.3961405,1093.0,2.0,0.0,1.0,1.0,1.0,1.0,1.0,1.0,1.0,1.0
2474,4700000.0,Adibatla,adibatla,17.23166334809472,78.56172179517655,1000.0,2.0,0.0,1.0,1.0,1.0,1.0,1.0,1.0,1.0,1.0
2475,15500000.0,Other localities,Other,17.350069033120185,78.4095244024104,1080.0,2.0,1.0,1.0,1.0,1.0,1.0,1.0,1.0,1.0,1.0
2476,5200000.0,Nanakramguda,nanakramguda,17.422396189571867,78.344593041929,2220.0,3.0,1.0,1.0,1.0,1.0,1.0,1.0,1.0,1.0,1.0
2477,7584999.0,Other localities,Other,17.29965786289831,78.56572675654472,1250.0,2.0,0.0,1.0,1.0,1.0,1.0,1.0,1.0,1.0,1.0
2478,13500000.0,Gachibowli,gachibowli,17.43818620463587,78.35192198714175,1945.0,3.0,0.0,1.0,1.0,1.0,1.0,1.0,1.0,1.0,1.0
2479,7584999.0,Kondapur,kondapur,17.464952556653586,78.35742606325269,2815.0,3.0,0.0,1.0,1.0,1.0,1.0,1.0,1.0,1.0,1.0
2480,14600000.0,Gachibowli,gachibowli,17.43818620463587,78.35192198714175,1945.0,3.0,0.0,1.0,1.0,1.0,1.0,1.0,1.0,1.0,1.0
2481,19600000.0,Nanakramguda,nanakramguda,17.422396189571867,78.344593041929,2220.0,3.0,1.0,1.0,1.0,1.0,1.0,1.0,1.0,1.0,1.0
2482,12500000.0,Kondapur,kondapur,17.464952556653586,78.35742606325269,2225.0,3.0,1.0,1.0,1.0,1.0,1.0,1.0,1.0,1.0,1.0
2483,4400000.0,Kondapur,kondapur,17.464952556653586,78.35742606325269,1880.0,3.0,1.0,1.0,1.0,1.0,1.0,1.0,1.0,1.0,1.0
2484,18500000.0,Bachupally,bachupally,17.541673105765128,78.36649211721665,1146.0,2.0,0.0,1.0,1.0,1.0,1.0,1.0,1.0,1.0,1.0
2485,13200000.0,Manikonda,manikonda,17.404881913358253,78.37812983145022,2460.0,3.0,0.0,1.0,1.0,1.0,1.0,1.0,1.0,1.0,1.0
2486,10000000.0,Nanakramguda,nanakramguda,17.422396189571867,78.344593041929,1600.0,3.0,0.0,1.0,1.0,1.0,1.0,1.0,1.0,1.0,1.0
2487,20000000.0,Nanakramguda,nanakramguda,17.422396189571867,78.344593041929,1245.0,2.0,1.0,1.0,1.0,1.0,1.0,1.0,1.0,1.0,1.0
2488,12500000.0,Madhapur,madhapur,17.447815297983848,78.39084241875916,3405.0,3.0,1.0,1.0,1.0,1.0,1.0,1.0,1.0,1.0,1.0
2489,17000000.0,Nallagandla,nallagandlagachibowli,17.43818620463587,78.35192198714175,1860.0,3.0,0.0,1.0,1.0,1.0,1.0,1.0,1.0,1.0,1.0
2490,5000000.0,Other localities,Other,17.397651348863857,78.51732966339205,2585.0,3.0,0.0,1.0,1.0,1.0,1.0,1.0,1.0,1.0,1.0
2491,9000000.0,Other localities,Other,17.486508300593496,78.56780807245762,1197.0,2.0,1.0,1.0,1.0,1.0,1.0,1.0,1.0,1.0,1.0
2492,5250000.0,Other localities,Other,17.393402117390494,78.50934169397813,1485.0,3.0,0.0,1.0,1.0,1.0,1.0,1.0,1.0,1.0,1.0
2493,7750000.0,Other localities,Other,17.398217434230894,78.50488834591364,1250.0,3.0,1.0,1.0,1.0,1.0,1.0,1.0,1.0,1.0,1.0
2494,6250000.0,Other localities,Other,17.398217434230894,78.50488834591364,1550.0,3.0,1.0,1.0,1.0,1.0,1.0,1.0,1.0,1.0,1.0
2495,10300000.0,Other localities,Other,17.398217434230894,78.50488834591364,1250.0,3.0,1.0,1.0,1.0,1.0,1.0,1.0,1.0,1.0,1.0
2496,5500000.0,Other localities,Other,17.385,78.4867,1887.0,2.0,1.0,1.0,1.0,1.0,1.0,1.0,1.0,1.0,1.0
2497,5700000.0,Nacharam,nacharam,17.427714853795678,78.55289423440898,1400.0,3.0,1.0,1.0,1.0,1.0,1.0,1.0,1.0,1.0,1.0
2498,14000000.0,Nacharam,nacharam,17.427714853795678,78.55289423440898,1050.0,2.0,0.0,1.0,1.0,1.0,1.0,1.0,1.0,1.0,1.0
2499,5500000.0,Nacharam,nacharam,17.427714853795678,78.55289423440898,1860.0,4.0,1.0,1.0,1.0,1.0,1.0,1.0,1.0,1.0,1.0
2500,5900000.0,Tarnaka,tarnaka,17.428136635178678,78.53931921817022,1200.0,2.0,1.0,1.0,1.0,1.0,1.0,1.0,1.0,1.0,1.0
2501,5700000.0,Nacharam,nacharam,17.427714853795678,78.55289423440898,1100.0,2.0,1.0,1.0,1.0,1.0,1.0,1.0,1.0,1.0,1.0
2502,5500000.0,Nacharam,nacharam,17.427714853795678,78.55289423440898,1050.0,2.0,0.0,1.0,1.0,1.0,1.0,1.0,1.0,1.0,1.0
2503,3500000.0,Nacharam,nacharam,17.427714853795678,78.55289423440898,1050.0,1.0,1.0,1.0,1.0,1.0,1.0,1.0,1.0,1.0,1.0
2504,10100000.0,Nacharam,nacharam,17.427714853795678,78.55289423440898,1000.0,2.0,1.0,1.0,1.0,1.0,1.0,1.0,1.0,1.0,1.0
2505,4000000.0,Other localities,Other,17.409887383465254,78.5440661847158,1800.0,2.0,0.0,1.0,1.0,1.0,1.0,1.0,1.0,1.0,1.0
2506,14000000.0,Nacharam,nacharam,17.427714853795678,78.55289423440898,961.0,2.0,1.0,1.0,1.0,1.0,1.0,1.0,1.0,1.0,1.0
2507,9800000.0,Other localities,Other,17.409887383465254,78.5440661847158,1650.0,2.0,0.0,1.0,1.0,1.0,1.0,1.0,1.0,1.0,1.0
2508,7500000.0,Other localities,Other,17.409887383465254,78.5440661847158,1550.0,2.0,0.0,1.0,1.0,1.0,1.0,1.0,1.0,1.0,1.0
2509,3800000.0,Nacharam,nacharam,17.427714853795678,78.55289423440898,1260.0,1.0,1.0,1.0,1.0,1.0,1.0,1.0,1.0,1.0,1.0
2510,4000000.0,Nacharam,nacharam,17.427714853795678,78.55289423440898,950.0,1.0,1.0,1.0,1.0,1.0,1.0,1.0,1.0,1.0,1.0
2511,4000000.0,Other localities,Other,17.40499710457858,78.56754575350816,1060.0,2.0,1.0,1.0,1.0,1.0,1.0,1.0,1.0,1.0,1.0
2512,6200000.0,Nacharam,nacharam,17.427714853795678,78.55289423440898,1000.0,1.0,1.0,1.0,1.0,1.0,1.0,1.0,1.0,1.0,1.0
2513,11000000.0,Nacharam,nacharam,17.427714853795678,78.55289423440898,1460.0,2.0,1.0,1.0,1.0,1.0,1.0,1.0,1.0,1.0,1.0
2514,26000000.0,Manikonda,manikonda,17.404881913358253,78.37812983145022,1314.0,2.0,1.0,1.0,1.0,1.0,1.0,1.0,1.0,1.0,1.0
2515,13300000.0,Madhapur,madhapur,17.447815297983848,78.39084241875916,2625.0,3.0,1.0,1.0,1.0,1.0,1.0,1.0,1.0,1.0,1.0
2516,10800000.0,Hitech City,hitechcity,17.45333259937053,78.37437407077309,2050.0,3.0,0.0,1.0,1.0,1.0,1.0,1.0,1.0,1.0,1.0
2517,10400000.0,Narsingi,narsingi,17.389011135333806,78.35934516389472,1805.0,3.0,0.0,1.0,1.0,1.0,1.0,1.0,1.0,1.0,1.0
